
SET NAMES utf8mb4;
SET FOREIGN_KEY_CHECKS = 0;

-- ----------------------------
-- Table structure for act_business_status
-- ----------------------------
DROP TABLE IF EXISTS `act_business_status`;
CREATE TABLE `act_business_status`  (
  `business_key` varchar(64) CHARACTER SET utf8mb4 COLLATE utf8mb4_0900_ai_ci NOT NULL COMMENT '业务ID',
  `process_instance_id` varchar(64) CHARACTER SET utf8mb4 COLLATE utf8mb4_0900_ai_ci NULL DEFAULT NULL COMMENT '流程实例ID',
  `status` varchar(64) CHARACTER SET utf8mb4 COLLATE utf8mb4_0900_ai_ci NULL DEFAULT NULL COMMENT '状态',
  `create_time` datetime(0) NOT NULL COMMENT '创建时间',
  `update_time` datetime(0) NOT NULL COMMENT '更新时间',
  `id` varchar(64) CHARACTER SET utf8mb4 COLLATE utf8mb4_0900_ai_ci NOT NULL,
  `class_full_name` varchar(255) CHARACTER SET utf8mb4 COLLATE utf8mb4_0900_ai_ci NULL DEFAULT NULL COMMENT '全类名',
  `create_by` varchar(255) CHARACTER SET utf8mb4 COLLATE utf8mb4_0900_ai_ci NOT NULL COMMENT '创建人',
  `update_by` varchar(255) CHARACTER SET utf8mb4 COLLATE utf8mb4_0900_ai_ci NOT NULL COMMENT '更新人',
  `suspended_reason` varchar(1000) CHARACTER SET utf8mb4 COLLATE utf8mb4_0900_ai_ci NULL DEFAULT NULL COMMENT '挂起流程原因',
  PRIMARY KEY (`id`) USING BTREE
) ENGINE = InnoDB CHARACTER SET = utf8mb4 COLLATE = utf8mb4_0900_ai_ci COMMENT = '业务状态实体表' ROW_FORMAT = Dynamic;

-- ----------------------------
-- Records of act_business_status
-- ----------------------------
INSERT INTO `act_business_status` VALUES ('1497437792777134082', '1542457093437792258', 'finish', '2022-06-30 18:36:43', '2022-06-30 18:37:03', '1542457094343761921', 'com.ruoyi.demo.domain.BsLeave', 'admin', 'admin', NULL);

-- ----------------------------
-- Table structure for act_evt_log
-- ----------------------------
DROP TABLE IF EXISTS `act_evt_log`;
CREATE TABLE `act_evt_log`  (
  `LOG_NR_` bigint(20) NOT NULL AUTO_INCREMENT,
  `TYPE_` varchar(64) CHARACTER SET utf8 COLLATE utf8_bin NULL DEFAULT NULL,
  `PROC_DEF_ID_` varchar(64) CHARACTER SET utf8 COLLATE utf8_bin NULL DEFAULT NULL,
  `PROC_INST_ID_` varchar(64) CHARACTER SET utf8 COLLATE utf8_bin NULL DEFAULT NULL,
  `EXECUTION_ID_` varchar(64) CHARACTER SET utf8 COLLATE utf8_bin NULL DEFAULT NULL,
  `TASK_ID_` varchar(64) CHARACTER SET utf8 COLLATE utf8_bin NULL DEFAULT NULL,
  `TIME_STAMP_` timestamp(3) NOT NULL DEFAULT CURRENT_TIMESTAMP(3),
  `USER_ID_` varchar(255) CHARACTER SET utf8 COLLATE utf8_bin NULL DEFAULT NULL,
  `DATA_` longblob NULL,
  `LOCK_OWNER_` varchar(255) CHARACTER SET utf8 COLLATE utf8_bin NULL DEFAULT NULL,
  `LOCK_TIME_` timestamp(3) NULL DEFAULT NULL,
  `IS_PROCESSED_` tinyint(4) NULL DEFAULT 0,
  PRIMARY KEY (`LOG_NR_`) USING BTREE
) ENGINE = InnoDB AUTO_INCREMENT = 1 CHARACTER SET = utf8 COLLATE = utf8_bin ROW_FORMAT = Dynamic;

-- ----------------------------
-- Table structure for act_full_class
-- ----------------------------
DROP TABLE IF EXISTS `act_full_class`;
CREATE TABLE `act_full_class`  (
  `id` bigint(20) NOT NULL COMMENT 'id',
  `full_class` varchar(255) CHARACTER SET utf8mb4 COLLATE utf8mb4_general_ci NOT NULL COMMENT '全类名',
  `method` varchar(255) CHARACTER SET utf8mb4 COLLATE utf8mb4_general_ci NOT NULL COMMENT '方法名',
  `remark` varchar(1000) CHARACTER SET utf8mb4 COLLATE utf8mb4_general_ci NULL DEFAULT NULL COMMENT '备注',
  `create_time` datetime(0) NOT NULL COMMENT '创建时间',
  `update_time` datetime(0) NOT NULL COMMENT '更新时间',
  `create_by` varchar(255) CHARACTER SET utf8mb4 COLLATE utf8mb4_general_ci NOT NULL COMMENT '创建人',
  `update_by` varchar(255) CHARACTER SET utf8mb4 COLLATE utf8mb4_general_ci NOT NULL COMMENT '更新人',
  PRIMARY KEY (`id`) USING BTREE
) ENGINE = InnoDB CHARACTER SET = utf8mb4 COLLATE = utf8mb4_general_ci COMMENT = '业务规则' ROW_FORMAT = Dynamic;

-- ----------------------------
-- Records of act_full_class
-- ----------------------------
INSERT INTO `act_full_class` VALUES (1471758168763731969, 'com.ruoyi.workflow.rule.WorkflowRuleUserService', 'queryUserById', '1', '2021-12-17 16:24:26', '2022-03-25 13:24:14', 'admin', 'admin');

-- ----------------------------
-- Table structure for act_full_class_param
-- ----------------------------
DROP TABLE IF EXISTS `act_full_class_param`;
CREATE TABLE `act_full_class_param`  (
  `id` bigint(20) NOT NULL COMMENT 'id',
  `param_type` varchar(255) CHARACTER SET utf8mb4 COLLATE utf8mb4_general_ci NOT NULL COMMENT '参数类型',
  `param` varchar(255) CHARACTER SET utf8mb4 COLLATE utf8mb4_general_ci NOT NULL COMMENT '参数',
  `remark` varchar(1000) CHARACTER SET utf8mb4 COLLATE utf8mb4_general_ci NULL DEFAULT NULL COMMENT '备注',
  `full_class_id` bigint(20) NULL DEFAULT NULL COMMENT '业务规则id',
  `order_no` int(11) NOT NULL COMMENT '排序',
  `create_time` datetime(0) NOT NULL COMMENT '创建时间',
  `update_time` datetime(0) NOT NULL COMMENT '更新时间',
  `create_by` varchar(255) CHARACTER SET utf8mb4 COLLATE utf8mb4_general_ci NOT NULL COMMENT '创建人',
  `update_by` varchar(255) CHARACTER SET utf8mb4 COLLATE utf8mb4_general_ci NOT NULL COMMENT '更新人',
  PRIMARY KEY (`id`) USING BTREE
) ENGINE = InnoDB CHARACTER SET = utf8mb4 COLLATE = utf8mb4_general_ci COMMENT = '方法参数' ROW_FORMAT = Dynamic;

-- ----------------------------
-- Records of act_full_class_param
-- ----------------------------
INSERT INTO `act_full_class_param` VALUES (1497470588593655809, 'Long', 'userId', '用户id', 1471758168763731969, 1, '2022-02-26 15:16:25', '2022-02-26 15:16:25', 'admin', 'admin');

-- ----------------------------
-- Table structure for act_ge_bytearray
-- ----------------------------
DROP TABLE IF EXISTS `act_ge_bytearray`;
CREATE TABLE `act_ge_bytearray`  (
  `ID_` varchar(64) CHARACTER SET utf8 COLLATE utf8_bin NOT NULL,
  `REV_` int(11) NULL DEFAULT NULL,
  `NAME_` varchar(255) CHARACTER SET utf8 COLLATE utf8_bin NULL DEFAULT NULL,
  `DEPLOYMENT_ID_` varchar(64) CHARACTER SET utf8 COLLATE utf8_bin NULL DEFAULT NULL,
  `BYTES_` longblob NULL,
  `GENERATED_` tinyint(4) NULL DEFAULT NULL,
  PRIMARY KEY (`ID_`) USING BTREE,
  INDEX `ACT_FK_BYTEARR_DEPL`(`DEPLOYMENT_ID_`) USING BTREE,
  CONSTRAINT `act_ge_bytearray_ibfk_1` FOREIGN KEY (`DEPLOYMENT_ID_`) REFERENCES `act_re_deployment` (`ID_`) ON DELETE RESTRICT ON UPDATE RESTRICT
) ENGINE = InnoDB CHARACTER SET = utf8 COLLATE = utf8_bin ROW_FORMAT = Dynamic;

-- ----------------------------
-- Records of act_ge_bytearray
-- ----------------------------
INSERT INTO `act_ge_bytearray` VALUES ('1537728424690884611', 1, 'leave.leave.png', '1537728424690884610', 0x89504E470D0A1A0A0000000D494844520000066600000156080600000073672238000000206348524D00007A26000080840000FA00000080E8000075300000EA6000003A98000017709CBA513C0000000467414D410000B18E7CFB5193000000017352474200AECE1CE900000006624B474400FF00FF00FFA0BDA793000000097048597300000EC400000EC401952B0E1B000020004944415478DAECDD097C94C5F9C0F1778F241B92D42041C21F908888808888CA2D060F90CB52414411894211148AC8A18240101422A2452A54C4A2AD28671544E4A8182E2B7288112D0242B84A80448E40B249F6F8CFB3D9375D6212726E76B3BFEFE733648F770F66E79D79E77DDE99D1340000000000000000000000000000000000000000000000000000000000000000000000000000000000000000000000029C812C000000708954A98D4A2D54B2901D656653699F4A892AA5921D0000000000E4223003000002DA35D75CD3D96C36BF96929272B3C3E1309223E54FE5EF169BCD3649CB0DD2000000000010D008CC0000804055B74E9D3ACB4F9C38D15AEE84858539DBB56B676FD6AC9943DD2677CAE8D2A54B5A7272B271FDFAF526755B3FE65CABD208950E9243000000008040456006000004A2989A356B7E77E6CC99C81A356A38870D1B96336EDCB8EC888808275953BED2D3D30D73E7CE0D9A397366705A5A9A1C7B1E57E94E9592C91D0000000040202230030000024DDD9A356BFE2041998E1D3BDA3FFCF0C3CC7AF5EA5D169099366D5AF0CA952BCD8A66341AB5C18307E73CF1C41339645DE9A9FC36F4EFDFDFB261C306B3961B9CE9A43172060000000010804C64010000082475EAD4599F9292D2508232AB57AFCEAC59B3665E50C666B369B7DF7E7BD8D6AD5BCD070E1C301E3D7AD4E8743A8D870E1D32AE59B3C6FCE0830FDA2450839293E9E11E79E411DBCE9D3B4D070F1E8C540F3552691139030000000008340466000040C0B8E69A6B3AA7A4A4BC20D3976DDCB83143FE7A3EDFA74F9FD06FBFFDD6949A9A6A70381CAEC72E5CB8A01D3B76CC909191E11A69DCB66D5B3B39593A12D4EADCB9B37DE1C28546959F1298D9A431A5190000000020D0FAC764010000081466B3F935F93B7CF8F0ECDAB56B5F169459B16285F9E8D1A3B250BDD6BC79731939A3592C96BCE78F1C3962F8F8E38F83C8C5B291114A63C68CD1835B93C9110000000040A03193050000204044A6A4A4DC1C1616E61C3D7AF46FD68BD9BE7DBB04650C4F3FFDB456BB766D2D2A2A4ADBBA75AB76F6EC59D75F193973FAF469D6E72B072A8F73A64C99A2656666C6AABB512AA5922B0000000080404160060000048A360E87C3D8B163475B44448433FF932121215A8B162DB48484042D3C3CDCF5D8D0A1435D419983070F6A274E9CD09293939D6463D949FE77EAD4296BCD9A3521EA6EAC4ACBC9150000000040A0602A33000010285AC83F8D1B377614F4646464A473E1C2850E3D28A3EBD0A183161717A74D983041CB3FFD194AEFC61B6FD4E7896B4C6E000000000002098119000010285C8180B0B0B0029FECDAB5AB6DD5AA55F6A2DEC0E9743AC8C6F2E1F13B30821B00000000105008CC000000284D9B36759C3973C67EF1E2C59C829E3F79F26476787838811900000000005026046600000094F4F47483DD6E370D1F3EBCC0111C13274E0C3A7DFAB469FFFEFD1C3F0100000000805263EA08000010D06C369B367FFE7C4B46468679CC983186C2B65BB060813C671E356A94A96EDDBA393D7BF6CC69D4A81123680000000000408970C5270000085856AB551B3E7C7858B76EDD82CE9F3F6F9020CD958487871B468F1E1DBC7DFBF690D9B36707938B0000000000A02408CC00008080F5E69B6F568B8F8F37C6C4C46803070ED4162F5E5CE4F69F7EFAA9D6BD7B77D7ED010306983B77EE6C4C484820380300000000008A8DC00C00000858595959A6E8E868D7ED860D1BCA68186DDAB4695A6A6AEA65DB9D3B774E9B31638666369BB5366DDAE43DDEA44993A08B172F1AC8490000000000505CAC31030000E0D6AB572F2D363656D693D1D2D2D2B4909010D7E39191915A5C5C9CA607710000000000004A8BC00C000080929898E80ACA481066CC9831C5DA160000000000A0A498CA0C000040CB0DB654C4B60000000000009E08CC000000000000000000780981190000000000000000002F2130030000000000000000E02566B200000004AAB367CFDA274D9AE4BABD69D32683C3E17016E7759EDB9E3F7F9E8C040000000000C5466006000004ACD9B36767900B0000000000C09B98CA0C0000000000000000C04B08CC000000000000000000780981190000000000000000002F2130030000000000000000E0250466000000000000000000BC84C00C000000000000000080971098010000000000000000F01202330000000000000000005E4260060000000000000000C04B08CC000080AA209A2C000000000000FE80C00C0000A80A4EAAF4894A31FEFE1F494A4A327EFDF5D7A6D2BEFEA79F7E327EFEF9E7668A040000000000BE89C00C0000A82A7AA97448A5959A1F07685E7FFDF5E0FFFCE73FA53E469B316346F037DF7C63A2380000000000E09BB89A120000542506951E50A9874AAB541AA552B2BF7CF9CD9B379BB66DDB66FAE5975F8C919191CEDEBD7BDB64F4CB3BEFBC1374E9D225C3E38F3F9E3370E0C01C7DDBBFFEF5AF41274E9C30DE76DB6DF6B163C7661F3870C028AFFFFEFBEFB5162D5AD8E5F5140900000000007C0B2366000040553DC6D147D07CA652437FF8D237DC7083E3FAEBAF77B46FDFDEDEB2654BC7BA75EB4C4F3FFD74C84B2FBD94BD60C102EBDCB973831212128265DBBE7DFB864A90E6FDF7DFB7A6A4A4189E7FFEF910FDF5B7DC728BEBF5140300000000007C0F23660000F01F312AC5910D2522236864F44C77957EF5F52F5BBB766D677474B4F3C61B6F745C77DD758EB8B8B86A43860CC9A959B3A6539EFFD39FFE94FDEAABAF863CFFFCF3D956AB55DBBA75ABB969D3A6D9EFBCF34E96CD66D3AA57AFEE7A7DFDFAF59DF27A7E7E00000000007C0F81190000FC479C4A93C9865291004D0DB9E1743A0DFEF2A59393930D1F7DF451D0FAF5EBF38ED96EBAE92657C065C9922599B366CD0A7EFDF5D7C3AFBDF65AC7B871E3B2070D1A94C34F0D00000000806F23300300807F9A42165CA6B080D52995CEA9749D4AE755AA6930189CFEF29F8A89897176EAD4C9161F1F9F2DF78F1D3B66387CF8B0313D3DDD60369BB5F5EBD767CA4899254B9698E3E2E24209CC0000000000E0FB08CC0000E07F2428134F365C267F60E67B958EA914ABD21695FAB893CF8F38B2582CDA975F7E69BAE38E3BECE3C78FCF1A34685068B76EDDEC919191CEE1C38787D4AD5BD7D9AA552BEB9021432CAFBEFA6A96BAED48494931366FDEDCAEBFFEC71F7F34262525C9634C670600000000808F3191050000F88D5877DAA45222D9719978F7DFDD2AED54A9954AFB551AA4D26C954EEBF9D7B16347FBDD77DF6DF7D5FF48FDFAF51D3B77EE34399D4EEDE1871FB6C97A333367CE0C5EB9726550870E1DECD3A74FCF92E04BA74E9DECEFBDF75ED03FFEF18F201935F3FAEBAF67C95A34F2FA3D7BF6B85E7FFBEDB7FB6C60E6ABAFBE326FDEBCD944790600000000041A46CC000080AA62B54A1D543AA4525B95F6F8E37F4246B9FCED6F7FB3EAF7BB77EF6E9354D0761F7DF491F54AAF070000000000BE85C00C0000A82A247871A74A7BC90A0000000000E0AB08CC000080AAA0B64A2964030000000000F07546B2000000540104650000000000805F2030030000000000000000E0250466000000000000000000BC84C00C000000000000000080971098010000000000000000F01202330000000000000000005E4260060000000000000000C04B08CC000000000000000000780981190000000000000000002F2130030000000000000000E0250466000000000000000000BC84C00C000000000000000080971098010000000000000000F01202330000000000000000005E4260060000000000000000C04B08CC000000000000000000780981190000000000000000002F2130030000AA8268B2000000000000F80302330000A02A38A9D2272AC590150000000000C09799C90200005045F452E9F72A7DA6D2489592C9120000000000E06B08CC000080AAC4A0D2032AF55069954AA33402340000000000C087109801000055914CD7AA8FA0F95CCB0DD0000000000000543A02330000C09FC4A8145782ED65048D8C9EE9AED2AF641F0000000000A86C04660000803F89536972295E27019A1A72C3E9741AC8460000000000505908CC0000007F35C5E37661C19A532A9D53E93AF7DF6B3232329C645DE54B4D4DBDA0FE44A964233700000000008184C00C0000F047129489F7B89F3F30F3BD4AC7548A55698B4A7D54AAABD217FBF6ED33927D952F2929490FCCEC233700000000008184C00C0000A84A76AB7442A5FB543AAC52279576BA9F3B6E3018EC9B376F36A5A7A71B2222221839534924FF77ECD851CB7D37911C01000000000412AE1805000055C56A951AA894A5525B95FEA0FD2F2823CE198DC64D972E5D32CC9A352B88ECAA3C2AFF2FE5E4E48469B9419954720400000000104808CC000080AA42D62AB953A58754DA53D00676BB7DAAFCFDCB5FFE127CF2E4490359E67D67CE9C3124242404BBEF4E214700000000008186C00C0000A80A6A6BB92364F65E61BB449556A7A5A519FAF5EB172A536A9175DE63B3D9B4AE5DBBA659ADD6EAEAEE5A8D69CC00000000000188C00C0000A80A524AB0ED30950ECA5A333D7AF40895111C645FC5937C6ED3A6CDAFBB76EDAAAFEE1E576904B90200000000084426B2000000BF11EB4E9BB4C01D69501E797041A5CF54EA71E4C891A8050B16983233330DB7DD769B232424845256CE6454D2F4E9D333FAF4E9633876EC58B4961B949129E70E913B00000000804064260B000040004A56A9934AF3CE9E3DDB63CA9429A619336618DBB76F6FBDE5965B42C2C2C2C8A1324A4D4DBD9094947461C78E1DB57272726AB91F96E9CB46B8F31F0000000080804460060000042A19B9D153CB1D8133212B2B2B76E3C68D112A9133E523CA9D44A24A5334D694010000000080C00C0000087889EE14A9521B955AA864F1E1EF1BABD25D9AEF4F696753699FFB3BA652CC0000000000C8456006000020D7392D77AAADB53EFE3DE3B5DCC04CA2FB360000000000F02346B2000000000000000000C03B08CC000000000000000000780981190000000000000000002F2130030000000000000000E0250466000000000000000000BC84C00C000000000000000080971098010000000000000000F01202330000000000000000005E4260060000000000000000C04B08CC000000000000000000780981190000000000000000002F2130030000000000000000E0250466000000000000000000BC84C00C000000000000000080971098010000000000000000F01202330000000000000000005E4260060000000000000000C04B08CC000000000000000000780981190000000000000000002F2130030000000000000000E0250466000000000000000000BC84C00C000000000000000080971098010000000000000000F01202330000000000000000005E4260060000000000000000C04B08CC0000000000000000007889992C0000408B54A98D4A2D54B2F8F0F78CF5F81BEFC3DFD3A6D23E9512554AA57801D493A09E0400DA4BD05E02C0FF1098010004AC6BAEB9A6B3D96C7E2D2525E56687C3E14FA348EF7227DF3FD0309BB7D86CB649EECE1400EA49504F0200ED25682F0150AF910500800054B74E9D3ACB4F9C38D15AEE84858539DBB56B676BD6AC9943DD2677CAE8D2A54B5A7272B271FDFAF52675FB4EF5D0572AAD5569844A07C921807A927A927A1200682F417B09209011980100049A989A356B7EA73A4F91356AD4700E1B362C67DCB871D91111114EB2A67CA5A7A71BE6CE9D1B3473E6CCE0B4B4B4FBDD1D29E95025933B00F524A8270180F612B497000295812C00000490BAAAF3F4C3993367223B76EC68FFF0C30F33EBD5AB7759C769DAB469C12B57AE342B9AD168D4060F1E9CF3C4134FE49075A5A7F2DBD0BF7F7FCB860D1BE48290E32A75D24A7F855BBC4A93559AA2F9F63A3B15893C00F524F5240080F692F692F612801F33910500804051A74E9DF52929290DA5F3B47AF5EA4CD599CAEB3CD96C36EDF6DB6F0FDBBA75ABF9C08103C6A3478F1A9D4EA7F1D0A143C6356BD6981F7CF0419B74A85072328DC3238F3C62DBB973A7E9E0C183B2206A23951695F2ED62DD699316B8F34B9307A09EA49E0400D05ED25ED25E02F06304660000014116E4549DA717649A818D1B3766C85FCFE7FBF4E913FAEDB7DF9A5253530D0E87C3F5D8850B17B463C78E193232325C234CDBB66D6B27274B473A9F9D3B77B62F5CB8D0A8F2533A501254482EC55BC56A0425C803504F524F0200682F692F692F01F8737D461600000281D96C7E4DFE0E1F3E3CBB76EDDA97759E56AC58613E7AF4A82C28A9356FDE5CAE70D32C164BDEF3478E1C317CFCF1C741E462D9C8958463C68CD13BA193C911807A12D49300407B09DA4B0001D99E900500800010999292727358589873F4E8D1BF99D779FBF6EDD279323CFDF4D39AEA5C69515151DAD6AD5BB5B367CFBAFECA156EA74F9F665DB672A0F23867CA94295A666666ACBA1BA5522AB902504F827A1200682F417B092090109801000482360E87C3D8B163475B44448433FF932121215A8B162DB48484042D3C3CDCF5D8D0A1435D9DA783070F6A274E9CD09293939D6463D949FE77EAD4296BCD9A35215AEE745CCBC915807A12D49300407B09DA4B008184A9CC000081A085FCD3B8716347414F4646463A172E5CE8D03B4FBA0E1D3A68717171DA840913B4FCD314A0F46EBCF1467D3E87C6E406403D09EA4900A0BD04ED2580404360060010085C07EC616161053ED9B56B57DBAA55AB8A5C80D3E9743AC8C6F2E1F13B307217A09E04F52400D05E82F61240C02130030008784D9B36759C3973C67EF1E2C59C829E3F79F264767878381D2800D493D4930000D05E0200CA8CC00C0020E0A5A7A71BEC76BB69F8F0E1055E693571E2C4A0D3A74F9BF6EFDF4FBB09807A927A120000DA4B00409930D40F0010B06C369B367FFE7C4B46468679CC983186C2B65BB060813C671E356A94A96EDDBA393D7BF6CC69D4A81157BA01A09EA49E040080F61200506244E8010001C96AB56AC3870F0FEBD6AD5BD0F9F3E70DD299BA92F0F070C3E8D1A383B76FDF1E327BF6EC60721100F524F5240080F692F6120050520466000001E9CD37DFAC161F1F6F8C8989D1060E1CA82D5EBCB8C8ED3FFDF453AD7BF7EEAEDB03060C3077EEDCD998909040270A00F524F5240080F692F6120050220466000001292B2BCB141D1DEDBADDB06143B96A4D9B366D9A969A9A7AD976E7CE9DD366CC98A199CD66AD4D9B36798F3769D224E8E2C58B06721200F524F5240080F692F612005012AC31030080D2AB572F2D363656E67DD6D2D2D2B4909010D7E39191915A5C5C9CA677B600807A927A120000DA4B0040591098010004BCC4C44457E7493A4B63C68C29D6B600403D493D090000ED2500A03498CA0C0040074A758A2A625B00A09E040080F692F61200901F81190000000000000000002F2130030000000000000000E0250466000000000000000000BCC44C16000002D1D9B367ED93264D72DDDEB46993C1E170388BF33ACF6DCF9F3F4F4602A09EA49E0400D05ED25E02004A84C00C002020CD9E3D3B835C0000EA490000682F0100DEC654660000000000000000005E4260060000000000000000C04B08CC000000000000000000780981190000000000000000002F2130030000000000000000E0250466000000000000000000BC84C00C000000000000000080971098010000000000000000F0120233000054309BCD4626004039D6A145D5ABD4B90080406D2F4BD3061E3B76CC40EE0180F711980100F8BB685FFF829B366D32FDE94F7F0A296A9B93274F1A0E1F3E6CCC9F3EF8E083A077DE792748DF2E3D3DBDC0ED3CD34F3FFD647CFCF1C72D67CE9CC9EB6415B6ED975F7E79C5EF06807AB2321D3B76CC387BF6EC60FDFED75F7F6D1A376E5CA1F5D6030F3C102A756AFEC7A5CEE3E41300A0AAB6978B162D0A9A366D5A70495F27ED6A424242303F3F007897992C0000F8B9932A7DAAD22895927DF54B5E75D555453E6FB55AF34E162E5DBAD4D53EF7EDDBD7D6B16347BBE776414141CECCCC4C436868A8EB7EBF7EFD2C8B172FB6CAC9C6E5CB979B478D1A9523CF4D993225DB6CFE5F33AF5EA3E9AF193D7A74C8B3CF3E9B5DAF5E3D6783060D9CF21AB9BACE737B00D493BEE2BAEBAE731C3972C42081E47BEEB9C7BE65CB16D38B2FBE985DD0B6EFBDF75ED0C89123B36BD7AEED9420B5D48D7ADD76EEDC3943CD9A359DAAEEBBAC5E959351172F5E344C9D3A358BA20200B497FEDA5ECE9F3F3FE8B9E79ECB96F6D2F3F13D7BF698D4F17F5EBB29172ABCFBEEBB41D75F7FBD437FEC975F7E314A1BAADFDFB66D9B69EEDCB9568BC5427B0900158433300080AAA0974ABF57E9339546FA4A47AA24C10E39F1A8DF8E8A8A72E67F4C279DA3A64D9B3A3CEFBBB7334AF0476E17F4B99EAF090F0F971393CE82DE1F00F5A4AF90517FAB56AD725566356AD4701E3C78D0284902CDF2787272B2313535559B376F9EEB04919C688A8E8E764A7DB764C912F3C30F3F6C53B78BACA3A74C99123263C68CE0175E78219B220200F0C7F652485065FCF8F1D9DDBB77FFCD5C666FBFFD76F0E8D1A3F3EE4F983021B87FFFFEB6DAB56B3B0E1C386094F672D0A04139EBD6AD33B56AD5CAF1C30F3F183DFB12B49700503108CC0000AA0A1971F2804A3D545AA5F9C0956E4F3EF9A445757A72F48E8D9C644C4A4A32CA15DF257DAFFDFBF71B1B356AE40AA4C8D4661290A95BB7AE43AE0097ABE25252520CFA15E52A99EBD7AFEF78EAA9A7720A7A2FD9563A62FAFDB367CF1AAC56AB265798538C00EA495F21A35BA40E95FA4EA6679C306182551E9F387162C8DD77DF6DBBEEBAEB2EABE324E82C27A41E7DF451CBB3CF3E9B23819AFCEFF9C1071F989F79E6991C79EFA79F7EDA2275E8E0C18339C90400F0DBF652DABB9D3B771AEFBDF75EBB3E5A462E5EB8F3CE3BEDD27F90F6D173FBF8F8F8ECEAD5AB3B557B68494848C8D247CAC8687D19592F8198D9B36767E9A365682F01A06210980100543572224EBFD2ED737747CAEB2408F3F3CF3FBB8230B2C68C3C262702A593A43A43A6975E7AC935D5980445D6AF5F6FD247C908799DFCD53B56C78F1F37EEDAB5CBF8DA6BAFB93A48F23A09CAC87B4B0046FECA943D070E1C70DD96CF88898971055E24E0B262C50AB35C45AEBFFFF9F3E70D4B962C0992F790FBAA236792C75E7EF9E52CA63303A8277D89E7142A572275AC9C5C0A0F0FD79A376F6E3F74E89051A670F49CEA71E0C08136BD9E7BEBADB75C53B448A087220100F0C7F6528EF5376EDC681A366C58CEB265CB82F469C654DB666EDBB66D811783050505491B18FCF6DB6F5BA52F2253A03DF9E493AE8B1DD46D6BDFBE7D435353530D1111114EDA4B00A8389C7D010094871895E27CEC3BC9956E72955B77957EF5F687CF9C393378CE9C39BF0974C834017235B7CCD13C61C204D7D56A327D80E736125891BF1E236BEC03070EFCCD67E88B5BCB894809ECFCFAEBAF86FC0B5B4B274AA62AD0EFCB1570F5EBD77775B2EEBAEB2EBB7CBFD28CE00102BC7EA92A2AB59E2C2B3919F5CA2BAF84A8BAD415B4969185722249AEEACD37ED63DE548FF9EB473F10AB523C45F537DED7FC70FD0780F6DC6FDB739F6D2FD3D3D30DD2BF286894A85C9C20C7FEF94546463A2580234199679F7D3644D6AB94D1F4E3C78F0FE9D5AB976DE9D2A599B497B483002A1E8119004079904ED6641FEE48D5901B4EA7D3E08D0FFCFAEBAF4D37DD7493A355AB5605063C646A80264D9A844960A62C9F236B2CCC983123EBE38F3F0EDAB66D9BE195575EC97AECB1C742DBB56B67D747CC14F4DD5AB76E6DEFD8B1A37DD1A2454103070ECCA1F882FA25E079BD9E2C8ECF3FFFDC6CB1585C81E423478E18F55184326DA3AACB643D19436C6CAC4D4E2CC92819094CCB342C3FFEF8A3B10AFD3677B9137E2B9E2C0068CF03BDBD94D1A2FAEDEFBFFFDEA84F4BF6CB2FBF18CC66B353B58D46CF91F3422E0C93D1F603060CB0BCFAEAABAE1136274F9E348E183122272E2ECE22176EC994A18F3EFAA8CD8FD6A40CC4F6927610F07304660000E56D8A973FAFB00EDE2995CEA9749D4AE7A5DF6230182A7C0D15B96A4D4E121615F0900ED4AC59B3B2CAF23932BD997E4578CF9E3D6D070E1C9075639C93274FCEDAB16387A9A0D7C81573D3A64D0B5EB1628555A62658BA74A959A65CF3ECD001D42F55924FD593C5A52F602C75D7F5D75FEFD047F72526269ADBB56BE7C87FB2489E2FE88A613FB749FECB14E12B966500B4E701DB5EEA6EB9E516878C9E91DBF277DDBA75261905F3F2CB2F676FDEBCD9241766493F45A63E93B6B54B972EF6BD7BF79ACC66B3DDB3BF3067CE1CEB0F3FFC60F4A3A04C20B597B48340154260060050DE9DACF84A3E38FD5EA5635AEE70F62D2AF57127AF1CC44AC0433F995894B28E5491ABC8650A340904C9743EFA7465D2E13A70E0408127262528238B5EEBF3450F193244D65BB0C87A37858DEE0102BC7EA9AA9DF84AAD274B4AA67E8C8B8B0BD4D17D8994FB2B966700B4E7B4970590C04BCB962D33DD178505CBA87A192DD3BB776F57BF4182322D5AB4B07B4E6BFCC1071F389A376FEE4AB497B483002A168119004055B15BA5132ADDA7D261953AA9B4D3FD5C9FCAF84272459A4C3726D3EFC8F46157DA5EA6E191E907366CD8601E3F7E7CA1D39C4920262626C6155C91208B0463E4B6AC39B366CD1AF3A64D9B4C37DC7083C373FB1933660477EEDCD92E1D32FD71E998C9B46A3D7AF4086DDFBEBD7DCC9831D98D1A3572509400EA495FB162C50AB3CC85AFD773222BAB78030EF5058D4F9C3861B8FAEAAB0BBDB2594E4A51340000FEDC5ECA7A933FFFFCB371E5CA95E6F0F0F0CBDABC8B172F1AFEFEF7BF07356BD6CC2EC11ACFE7F6ECD963CAD7CF30D05E028077109801005405AB55EAA0D22195DA4A1FC317BE94043E64648C044664DD832B6D5FAF5E3D677C7C7CB64C49E67912323F9927BAA0008ABCEEC1071FB4C9E7E90118B9BD7BF76ED3E8D1A3F346CA7892290AB66EDD9A21A36C08CA00D493BE42A652F9E0830F829A3469E2D0AFECD5D5AF5FDF91FFA4934E461376E9D2C5A6D7C1AAEECB9611378F3FFE78A1236EF2BF3F0080F6D25FDA4B9D1CE7BFFDF6DBD66FBFFDD6949C9C7CD9E879593366DEBC79D69B6FBEF9B263FDC68D1BDBA55FD1A04183BC36552ED6A2BD0400EF20300300A80AA49370A74A7B7DF1CB3DF5D45339E5B97D519D22391129D395E9F7651D1ACF513285BD86A9CC00EA499FEAA498CD9A3E4F7E7E9E755C7E12A0D6A776D4DF67C28409D9FCFC0080AAD85E7A9229CB8A33A5B2CEB3BDD48D1C3992361300BCD5E7210B00007EAEB64A29640300504F0200407B0900F00746B20000E0E7E83C0100F524DE5B7FE100002000494441540000B4970000BF4160060000000000000000C04B08CC000000000000000000780981190000000000000000002F2130030000000000000000E0250466000000000000000000BC84C00C000000000000000080971098010000000000000000F01202330000000000000000005E4260060000000000000000C04B08CC000000000000000000780981190000000000000000002F2130030000000000000000E0250466000000000000000000BC84C00C000000000000000080971098010000000000000000F01202330000000000000000005E4260060000000000000000C04B08CC000000000000000000780981190000000000000000002F2130030000000000000000E0250466000000000000000000BCC44C16948B4895DAA8D442250BD951663695F6A994A8522AE58A7245B902000000E857D0AF0000D0BED1BE55150466CAE09A6BAEE96C369B5F4B4949B9D9E17030FAA8220AA8D9BCC566B34D72570A942B50AE00000000FA15F42B0080F68DF68DF6CDBFF3992C2895BA75EAD4597EE2C489D672272C2CCCD9AE5D3B5BB366CD1CEA36B95346972E5DD29293938DEBD7AF37A9DB77AA87BE5269AD4A23543A48B902E50AA560D5CB012A5F6A6AEA05F5274ACBBD220700F524A82741BF827E05682F417B09DA37DAB7804260A6E4626AD6ACF99DAA04226BD4A8E11C366C58CEB871E3B22322229C644DF94A4F4F37CC9D3B3768E6CC99C1696969F7BB2B04A918922957A05CA184F6C83FFBF6EDE36A1A1F909494A477A0F6911B00F524A82741BF827E05682F417B09DA37DAB7404360A664EA4A2570E6CC99C88E1D3BDA3FFCF0C3CC7AF5EA5D56014C9B362D78E5CA956645331A8DDAE0C183739E78E2891CB2AEE4A4727DFEF9E7B39F7CF2C99CFEFDFB5B366CD850573DBC45A54E5AD58AD452AE2857A878DF180C06FBE6CD9B4D7290C1C15BE51EE4EDD8B1A396FB6E223902504F827A12F42BE85780F612B497A07DA37D0B3426B2A0F8EAD4A9B33E2525A5A15402AB57AFCE5495425E2560B3D9B4DB6FBF3D6CEBD6ADE603070E188F1E3D6A743A9DC643870E19D7AC59637EF0C1076D5231A0E46438E2238F3C62DBB973A7E9E0C183B2B05723951651AE2857942B9F12EB4E9B7CF4A0D86A3299EECACACA6A101C1CEC8C8D8DB5F393558EE9D3A7676CDCB8B1BABB9CCCAB82658DFD8DFFAFBFA29EAC3AF524F501FD55FA15F42BD87F692F692FD98F68DF68DF68DF7C1C8199629285A55425F0820C9753157F86FCF57CBE4F9F3EA1DF7EFBAD293535D5E070385C8F5DB870413B76EC98212323C320F7DBB66D4B835D4A528976EEDCD9BE70E142A3CACF46EE4628997245B9A25CF9EC01A234DA7D549AA2D20C956657F61754076747D59FB8BD7BF79A060C1890131111C1AFE66567CE9C31A87ACDA00E9E43D5DD274AB9BF05646724C0F380DF9C7A927A323045AB94AE52BC478AF5A817E2F3A57754BA487F957E05FD0ADA73DA4BDA4BDA41DA37DA37DA37BFC85FB2A078CC66F36BF277F8F0E1D9B56BD7BEAC1258B16285F9E8D1A3B23092D6BC797389D46A168B25EFF923478E183EFEF8E32072B16C24223E66CC18BD329D4CB9A25C51AE7C5273953E51E9984AFD55FA5CA53B7CE4BB490770755A5A9AA15FBF7EA132F49D9FCB7BE44AA6AE5DBBA659AD56B9AA6DADC60976C017514F524FFA92149596AA74A56982BE5069B97B7BFAABF42BE85780F692F6927690F68DF68DF6CD2F1098299EC89494949BC3C2C29CA3478FFECDFC84DBB76F974AC0F0F4D34F6B0F3DF4903668D020AD77EFDE5AB76EDDB4DFFDEE77AE6D4E9F3E4D435D0E541EE78486866669B957074451AE285794ABCA2FC72A3DA6D2C3EEFB376BB9C198EB54EAAAD20295527DE8FB0E53E9A0CC09DDA3478F50B9D28A9FB0E2493EB769D3E6D75DBB76D557778FAB34825C017C16F524F5A42F19AD157D426AB74A6D557A85FE2AFD0AFA15A0BDA4BDA41DA47DA37DA37DF32766B2A058DA381C0E63C78E1D6D052DEC161212A2B568D1424B4848D0C2C3C35D8F0D1D3A54DBBA75AB76F0E041EDC489135A7272320BC29503C9FF4E9D3A65AD59B326C45D192CA75C8172E5FD8323957AA8D45BA57B55DAAAD201951A6BB9F38D2EF0E1EF2E07EFF7A9B44175A21ADE78E38DA17FFAD39F6C7290C7C29DE54FAE1E9C356BD625558F055BAD56BDF374A7C6D067C097514F524FFA5A795CA2D223853C2F57071F52690FFD55FA15F42B407B497B493B48FB46FB46FBE64F08CC144F0BF9A771E3C68E829E8C8C8C742E5CB8D061B1582E1B81D4A14307571293264DA2222827EA80C7A22A02D74F42B9A25C51AE2AC50F2AED5569854A7FD47247C4C4ABD4D34FBEBF1CBC775269DED9B3677B4C9932C53463C60C63FBF6EDADB7DC724B882C7087B2494D4DBD9094947461C78E1DB57272726AB91F96690646689C6C04A827413D5932E354EAA752FE2B5EBF57E96ECD77A64CA55F01FA15B497B497B497B483B46FB46F28360233C5E39AA0B0B046B56BD7AEB655AB5619FBF6ED5BE8D4704EA7D34136960F8FDFC14CB9A25C51AE2A45BD2AF07F902B8F249014ABD284ACACACD88D1B3746A8C4AF5B3EA2B4FF0D6F4E54698AC65A0900F524A8274B5F1697A9F49076F9492959CFEEB0967BB108FD55FA15F42B407B497B493B48FB46FB46FBE657C8C872D0B46953C7575F7D65BF78F1A20C9DFBCDA252274F9ECC568F13A105E50AF03D89EE24D3B3B5D172AFC8B1902D656653699F3B6F53C90E807A12D493653452CB9D42D5E4BE7F4ACB9D4EB52D5943BF02A0BDA4BDA41DA47DA37D833F2230530E64AE4BBBDD6E1A3E7CB8F9FDF7DFFFCDF313274E0CBAEAAAABECFBF7EF37366AD488482D285780EF39A7E50E895F4B560000F5247C8ECCA1FF894A7DDCF7CFAAB445636D19FA1500ED25680769DF68DFE0A708CC9481CD66D3E6CF9F6FC9C8C8308F1933C650D8760B162C90E7CCA3468D32D5AD5B37A767CF9E395408A05C01000000C5364AA5075592E94A1A6AB953BA807E0500D00ED2BED1BEC12F19C982D2B15AADDAF0E1C3C3BA75EB1674FEFC7983540A57121E1E6E183D7A74F0F6EDDB4366CF9E1D4C2E8272852AE477EEBF91640500EA17001540E6D83FE4BE2D7F595B867E0568CF01DA41DA37DA37F82D0233A5F4E69B6F568B8F8F37C6C4C46803070ED4162F5E5CE4F69F7EFAA9D6BD7B77D7ED010306983B77EE6C4C4848A03200E50A5541746464E460F7ED47558A214B0050BF00A880FAA0B6FB764DEA03FA15A03D07680769DF68DFE0CF08CC9452565696293A3ADA75BB61C386127DD5A64D9BA6A5A65EBE16D9B973E7B41933666866B3596BD3A64DDEE34D9A3409BA78F1A2819C04E50AFE7E7058B366CD6F55998CF03840FC42A528B20600F50B8072AE0FC2DCF7AB531FD0AF00ED39403B1878FB11ED1BAA12D6982927BD7AF5D262636365FE422D2D2D4D0B0909713D1E1919A9C5C5C5697AA50150AE5085D4AD5EBDFA7767CE9C89BAEAAAAB9C2B56ACC87CEEB9E72C4949498DD5735FA9D455CB1D6E0D00D42F00A80FE85780FD97FD17603FA27D03DC08CC9483C4C4445725203BFD9831638AB52D40B9829F9361D44967CF9EAD5EA74E1DE79A356B329A376FEE5065314395C56AEA20B199DAE6DF2ADDA1520AD90580FA0500F501FD0AB0FFB2FF02EC47B46F402EA6322BA78AA022B605E58A72051F15E51E465DFDDA6BAF756CDCB8D17570284F54AF5EDDB976EDDA0C795CDDADAB314D0100EA1700D407F42BC0FECBFE0BB01FD1BE0197213003002889187510F89F3367CED4AB51A386F38B2FBEC86CD4A891C37383DAB56B3BBFF9E61BFDA0B1854A1BE86C01A07E01407D00B0FFB2FF02EC47800F93B9EF62551AAA52BC471AEA7EBC5CE7C6AB88C04C94FB8B0E2EE03F70BF961BC90500F89FBA919191BBCF9E3D1B25C3A8D7AF5F9FD1B4695347411BCA41A20CAF6ED9B2A59D834400D42F00A80F00F65FF65F80FD08F0416D549AA3D261954E6AB96B37CD5369B2479AE77EFCA47BBB77B5DCF84799945760A661FDFAF5DF5615C22F46A3F194FB8BBE5BC07F4086D61DB3582CFBD5DFE92A35E6B70700BF10A56CD787516FD9B2450EFE1C45BD408657FFEB5FFFCAE4201100F50B00EA0380FD97FD17603F027C482F957668B9EB340D5729A698AF93ED64408AC43F7E50A99F4AE6D27C017359BE7D4444447B95E69F3A75AAC99123470CF2D855575DE5BCFEFAEBED2A391B366CE830994CAE6DE5F95F7EF9C5F8F3CF3F1BD3D2D26E500FBD20C960306C773A9DB242D3567FFAE5CE9E3D6B9F346992EBF6A64D9B0C0E87C3599CD7796E7BFEFC79760150AEE00F626AD4A8F14D6A6A6A2D1946BD61C386CCEBAEBBCE519C17EA0789F7DE7B6FE8EEDDBBF583C4FB544A255B0150BF00A03EA05F01F65FF65F80FD88F60D5E74BB963B42A64D39BC5733953E5669824A7F54E99B92BCB8B48199A8FAF5EB2F3D72E448A7F4F474CD62B1687FFCE31FB3FBF4E9636BDFBEBD5DEE17455512C6C58B1707CD9D3B37E8D2A54BADD5435B545AAED2307FA93466CF9E9D413906E50A01A0EED5575FBD332D2DAD46AD5AB59CAB56ADFACDDCB6A53848943ABFAB4AC9642F40FD42FD0280FA807E05D87FD97FC17EC47E44FB062F90812232B35781C10BB3D9AC356FDEDC7ED34D3739A2A2A29C6161615A56569696929262F8F1C71F8D494949269BCD56D04B25402323685E5169864AB6E27C99120766D417BA273434F4B323478E844A00E6F9E79FCF1A3972648E5400C57D0F1986A752D6CB2FBF9C356BD6ACE0E9D3A7075FBA74A98FC160E8E4743A651D9A9D941300A87491328C3A3535B586CC6D2BC3A88B7BC54E410789AB57AF9683C46A3FFDF4536377832557F01C249B01EA97C2EA17756C1851D08BD5F1623AF50B407D407D00D05F00D88FD88F80629018C842951EFBCD1366B3D6B3674F5BEFDEBD731E78E0017B444444A1310EABD5AAAD5CB9D2BC62C58AA0CF3EFBCC2CF73D48B067AA4AB7A8F488568CE04C89023337DD74D3D3870E1D7A4B5516A68E1D3BDADF7FFF7D6B692B0BD7B7B558B4091326640F193224A75FBF7EA11B376EACA1E5CEEBD653A5B5941900A83479C3A8E58A1D5970B02CF5BD908509B76EDD9AE1BE822746CB1D5EDD49E34A3880FA85FA05A03EA03E00AADCFEBB7FFF7EE3175F7C61FEFEFBEF8D72B5F1A54B970C6161614EB90A59AE46BEEFBEFB6C9EEB67B0FF82FD88FD08A80012FFF844A51EF99F183A7468F6A851A3728A3B424D62190F3FFCB04DD2C993270D2FBFFC72F05FFFFAD7E07C9BF5512952CB8D6F58AFF4C58A458232870F1F9E939999691C316244F61B6FBC912511A5F250B3664DE7975F7E99317EFCF810193D633018563B9D4EC92C82330050090787919191BBD3D2D2AAEBC3A89B366DEA288F37CE37BC5A0E126578F59D1C2402D42FD42F00F501F501E0FFFBAF4CF1F2DE7BEFC9D4F5C1494949C6A2DEE485175E0891D7C9C5BACF3CF34CB69C6362FF05FB11FB1150CE64A4CC6541996BAFBDD6317FFE7C6B972E5DECA57D530982CE9B372FEB91471EB13DF1C4139643870E79EEABF7AAF40FED0A23678CC5F92099BE4C46CA646464185F7AE9A5ECB7DE7AABDC82329E5E7DF5D52C797FA7D36952773FD37217E30100784FA45CB173EEDCB9EAD250FDFBDFFFCE68D5AA95BD3C3F403F486CD9B2A5BC6F5DF741620C590F50BF50BF00D407D40780FFEEBF2B56AC30376CD8307CE8D0A116CF93C99191915A870E1DB4D8D858578A8E8ECE7BB39F7EFAC9F8ECB3CF86C4C4C4842F5AB4C8CCFE0BF623F623A01CC99A32974D5F26FBC4CE9D3B33CA1294F124B38AC9FB15702CDBC7FDF9852A4E74252A383878F5D9B3674D325266EAD4A95915995BF2FE76BB5D939133EAEE172ADDAC520AE508002A5C5DF7DCB6AE61D489898999659D4EA4A8932532F7AD3AA0ACB67FFF7E394894E1D577A8748E9F01A07EA17E01A80FA80F00FFDA7FC78D1B17F2E69B6F06EB8B22B768D142EBDDBBB7D6AF5F3F2D262646CB7F716F7272B2B67CF9726DD1A245DA9E3D7BB413274E181E7BECB1D0EDDBB7BB666861FF05FB11FB11504632E063B2E7031294917DAEA875644A7BCCB96DDBB68CF6EDDB57FBF6DB6F4D1E4F4D502951A5AD05BDEE8A811955392C3F7CF8B045A23FB2537B23D764E48CAA444C1B376E8C5277E7A8F4106509002A54CCD5575FBD53161C9483C3356BD6E4CD6D2B73DADE78E38D619E1B4B83D3AE5DBB22AF2E3876EC98E1DA6BAF0DCFFFF8A64D9B32A44D91619FDF7CF34D861C2426252535D4FEB730612A3F071018F54B45A17E01A80FA80F00EFEDBF0F3EF860E8279F7CE23ABF2457F54F9F3E5D1B3C78B056D44C2B729279CC9831AEF4FEFBEF6B63C78ED5D47B6B73E6CC093E7EFCB871E9D2A599ECBF603F623F02CA609E4A16FD8E8C4E5BBB766DB9076574B2AFCAFBB769D34602A1FA68378BFB7BDCAA1530A559915399A92FDAFEF0E1C377C9C2366A07B756C4F4658559BC787166B56AD5A47292613FB1942500A83051328CFAD75F7FAD51A74E1DE7E6CD9B333C170F9445D0962D5B9619121292F7827BEEB9A79A0C972EEA4D7BF6EC59CD64CABD5040FE5E75D555CE050B16582528A36FE3BE8227A3418306F2792DB4DC2B78A2F84980C0A85F2A12F50B407D407D0054FCFE2B57F8EB27939B356BA6EDD8B1431653D64A72FE282E2ECEF5BADB6FCF9DCD5EDEEFB9E79E0B61FF05FB11FB11504ABDB47C4BA4FCED6F7FB3CA3AF7157DCCF9EEBBEFE68FA134D372E31BBF71A5C0CC7CF9FBFCF3CF6755F4954CF949464D9A3429C77D773AE509002A445D55DFCA8283AE61D45BB66CC990404CFE8DFAF4E9238B99E5E88D8BD56AD5BA74E9127AE6CC1943416FFAD24B2F85FCF2CB2F06999A525C7DF5D5CEB163C7660F1A342827FFB6F5EAD5735DC1E3FE5C0E128100AB5F2A12F50B407D407D0054DCFE2B6B61C8B44B725B4E267FF6D9675AC3860D4BF52172E5FF860D1BF24E2ACB15FFFA5A19ECBF603F623F024A6882E79DA1438766DF73CF3D766F7CB05C8C3C78F0E0EC02BECF6F22AD4505661A9E3A75AA898C96193972644E65E4A0FADCECF0F07019E6D346A5C694A9CB157642F44AAFD1E7AA2C4A71B601E0F7622223239354BD50AF468D1A579C4E64DEBC795675A068371A739B8ED3A74F1BEFBFFFFED0FCF5C5BFFFFD6FD3AC59B3822F5EBCE8AAA3E4BD7BF7EE9D3361C284ECC2DE5B82F132E49383442030EB978A44FD02501F501F54BED2F42FE54220F8EEFE2BBFE9E8D1A32DF257A65DFAE4934F5C2785CB42DE67D9B2655A5454EE6EF9FCF3CF5BF472C0FE0BF623F6235F939E9E6E20177C92C411F246CBC805C6A3468DF26A6C63D2A449D91253F120A3663AE4DFAED0C04CFDFAF547D9ED76435C5C5CB60CC3A98C5C94FFC0B061C3F483F64115F431D1FE5ACA060E1C6891351C0A7B5EA2EE67CF9EBDEC795980484E98EA07BA851DEC6EDAB4C974D75D7755A39209BC7225A4DC2C59B2C42CE5EBF0E1C346CF141F1F1F7CF2E4C9DF948BBE7DFB86EAE52521212178F3E6CD268A814F97B52855B7EF3877EE5C759967F3EBAFBF2ED674221B376ECC54077AAE36213B3B5B3B70E080B17FFFFE16BDB32D65A07BF7EEA17ADD121616E66CD3A68D7DCE9C39575CA34C0E4EE50A1E8FE1D55BE420969F18088CFAA52251BF009586FA20C0FB15BAF7DE7B2F48BF6AFBCB2FBF3479A6891327861414B8C9DF1F95E34B5983217F1F1795D39EBFF3CE3B41478E1C71FD16B2164669AFF0CF4F4E4ACF9C39D3755B1632579F134C7B8EAADA0E06F87EE477ED9B4CE72EE7BBF4FB23478E0C29ECDCD7BA75EB4CFAB6EA77CF6BF3E45CADA4C23E43DA43D9CEF33C9C7CAE3CC6EE54EC72D3DFF34ECF9E3D6DDE1EA92D6B3BC9E716F5BD44A1811975D0D34DFECAF4359599DBFDFAF5D3235AF757D0479C54E9137F68CC65E120CF03D3A8A828A70C45D4775CD9E9F3773AA4929003D7952B579A6527DEB76F9F312D2DCD20B7DF7EFBEDE0CF3FFFBCD0CAE0F8F1E3868A5A102900F84DB9D2E9E5E4F1C71FB7AC59B3C6D4AA552B476666A6ABBCFDF39FFF347FF4D147AEB23270E0409B044DA52C7A361452065353535D8F49C32FDB26252519E5FDF28FEE92C6493A6014934A2B6BD1B56AD5DAA17EF32899DB36313131B3B88D9404EAD7AE5D9B111C9C7B2C22E5E08B2FBE304F9932C5F57BF6EAD5CBA27796E5AA047560E958BE7C796671E7C695F757DF27430E5AB5DC919274B68000A95F2A1AF50BE0FD8E33F54160F62B0AB26DDB3653EFDEBD5DE71654DE9B838282B4060D1A3825FDF8E38FC6828E15A5CFA1F7472528F3E4934F5A9E7AEAA94ABB7094F6FCF2FD77FEFCF9AE0E418B162D5C0B949727592B439F8A497D4E9067E08EF61C55A91D0CF0FDC8EFDAB7A64D9B3AE47CAA044AE48265C93FCF35743D2D59B224A86FDFBEAE4C6FD9B2A55DA6D192248F7BAE73A25F182D17D17FF0C1074112AC938B19E4B9A54B97BA2E9896736D7BF7EE253053FC72D3C3F38ECCE052195FB480CFBD37FF36850566A2CE9C3973AD2CD47CD75D77D92B33B72592AC0EC6E44A6B19F253B7823E4616043AA4D24A5FAE10B66CD9629A3A756AB01E654D494931E8B765279E3D7B76B0E7F637DC7083F3A5975E721DB8AADB0ECF4A581DD81A0E1E3C68F8FDEF7F5F60E04DB68D8E8E7632A559D52F579E0DB39487FAF5EB3BE5B797C09E1C34C8DF5DBB7619870C199223B725C9B6AA33E5CCCCCC2CF4FD727272A423A54D9932255BEF68497992808CAC3F42F1A8B4B256373232F2A753A74EC594763A913BEEB8C33179F2E42CE9500B09CEFCE52F7F09EADAB56BA8EA74E7F5AA2578BC61C386CC7CC337AF489FFBB679F3E60E77BDFF954A0DF99981AA5FBF5434EA17C06BA80F02B85F919FCCDAA09F57507D0A8B9EFF7ADF223C3CBCC8408B1C6B8E1A352A243E3E3EBB4B972E7676AFCA6FCFE5A4A45C8427B71F7EF8E1122D505E5CF2BEFA67EDDEBDDB447B8EAAD60EB21FF957FB267928C193C68D1B3BE4FCECF4E9D383655484CC2A937F348BCA6BA3B47BF29B4BBB77F4E851D7EF2C8117D58ED93C8339727E4DFD4EB673E7CE19E4F1679E79C6B5B6AFBC56BF205FD295DA4ADAB43CD19E8F495E3EF0C0039572EC20E758F39D0F8BD1F28DF8296CAF6FE670388CD75F7FBDBD222A86926AD8B061D677DF7D272772253873BC823E46AEF07E40CB8DAAAD5269944AC9BE56F26EBCF14687BE5891DAA19DFA6D19A5B06EDDBABC9D5422AA2A1925F22A27D725AAAB92AB402627271BBB77EF6E53AFB549C5DCAA55ABDF14D0949414E36DB7DD662FEC7954AD72959F04EE64A865BB76EDEC5296D6AF5F6FBE78F162B667545F2A172957FA7D2953FA8186543ED2B8CB4819CF6D9E7EFA698B3436052C8205EF94B568D5B0EF4A4D4D750DA3FEE28B2F323D7F9F92183F7E7CB62A172675406256ED859691916158BB766D5E8351AD5A35E7A64D9B323CCB4C49C801CEEAD5AB33626363AB1D3A74481A2F99FBF63E950EF25303FE59BF180C868872FB42257C2FA7D3994EFD02780DF501FD0ACF7E85F6E1871F9AD5F17F8E3A7E0C917EC237DF7C63527D0DA3CA7383DEF728ECF572724B8E375F7DF55546CAF8507F61C3860D79C7FD7DFAF4A9902F2BEF3B76EC58D7EDAFBEFAEA37E72568CFE1CFED20FB91FFB56FA1A1A19A9CCF7AEBADB72E9BA65D46B7785ED42EE76157AD5A6596D1321288B9E5965BEC725E56662C9211A2725E57A632D3479116D276BA2EC4FFF9E79F8D168B85B6AF64E5E6B235EA9B376F6EAFACD9A0E4BCA97CBE5CA0E2F1B07CBF14FD4E6123665C11D2EBAFBFDE277EFC264D9A04B96FC678E1E3244FF4C8DB679A8F5D752143C065A797F4CB2FBF18F5DB32BCCD733B9982EAF0E1C30699BA4C0A803E9599ECDC127195DBEBD6AD33CB36057DCEF7DF7FEF0ADE7CFAE9A766F6F5AA5FAE74D250C8FCA6526EF4C7E6CC99137CD34D3739F406C6737B0908BEFDF6DB79C32C1F78E08150B92DC13F6988060C1860F15CC748356056555633F545E8E0D5B226C3A8FFAD0E0EAF9161D43292A5B44119DDBFFEF5AFCC6BAEB9266FBD199DC964723D57D6E94AE4AA909D3B7766B8DF473F488CE12706AA7EFD52D1A85F800A437D40BFA2C0131332E58B8CB6973EA63CD6AE5D3B873EAD8BE74927B9B04B9F15424E80C97A86CD9A35930B068DFAE3D2DF907E07B33B545E7B2EE70BE4AF2C325ED685CA0B23EF1B1D9D7B61B19CCCA43D47556B07D98FFCBF7DD3790E6AB878F1A2F6DFFFFED7281739CBFADD4F3DF5548EACB1266DD66BAFBD963568D0A01CB9ADDABF6AB2BD9C33939138521EDE7DF7DD20198123EDA2B48F12C491F652126D5EB1CBCD9D9E4FEAE7332B4B019F7F59E0A8B093EEAE29C3646D005FC8E1060D1AE891A57E9AF716879213D01275EBAED2AFBE52DADAB76F6F979D586ECB0EAEDF9613E493274FCE9BCA4C2A54A904D40EEE9488B81CC04A70E6965B6E71FDA672E25C76FABFFDED6FD6823E47DEFBC5175FCC5EB1628541767E5F183955805895E2FDACC2F0C972A5938E925CC1D6A2450BBB8C96910E50FDFAF51D326D9E8C8691C6429ED3476AC963CF3CF38CC3B3DCE86552BFEF396CAFA4535A51AECAADAC1D52077BD1A74E9D0A93292A65187579CCF12EF5C2AA55AB32541D13E6F9F8B3CF3E9BDDB66DDB721969E75ED32633363636F4E8D1A37270B8C5DDD02673FC016893AB6AFDE20DD42F40B993695B92547D50BD0AD407DFAAF4914AE7E857948D1CFFCB89A8575E792558FDBDE2A879196D2D7D5E799D2A4FAEE95DE4424379DC631A20BB679F837E85F7DB73E91FCADF66CD9A55E8B982C68D1BCB67B9D632A53D47556B077D7C3FAACC76D027DB37B9B840CEA3EA1726EBE402FA989898BCDF59025DF3E7CFB7CADACAB366CDCA9229D0BA75EB66F71CF529E7DBA2A2A2B2F47672F4E8D1D9E7CE9D0B79F2C9275D4B08F4EDDB3734FF88998B172F1A68DF8A556E2E5B5F46062754E6972AE0F38B3595998B5CF5EC63EE72276FFFB035E486D3E9ACF49D40764A7DEE427D8D19CF0ABD30125C919D5DAF2C64FB3A75EA14F81AA934640E4C39F895A1E652E94884D7071BBDCA280F55B25CE577FCF871991A4F3B78F0A0517EFBEDDBB7BBCAD933CF3C937DD34D3785C9D51455782A017F2E578595B5EB5523EFBAB364C9924CF71CB2E5E2B9E79EB3C85A33B2A690EEC30F3F0C9A306142B94D37210726CB962DB3B66EDD5AAE28910B07DE54E90F1CF7032E932BF1B32BB47EF106EA17A05CCD54F541F52A521FD4546924FD8AF22127A7E4A4E33FFFF94FF3ADB7DEEABA7847667CD04F56E43FD994FF622EB9D050A6419B346952969F5CE8E56FFD8A12B7E7972E5D72FD66DEBA8053FF3CDA7354A576D0C7F7235F68077DAA7D93A9CCE4A200394F2A6B7C3FFAE8A33972DE542E4A9529E13CB71D376E5C48AD5AB59C32FDBB6AF71CFFF9CF7F8CE9E9E9AE913890BE0000200049444154596AE4F5324B8D3C5ED867BDFDF6DB56796FB9A85E46CBD4AB57CFD78EA9FCE6BC59585858A57E7E4848D14B6C17B9F7DBEDBEB1B488FA1E72658D8C06D9A452A2974E689CD27223C3D7A9745E2A2583C150A927A2E58A215917A6A0356664687861D15309AC488455822D0D1A3470FD1FE444AAAA080AFC9C3FFFF9CFC1D3A64D735DCD2423283A77EE1CDAAD5B379B447D7D6CFFAA88F21070E54A27D30648074986B7B669D346A2F99A04653C0F12A423F4C61B6F64A906A9C8EF2CA3B5F2374C7EC497CB5569CBDA11A942A4BC4920253131B1D46BBF7892C5EE76EDDA65F40CCA88B4B43483AA3B42376FDE9C511E079932855EAF5EBD647F91034459676C14C7FC0870EF57F5FAC55BA85F80722593D8DFAE52C32A501F9CD17C67C48CDFF52B7E73D2411D0F3EF8E08379EB512E5BB64C93B9F7F5FB32CAFE4AEF11171797230B28CBD5C77E54AE7CA55F51EEED79585898EB396F4DADA37F1EED39AA523BE8E3FB9137DA41BF69DFE47C99AC8B76FCF87183CC46244199912347867CF4D1475669E3A64E9D1A2C6BA9E9D3D6C9146412B0D1EF376AD4C8F53E8B162D0AD2A7F12CE873D6AC59636ADCB8B17C8E51CA858CC691914E723B3C3C5C539FE92BEB355766FB76A5722353E0E51D575CBA74A952332A2B2BABE863A4421E9786CC75B5BC2FFCDAFBF6EDCB507FC2555AACD25F2BF807FD5EA5635AEEB02C1902DBC79D2657763E14B530949C042F6854CB1B6FBC113C6FDE3CAB9C38553BF6153F4316A692A1E39E0B82CD9831234B55CEA1EFBEFBAEB565CB96BE14A5954A20DE471B64BF29579E0D8D04F7640D98A24EA64B74FF4AEF75ECD831A3EA3C85C834687E7830E5CBE5AAB4656DAF963B47EC173FFDF453E30E1D3A549361CA1ED34194988CAC93830F59CF4AEEFFEE77BF73FEDFFFFD9F53AEFC908386DDBB779B264C98109290909055D69324CD9B373F7FF2E4C93AD21CA8D455635A0220D94BF554A5D42FDE42FD02943BE96CDC477D40BF22BF214386E4FCF0C30FC6CD9B3707DD70C30D252E0F494949AEF3122FBCF042768F1E3D42E58456BF7EFD72648A201F1F41E32BFD8A726FCFA3A3A35D2749F7EEDDAB55E4D4E7FAC5A4454D45437B0E7F6D07D98FFCA77D9B397366B0B43BD2E6848787BB66189A3D7BB6EB5CC777DF7D671C3A74684ECF9E3D437FFEF9675714402E46900B96D7AD5BE79A8A53464F15F6FBCA7653A74E758DB079E08107F48BE2F3CEC9DE7DF7DD761F3C96AACCF6ED4AE566A94A13F527AF34C354452B600AC114CF3B85EDF507E51F5904DC177E6D55B03D4F445494DD2A9D7057A28755EAA4D24EF7737DFCB1459003553908EED8B1A36B8D19A984656796397AE5247CFEED65312AD9465F905127C198575F7D354B5506D564ED083920F6B321E495C96FCA9544F2552A34FA9E9E9E6E88888828F22A05FD4A0F992FF3F3CF3F2F74B484AC5343D1F06A59D3EBCFB62A7DB57FFFFE1632776C626262A94E96C8EFDCA54B97503D2853AD5A35AD4F9F3E32EDA1551D4C849F3E7DDA205705CC9D3B37A875EBD676392829CD7F484602DE7AEBAD974E9D3A55C77D90DB297F2306C07FEA17A7D3995ED20F36180C11053D5E9AF7A27E01BC82FA807EC5655439303EF1C41396F1E3C767CB31A1EA8B1AE53CC3D75F7F6D94AB8FF593268F3EFAA845A688F1BC8A58AE4C9E38716248CF9E3D6DFA8583729253466D2F5EBC3868ECD8B1D9FADCFBF06E7F415FBB56A63F4B4E4E96F589CBBF3251EF2BEB6288C2166FA63D87BFB683EC47FED3BE49FEC87454726EF4871F7E30AD5BB7CE2C538CE9CFCF9F3F3F68D3A64D199F7CF249A6DC97408B6ACF2CCF3CF34C8E9C5F9573B0FAC850CF252964E48D0474E45C9C6AEBB2242023E7DDF4E785BEC68CB497B2FD638F3D66F3BC909E36ADC07213AB7904667EFCF1C74A5DA7456625CAF7D065D357151698D96B341A1D52007C61E1775500ABE9DFAB823E62B54A1DE4A3DC15E81E7F28810D1A3428F284AAECD4FA303759EB212828C8B5BDAA4CEC6BD6AC097EE49147F246D8A8036353FEC5A83C75E9D2C5AE2A930CF9CCCA2E0F7EC42FCB55418A1AADE5A975EBD67965B2A8E05D71DF0FE55ED66458674F39483C7AF468C3FBEFBF3F74EBD6AD259E66E4A9A79EB2A8831357E3226B91C9DA553207AADE5996396965949E8CC0928E78E3C68D33F421BCC52557ECDC76DB6DE9EAE0B0B6FBE0F04E3A5940D5AF5FBC81FA05A870D407F42BF2C8C582DBB66DCBD0EFB76AD5CA71CF3DF7583DB751F7330B7AEDCB2FBF9CF5F0C30FDB3CFB9FD25F7DEDB5D7B2D8CD2AB73DBFEFBEFBA43FE79A387FF9F2E5329AA9DCBFB0BCAFAE53A74E76DA7354B57690FDC83FDA3799A168EAD4A9AE76A77FFFFE39F9A7DF9C33678E6BFD33FD9C879C8B5DBF7E7D5EBB26E760F5F3639EED9DE78508FAD2117231B4CC62E4B1BDBDA0ED5164B9B92CF021B3BD14E742F38A60B55A65D46FFEC0D065DFAFB0A9CA525521F8E9FCF9F372254BA5469676EFDE6D54FF1199C66CAFBB92A8083677E5F3903F1DE4C6C7C7177B6E4189ECCAC819B92D07B6F25ACF13A532C2E14A0B75CB41354199AA5FAE0A22D39715A712F3A1F92E296B853BEE6EB876CA158CF7DE7B6FB58246D015E6934F3E31FFFDEF7F0FD2D7209329CC962D5B96A91F38C882AE3207B85E575CB870C120A36BE480AF242749DCC3A86BBBFF3F77684C470054F9FAC51BA85F00AFA13EA05F51A0929C18E9DFBFBF8DFEA76FB6E7722E415FD87CC9922515B246C6E2C58B9DFA67C9894DDA7354B57690FDC8FFDA376993F43562F474A5112C259D7188198ACA5C6E523CCBB1EC57AB56ADAA94D8868C7292E08C87642D5FE0B3D035643232323E95BF1F7FFC71A51E09CD9F3FFFACFBE6DA0AFA08A980FEA055DC681C0426CA157CB9ACA56AB9C33D77CA9CDDC53D59225719A80EB2453F60942B7E640DABFCA361E6CE9D6B8D8E8ECE7B4CA636EBDBB76F68710E34F583C3E3C78FD77137B0F7695CF90654F9FAC51BA85F00AFA33EA05F812ADC9E0F1932C47551DE9E3D7BB4050B1694EB177EFFFDF7B55DBB7619DC9F93E319A0A33D47556A07037C3FA27D4345959BD59E7756AC581154195FB480CFFD57FE6D8C45BCFE0383C160573B727049AE742E4F12555AB870E1D5EEBBEF55D0C7D080837285402C6BE7B4129E2C69DFBE7D357D5D1919612723A9647A89FCDBC901DFA2458B64BD19D7D539D9D9D90675A0698C8F8F0FBED24992962D5B5E721F1CEE757FBF547E62A0EAD72F158DFA05A834D407F42B5045DBF3A79E7A2AE7DA6BAF755D8CF5E28B2F6A070F1E2C972F2B6B628C1D3BD675BB4E9D3A4EF539D9B4E7A8AAED6080EF47B46FA8A872B3C8F3CE679F7D6696B57FBCF925656D22F9DCA2BE97282A3023B5C156098ECC9E3DBB52224B09090999D9D9D9B2BECC375ABE39D80000E57B90181B1B5BEDF0E1C305B60BE3C68D0BF9E1871F5CCF55AB56CD29077773E6CCB116F6C6327562972E5D6C75EBD6751D64A6A6A61AE6CE9D1B2C43390B3B4972EBADB75E540790B5B4DC2B763AD1C90202A37EA968D42F00F501F50150FEFBAF5C8CF5C61B6F64C95F59BCFCA1871E9263FE327D988CB07FECB1C79CFAFB24242458F5697DD87FC17EC47E041493C411767AEE1313264C08F1E61778F9E59783F34D632641D0ADF9B72BF280D8E974BA569E7AFDF5D78325D2E3CDFF804490A74D9BF63BF7DD1729530050B10789B2289A2C4C98FF4A56991377E6CC9979A35D3232320C4B962CC9BCD2DCA77FFEF39FB38E1F3F6EF43C19D2AB57AF50F99C824E921C3972245AFBDF306A0E0E8100A85F2A1AF50B407D407D0054DCFEDBBB776FDBA851A3F2A662BAEFBEFB4A7DC5BF5CE1DFA14307E7B66DDB5CEF3D62C4886C596788FD17EC47EC474029BCE279E71FFFF847D0975F7EE995B566366FDE6C5AB060417001DFE73733CE5CE90BC962558D7372726EDEB1638769C080013946A3772E6EBAF3CE3B33FEFBDFFF46AA9BCB559A59C93F66AC24B902FCEEBBEFB653B62BD7575F7D659642AE6E6E5229D18FFF2B942BCA95AF9030FE32957AA4A5A5D55AB76E9DB94F9F3EB6B0B030D793356AD470C6C7C7677B26595FE64A6F1A1A1AAAE57F5DFED7EAC3A839384449EBCE00DD57AB5CFD722553A64C29F0CA26A94BAEF45AEA1780FA2080EA03FA15F42B2A6DFFBDEFBEFBEC494949A67DFBF619535252E4E497161919A9B568D1422BEEF923590B43460A1C3870C07532F90F7FF8836DC1820556793DED3902A11D643FA27DA37D2B7732F3560F95FE4F7F203131D1F4D8638F15FBD8B334645FFBFDEF7F9FFF0224192D33522547FEED8BB3778F502945327EFCF8F15E19F63362C4880BDF7DF75D2D77253182A20F00154EAEE0E9AA52B2B7E6804F4F4F37DC7EFBEDE91EC3A8E96401D42FD42F00F501F501E067FBEF3FFFF9CFCCB163C766EBD3310D1B364CBBE38E3BB4193366147AE5FFF1E3C76576164DED9FCE279E78226FFA26B9C27FE9D2A599F25EECBF603F623F02CA6098961B1075397AF4A86BB49AEC1315F16132659ABCBFCC3AE3F1B0D5FD3D6C05BDC65C8CF7959DB5ABC160D83A73E6CCB09090106DEAD4A959159563AA12B2FEE52F7FA9E3FEC25259B118140078878C92BC53A52DEA2031460E12D7AE5D9B51BB766D67797F903484EDDAB53B7DE8D0A1061C1C02D42FD42F00F501F501E0DFFBEF6BAFBD96D5BA756BFBC891232D274E9C30C8944CFFDFDE9D405959D68F03BF77E6CE826052A2D2510EB8646A6EA525622A94C92F05F2A768A5296E7F3D6EC705CB93A4026280661E0CF597E951324FA05169692E6588CB5147CD70392888107886625C9065F699FFFB9DB9178771B00186CB2C9FCF390F73D7E1F2F2BEDFEFFBDCEFF33C6FB4B8A0798CFCDF77DF7D9BAEA711E6CF9F9F8A5901594D5F90C5352CAFBBEEBAEA3163C6D43A7E711C398EA003C4756626246D72EE81975F7EB970E8D0A1BD9263AEB23D2BC1B457CC9489A2CC0B2FBCD07A75B258C2ECE90DBDAFBDEB92BDD2D8D8383A9D4EAF99346952715C043AAA401D2D66CAFCEC673FDB21D55C9419996A71A11E00F276921817005C98BB3061478F648D84B5FFFEFBAF79EDB5D7E2E470B19343105FC417100FC403E8FAC76F5C2B63F1E2C5ABA74F9F5E951C7FEB966C89D1FF4F3FFD742C23D3D45A7C999CDA679F7D1AE2DA940B172E5C9DFB32D9F18BE3C871041D644AD27ED3F28128CE1C7CF0C1DB74D435676295B1C183076FD34651E677D9BF7F83321BF1F73C12C599E4E7FD37DC70439FE79F7FBE70E6CC99951D31B22982CFF0E1C3D7FCE31FFFC8CD9489A2CC23F61D80AD2277D2F6F85B6FBDB5479C24C6089E0103066C76BCCFAD6D6B1A35882FE20B8807E20174BFE33746F35F70C105B5D1E222E77FF9CB5F32AFBFFE7A5C3723BD66CD9A74EFDEBD1BFBF5EBD7F8A52F7DA961D8B061F5C9B15A9F9B01E0F8C571E438822DE08CA4C575EC47E41E8865CD62B6DA19679C513B61C284EA4D39FF2C2F2F4F4F9C38B1F8EEBBEF2EAEAAAA6AFDF45F93766A6A034B98E56436F2EF8C62494CB7FBCBDCB973FBEFB1C71EDBFCF0873FAC1D3B766CEDB6DB6EBBD1FF80F8D053A74EAD9C3469D267EAEAEA72D79489E5CBCC9401E81C27897F494E04F73AF4D0437B979595ADD99C627C9C1C7EF9CB5F5EEDC29D20BE882F807800DDFFF88D51FC49AB71FC82E308B6A2288EFC6FD2EE49DAF75A3E71D75D7715DD73CF3D4523478EAC3BE184136A63C65A6969E9067F51D4321E7AE8A1CCAC59B38A1E7EF8E1C22894B6F1B29829134599AAFFF6C1329BF08F89837ABFA4DDB676EDDAD113264C28993C7972D139E79C537BE28927D60F193264BD2A6D5B5E7EF9E582DB6FBFFD83E41FFFB99A9A9A1D5B7CE84B53CDD3F900E81C27898726EDF177DF7DF7E0EC089ECA5D77DDB5C19724403EE24B6363E32AF105C403F100F417C071E43882CD10C599EF27ED9F49BB2669EBAA2F71B9963FFCE10F9968A79F7E7A6AFFFDF7AF8FD968FDFBF76F2C292949555757A72A2A2AD2316B6DDEBC79856DCC8EC98927E29A325352FF65A64C4E6613FF3171509F98B4C149BBA1A6A666F0F4E9D34B9296DA669B6D6A76DF7DF7EA3DF7DCB368EFBDF76EBA864D7D7D7DCDC2850BD724FF80F4A2458BB649FE01BD93877B677FD77349BB2AD53CC50780CEE5C3D4C7D3ABE324B1D773CF3DB75117E8CD4DA3767208882F8078008E5FC72F388E602B89A249D4207E95B4035B3F19459AB8064DB48DFCBDAF25EDBCA43DBD316F2AD8CC7F4C14556269B3BD933629692FAE5DBBB6E0D5575FDD76F6ECD9A593264D2A8E3679F2E43EF7DF7FFF4E6FBCF1C68E5555557DB21FF667D9F71D9A529401E80A27892FC63A9C7151B3E464B15DF9237BC1C195D6B605C417403C00C7AFE3171C47B095C52554BE9C6A5EDEEC95CDFC5D51E3F87EF6F73DBDB16F2EE8A07FD0C254F3AC97AF26EDF3491B96B4FF97B4092D5A548DE2FA310352CD4BA1FD3069F3ED0B005DEF24F15BDFFA56AFA54B97A6DB7372B86CD9B29DB3C9CAC92120BE00E201387E1DBFE03882ADED8FA9E6824A4C1A999E6A5E56B03DE27577A49AEB1FF1FE99A9762E5DD65AC116F847C5C13F27FB01C7B768FF97B44752AE2103D0D54F125F8993C4A38E3A6A832378CACBCB5B9E1CBE924D584E0E01F105100FC0F1EBF805C7117416B122D84549DB35F5F184939860D27AC2C9B0ECF3F1BA98903227B58905999C02DB1E808D3C491C99B4857172182378E264B0E50BB2171C5CD3E2E4D0881D407C01C40370FC3A7EC171049DD9F25473C12526988C4FAD3FE1644EF6F90EA33003C0C65A963DE95B9C5BFBF69D77DE29C89D1CC6889D7FFFFBDF3B655FF76D278780F8028807E0F875FC82E308F898C20C009B6271D20ECF9D240E1D3AB4D7DCB9730B5B4CA35E967D7EB94D05882F8078008E5FC72F388E808F29CC00B0A996B53C493CF2C823B7C99E1CCE4FDA5753EDBF701A80F8028807E0F8051C47D06328CC00B0B927897101B477B3F757A49AA7511BB103882F4047C783F7B2F73F100F403E0779D071045D99C20C009B6B71D2EECBDE9E99326207105F802D130F8AB3B72BC40390CF411E04BA328519003AC247D99FEFDB1480F8026C01A392B66DF6F66E49DBD72601F91CE441A0AB5298010000A0B3BBA9C5EDAAA45D639300200F025D55C626008054DFA40D4EDA81492BB539365B5DAAF962947352CDD3EC0171127172730C4F358F0ECEE99DB4FF4D358F167ECDE601E44BF9521E04BA1A8519007AAC1D77DCF1E84C2673FDF2E5CBF76B6868308B744B9C6864324FD5D5D55D9DED4C01E224E2E4A6F8BF361E8B0B204F4ADA71360F205FCA97F220D0E5E29A4DD02E314530B566CD1A5BA213A8A8A888B569FBA59A474ED8AFB05FB12976D979E79D7FF7EEBBEF1E12777AF7EEDD3864C890BA7DF7DDB721B96DEB6CA6886B8B172F2E78ECB1C70A93DB87270FFD3D698F24EDA2A42DB485409C1427C5C98D704CD206B5F1F88ED9E78C16D6AFD0AF40BE942FE541F90DF9ADCB5198699F57E28FF9F3E71BF5D009CC9B372F1708E6DBAFB05FB10906EDB0C30EFF483A4F7DB7DF7EFBC6F3CE3BAFF6473FFA51CDB6DB6EDB68D374AC55AB56A56FBDF5D6A21B6EB8A1F8BDF7DEFB9F6C472A3A548B6D1D10271127DBE9964F792E460BC71AFB27EAAFEA57E857205FCA97F2A0FC86FCD69528CCB4CF73E974BA7EEEDCB985910C24D9AD9B8CCBCACA76CADE9D63BFC27EC546DA253A4F2B56ACE87BC41147D4FFE637BFA91C3060C07AC7DEA449938A1F78E0814C22555050903AFBECB36BCF38E38C5A9B6EE3455CBBE28A2B6ACE3CF3CCDA534E39A5F4F1C71FDF2579F8A9A40D4B19110EE224E2E47FB7A151C239FD93362265D68C7E857E05F2A57C290F76C73C28BFC96FDD5AA14DD02E5585858547565757EF565C5CDC3874E8D07A9B64EB983C79F2DA279E78E2B3D920709BFD0AFB55A73134DB9EECCC497AE79D777E6CF9F2E57B44E7E9CF7FFE7365D2995A7762575757973AF8E0837B3FFDF4D399050B1614FCEB5FFF2A686C6C2C58B46851C1C30F3F9C39FEF8E3EBA243C5C68B651CBEFFFDEFD7BDF8E28B850B172E8C0BA2EE99B47BBBF3BE46CF8B2FDD8538D92DE26477F258AAF942DA9FE68354F39756F7EBAFEA57E857C8E7F2A57C290FCA6FC86F5D854CD04EF5F5F5D7C6CFE9D3A717979797A76D91FC5BB162457AEAD4A9C5D9BB13EC57D8AFD8187141CE58FB3996199839736665EBD136279D7452AFB7DE7A2B3A4EE9E84C8565CB96A59E79E6998238F1BFF9E69B8B6DC54D17230567CC9851D5AF5FBFD8B8FF93ED9803E224E2E486C428E041ED78DD0E491B9D7DBDFEAA7E857E05F2A57C290FCA6FC86F5D821933EDB73869075756567EB1ACACAC70F4E8D175252525B64A9EC4C9CCB061C3DE5FBA7469249AB8D0DB75F62BEC579DCAD054271F01B7DD76DBCD5EB56A55FF58F779E4C891EB8DB4993D7B76E6A1871E2A5EB264497AFFFDF74F0D183020F5FEFBEFA7721DA9952B57A693FB05E79C738EA50736438C708BD1827FFDEB5F33D94EC68CEEB8AFD1F3E24B77214E769B38D95DACCE76FE5BB674361EC4ED61AD9E5BADBFAA5FA15F219FCB97F2A53C28BF21BF751566CC6C9CF392B630D6361C316244AFA818DA245B5E6CE7C18307BFFFD24B2F0D4CEE2E4BDA45F62BEC576CA4BECB972FDF2F39816F1C3B76EC273A41CF3FFF7CE19A356BD2E79F7F7EEAC4134F4C9D75D659A9134E382175CC31C7A43EF399CF34BDE63FFFF98F63B30324DBB8B657AF5ED5D90E453F5B04C449C449F42BF42B902F912F91DFE4B79EC68C998DF351D2FE94B4114B962CE977C71D7714565656A60F3AE8A006D5DA8E1717968A350C478F1E9DCE566623081C9EB445F62BEC579DCED054E71E0137B4B1B1F1D4A38E3AAA3E2E18D9FAC9E4042F535C5C1CCB0AA492D7C49AD0A9E38F3F3E3570E0C0D421871C92FAEA57BF9A8AA50A468D1A6564DB668AB8F6ECB3CFD62D58B020025C59D2DEE866FB1A3D2FBE749BED2C4E769B38291EE8AFEA57E857387EE54BF9D27124BF21BF7572199B60A32D4E354F17BCED830F3E183161C284C22953A6141C76D86155071C7040494CA764F35454547C346FDEBC8FCACACA76AAADADDD29FB704C97BB28BBFDED57D8AFD85807C61F7BEDB557435B4FF6EDDBB7F1AEBBEE6A282D2D5D6F26E9D7BFFEF5A616AEBEFAEA469BB1637CF18B5F2C7DF8E1879BFE4B6C0D10271127D1AFD0AF40BE44BE447E93DF7A1A85994D1395C291A9E62AF5B8EAEAEAA14F3CF1C4B649B3653A46BFD4C7D350E7A49AD7CA9C63BFC27EC566288D3F3674B2F6ED6F7FBBEEC1071F2C38E9A49336B8C46763636383CDD8315AFC3F380F0171127112FD0AFD0AE44BE44BE437F9ADC711B836CF9C6CEB9BB4C1A9E69113A536CB668BABE2CDCF6EDB0AFB95FDCA7EC596B6CF3EFB34FCFDEF7FAF5FBD7A75AA4F9F3E45AD9F2F2F2FAF491E37B20D1027C549D0AF40BF02F912E437F98DCDA630D3313E4C354FED7AC4A6C07E055D4FACA15A5F5F5F78E1851766EEBEFBEE4F3C7FD55557156DB7DD76F56FBDF556C19E7BEE69841B204E8A93A05F01C89720BFC126539801A0C7AAABAB4BDD7EFBEDA56BD7AECD5C7EF9E5E90DBDEE8E3BEE88E732975E7A69E12EBBEC523B72E4C85A1D29409C14270140BE04605314D80400F444555555A90B2FBCB0F731C71C53B472E5CA7474A6FE9B3E7DFAA4C78E1D5BFCFCF3CF974C9B36ADD85604C449711200F952BE04606329CC00D023DD74D34DDB8C1F3FBE60D0A041A93163C6A466CE9CF9A9AFFFE31FFF983AF6D8639B6E9F7AEAA999A38F3EBA60EAD4A93A518038294E02205FCA97006C148519007AA4EAEAEAC2FEFDFB37DDDE638F3D62D45A6AD2A449A98A8AF5AF71F7E1871FA6A64C9992CA6432A9C18307AF7B7CEFBDF72E5ABD7A75DA9604C449711200F952BE046063B8C60C00248E3BEEB8D4D0A14363DDE7D47BEFBD972A2929697ABC6FDFBEA9D34F3F3D95EB6C018893E22400C897006C0E8519007ABC3973E634759EA2B374F9E597B7EBB500E2A4380900F225009BC2526600E840259DA22DF15A00711200E44BF91280D61466000000000000F24461060000000000204F1466000000000000F224631300D0137DF0C107F5575F7D75D3ED279F7C32DDD0D0D0D89EF7B57CEDCA952B6D48409C142701902FE54B00368AC20C003DD2B469D3D6DA0A00E22400C89700E49BA5CC000000000000F24461060000000000204F1466000000000000F24461060000000000204F1466000000000000F24461060000000000204F1466000000000000F24461060000000000204F146600600B5BB16245DA5600D834757575ED7AAC3DCF014077CE979B9203972E5DAAAF02B015646C0200BAB8FE495BDE993FE0CD37DF5CBCC71E7B348C1933A67643AF292F2F4F5755557DA2533477EEDCC2E4F1D4B9E79EDBF4DE55AB56A52B2A2A3EB5F3545959999A32654AF18D37DE58BDC30E3B34C663EFBCF34E9B8331162D5A947EE0810732C967ACB62B8138D9192D5DBAB4E0C1071FCC5C7CF1C53571FFD9679F2DFCDDEF7E97F9F9CF7FDE66DC1A356A54AF3BEFBCB3EAF39FFF7C63CBC7230E663299C601030634DA2500E86EF9F2DE7BEF2D4A725D7AFCF8F1351BF3BEC8AB8B172F2EB8E28A2B6AEC0200F9A330034057579EB43F26EDD2A42DEEAC1F72975D7669F8B4E75B1665EEBBEFBEA6FC7CD24927D51D71C411F52D5F575454D458595999EED5AB57D3FDEF7DEF7BA53367CEAC8A916EF145E5A5975E5A1BCF4D9830A12693F938CD47B126F79EB163C7965C72C92535F1E5E46EBBEDD618EF89D1752D5F0F88939DC5AEBBEEDAB064C992F4DFFEF6B7C26F7EF39BF54F3DF554E18F7FFCE336BF3CBAF3CE3B8BA28013459937DE78A32062632EB67DF8E187E9285627B1AF29AECE9A352B3371E2C492D5AB57A7FAF6ED9BBAFEFAEBAB860F1F5E6F7701902FBB62BEBCFDF6DB8B2EBBECB29AC8972D1F7FE595570A93F3FF757933062AFCEA57BF2ADA7DF7DDD7F54FDE7EFBED82C8A1B9FBCF3CF34CE1ADB7DE5A555A5A2A5F026C21BE8101A03B382E69DF49DA9F92767167EF48C50C98193366149D75D659B5B92F0CE38BC7DCF3FDFAF56B6CFD584E748EF6D9679F8696F7B3AF2BD86EBBED9A6EB7556469F99E3E7DFA348D186FEBF703E2646711CB40C64C99B8BDFDF6DB372E5CB8B0205A149AE3F118DD5B515191BAEDB6DB9A66CEC4174DFDFBF76F8C78175F227DF7BBDFAD4B6EB7F9BBE3B563C78E2D2D2B2B5B13459C871E7A285EDF6BE9D2A56BB6DD765B336A00E4CB2E932F431455AEBCF2CA9A638F3DF6136B99DD72CB2DC549CE5B777FDCB871C5A79C724A5D92FF1A162C585010F932FA258F3EFA68E1D7BEF6B586575F7DB520D797902F01B61C851900BA8B9871322A692392F6606A2B8D748BA24BD2A9C944F123F7D89B5A86180800000B3B494441546FBE5990DC2F6CF19AA611DCB13C4F7B8B236FBDF556C19E7BEED9F4DA5FFEF29745519089593831023C46C52D5FBE3C9D1B519EB4CCC081031B72CB9FB516AF8D8E58EEFE071F7C10CBA8A55A2FFB0388935B53CC6E39E594536A23DE9D76DA69A5E3C68DAB8AC7AFBAEAAA926F7CE31B7549FC5C2FC645DC8D2FA44E3EF9E4D24B2EB9A4B6AD251C67CC9891B9E0820B6AA3B873D14517D5E4E25EBC6FE5CA954D4B45FAA20940BEEC4AF932F2DD8B2FBE5870D45147D5E766CBC4E085C30F3FBC3EFA0F2DFB2521963AFBEC673FDB98E4C3D2A953A756E766CAC46CFD98591F83BCA64D9B561DF957BE04D872146600E86EE28BB8DC48B787B21DA9BC890ECC77BEF39DF546AADD7BEFBD8D7DFBF66D8C25785ABF3E8A228F3DF658616E964C88424EFCCC75AC962D5B56F0D24B2F155C7FFDF54D1DA428EA4451267E5F1460E2672CD9B360C182A6DBD1111B34685053E1250A2EB367CFCEC428F2DCEF8FCED4AC59B38A72CBAB251DB9C2786CE2C489D596330371B2338998D75E51C8892F97FAF4E993DA7FFFFDEB172D5A54104B38B65CEA71CC98317511E762564DD2D62DEB72CB2DB71425EF691830608099840074997C19E7FA4F3CF144E179E79D577BFFFDF7175D7BEDB54DB348AFBAEAAACCA1871EDAE672634545454DD7C04C725F55F4456209B433CF3CB369B04372BBEAA4934EEA952BBCC897005B8E6F5F00E848D774A2CF1223DD6294DBB1497B7F6B7E90254B96141C72C821F56D2D3116A3D562F980968F4561257EB628E4D48F1933E613BFB7BCBCBCE9BA34F145641476DE7FFFFD747C01D9F235F1A5662C5590BB1F9F61E0C0814D459A238F3CB23E3E4F5B05A33C199AB4F15D781FA3E7C697EEA2D3C4C94D115F465D77DD7525E3C68D6B2A5AC7CCC2F822296612B65AF671DD528F6DFD9E585AF2DA6BAF2D993B77EEDA4E589CDE9438290E008EE31E922F57AD5A958E65C8DA9A251A8313E2DCBFB5183016059C28CA5C72C9252571BDCA984D7FE59557961C77DC7175F7DD775FA57CE9F801B63C851900BAFBC96274A4B68F1B8D8D8DE97CFFE5718D84B8B0E6F1C71F5FF7C0030F644E38E184BA8EFADD718D852953A654FFF6B7BF2D7AE69967D2D75D775DF50F7EF0835E43860CA9CFCD9869EDD9679F2D8C22D111471C517FEFBDF7168D1933A6762BFEDF1C996DA033DA83E3E486C43AF6A5A5A54D85E42870E76611C6B28D492C8BEBC9A4870E1D5A175F2CC52C99284CC7322CAFBFFE7A417BFF8EF1E3C717DF73CF3D45BFFFFDEF2B73CB457632E224209FCB971B14B34573B7FFF9CF7F16E496257BFBEDB763E9E4C6583AB9E5CCF91003C362B6FDA9A79E5AFAD39FFEB469864D797979C145175D547BFAE9A79746D125960C3DF9E493EB72831AE44B808EA730034047B8BB1376ECFE9DB40F93B66BD25646BF259D4EE77D1DE4C99327179F7DF6D9B5D1698A6BBBBCF0C20B7151CDCD9EA112CB9BE546848F1C39B26EC1820571DD98C66BAEB9A6BAACACACB0ADF7C488B949932615CF9E3DBB2A9626B8EFBEFB3251386AD9A1CBB3279336A70BEE73F49CF8D25D74EA38B921B90B1847EC8A02776E76DF9C39733243860C69683D03269E6F6BC4F0865C76D96525714DAEE79E7B6EED568C835B324E8A0B80E3B607E4CB9C030E38A02166CFC4EDF8F9E8A38F16C62C98891327D6CC9D3BB7300666C5608658FA2C72EBF0E1C3EB5F7BEDB5C24C2653DFB2BFF08B5FFCA2EAD5575F5D772D4CF9D2F1046C190A33007484C5A9AD3775BC7507EA9F495B9A6A9ECEFE54D246675BDE47E6C588B59D77DEB9315788890B4EC79ACD175E78614D748C36E777C728F258022D962F88E57C72CB95C5EF5DB060419B5F4C4651263E43EE429DE79C734E5C6FA1F4273FF9494D47148B36C19C94257AE8DCF1A5BBE8B471B23DA64E9D5A7CFAE9A777E8ECBE59B366656EBAE9A6E2987518B30F738FC78C9B4E763163711290CFE5CB4D128597AF7CE52B95514CB9F1C61B8B63567DCC96C9CDE08FA2CC81071E58DF7259E319336634C43564A2C997005B96C20C00DDC5CB497B3769DF4ADA3B491B96B417B3CF8DCEE707899166F145622C1B3076ECD89A96CFDD79E79D5523468CE8B5FDF6DB374E9B36AD6AC08001EB3A34B10C4F14731E7FFCF1CC95575E59B3A1DF1F859841830635BD2F3A44B9224F5C73E6E1871FCE3CF9E493855FF8C2171A5ABE3EE94C151F7DF4D1F5D121CB3D1E1DB3E43354C7E739ECB0C3EA2FBFFCF29A4EBA3401D0CDE2647BCD9E3D3B136BE1B72C66575757B7EBBDB90B1ABFFBEEBBE9CF7DEE73EB7D79B47AF5EAF4A9A79E5ADB7AD9B351A346C5174DF61400F9B24BE5CBB8DEE49B6FBE59104B27F7E9D3E71339EFD7BFFE75D1BEFBEE5B1FC59A96CFBDF2CA2B85ADFA1969F912203F146600E80EFE9CB4AF276D51D20E8D3EC6D6FA20F145E00B2FBC5070FEF9E7D746E1A3F5F3514879F2C927D7C6BACE2D8B3221EE8F1F3FBE269624FBB4193551F069AB8012EF8B6BD9442126578089DB2FBFFC72E1D8B1636BDB1AD5164B143CFDF4D36B63968DA20C88939D4514B8E322C37BEFBD7743EB6B730D1C38B0A1F5974E39319B70F8F0E14DAF8F181CC5F128949F76DA69EBCDB889255E72CBBD004057CD972DFB18B7DC724B552C9BBC78F1E2F58A2871CD98DB6EBBAD6ABFFDF65BEF5C7FAFBDF6AA8F7EC56EBBEDB62EA7C6602DF912203F146600E80EE24BB8C393F6DAD6FE20F14560EB91686D896BC36CE8B973CF3DF7533B3FADBFA46CFDF7C77265B9FB711D9A96B36436F49EADB49419D003E364BB3A29994C6A435F04B58C71AD45813AB7B463EEF78C1B37AEC67F3F00DD315FB6144B96E5AECFD61E2DF365CEC5175F2C6702E4ABCF631300D0C57D3E69CB6D0600711200E44B00BA82029B00802E4EE709409C0400F912802E4361060000000000204F1466000000000000F24461060000000000204F1466000000000000F24461060000000000204F1466000000000000F24461060000000000204F1466000000000000F24461060000000000204F1466000000000000F24461060000000000204F1466000000000000F24461060000000000204F1466000000000000F24461060000000000204F1466000000000000F24461060000000000204F1466000000000000F24461060000000000204F1466000000000000F24461060000000000204F1466000000000000F24461060000000000204F146600E809AAE28F356BD6D8129D404545C547D99B75B6068893889300F225F225D0D328CC00D013BC127FCC9F3F5FDEEB04E6CD9B97EB40CDB735409C449C04902F912F819E462201A027782E9D4ED7CF9D3BB770D5AA55699B63EB89ED5F5656B653F6EE1C5B04C449C44900F912F912E869146600E8093E2C28287872CD9A35E91B6FBCB1C8E6D87A92EDBFA6B6B6B677B6F354618B8038893809205F225F023D8DC20C003D427D7DFDB5F173FAF4E9C5E5E5E546B76D052B56AC484F9D3AB5387B77822D02E224E224807C897C09F444853601003DC4E2A41D5C5959F9C5B2B2B2C2D1A347D7959494D82A79525757971A366CD8FB4B972EED9FDC7D2469D7D92A204E224E02C897C897404FA43003404FF254D2462D59B2A4DF33CF3C533862C488BADEBD7BDB2A5B588C688BCED34B2FBD3430B9BB2C69DF4DDAFBB60C8893889300F225F225D01329CC00D0937C94B43F256D4474A2EEB8E38EC2CACACAF441071DD460945BC78B0B724E9E3C79EDE8D1A3D3D9116DD1793A3C698B6C1D1027112701E44BE44BA0A7B21626003DD12E49BB2D3A527127E93CD51E76D86155071C704089916E9BAFA2A2E2A379F3E67D545656B653F6829C219619B828690B6D211027C549711240BE44BE047A328519007AB2A1491B97FD99B139B68839A9E60B72CEB129409C449C04902F912F0114660020F44DDAE0A41D98B4529B63B3D5256D7EB6D35461738038893809205F225F0200000000000000000000000000000000000000000000000000D015FC7F456447366412B3940000000049454E44AE426082, 0);
INSERT INTO `act_ge_bytearray` VALUES ('1537728424690884612', 1, 'leave.bpmn20.xml', '1537728424690884610', 0x3C3F786D6C2076657273696F6E3D22312E302220656E636F64696E673D225554462D38223F3E0A3C646566696E6974696F6E7320786D6C6E733D22687474703A2F2F7777772E6F6D672E6F72672F737065632F42504D4E2F32303130303532342F4D4F44454C2220786D6C6E733A7873693D22687474703A2F2F7777772E77332E6F72672F323030312F584D4C536368656D612D696E7374616E63652220786D6C6E733A7873643D22687474703A2F2F7777772E77332E6F72672F323030312F584D4C536368656D612220786D6C6E733A666C6F7761626C653D22687474703A2F2F666C6F7761626C652E6F72672F62706D6E2220786D6C6E733A62706D6E64693D22687474703A2F2F7777772E6F6D672E6F72672F737065632F42504D4E2F32303130303532342F44492220786D6C6E733A6F6D6764633D22687474703A2F2F7777772E6F6D672E6F72672F737065632F44442F32303130303532342F44432220786D6C6E733A6F6D6764693D22687474703A2F2F7777772E6F6D672E6F72672F737065632F44442F32303130303532342F44492220786D6C6E733A62706D6E323D22687474703A2F2F7777772E6F6D672E6F72672F737065632F42504D4E2F32303130303532342F4D4F44454C2220786D6C6E733A64633D22687474703A2F2F7777772E6F6D672E6F72672F737065632F44442F32303130303532342F44432220786D6C6E733A64693D22687474703A2F2F7777772E6F6D672E6F72672F737065632F44442F32303130303532342F44492220747970654C616E67756167653D22687474703A2F2F7777772E77332E6F72672F323030312F584D4C536368656D61222065787072657373696F6E4C616E67756167653D22687474703A2F2F7777772E77332E6F72672F313939392F585061746822207461726765744E616D6573706163653D22687474703A2F2F666C6F7761626C652E6F72672F62706D6E222069643D226469616772616D5F50726F636573735F31363533363537363838333339223E0A20203C70726F636573732069643D226C6561766522206E616D653D226C656176652220697345786563757461626C653D2274727565223E0A202020203C73746172744576656E742069643D224576656E745F31666173683636223E0A2020202020203C657874656E73696F6E456C656D656E74733E0A20202020202020203C666C6F7761626C653A666F726D446174613E3C2F666C6F7761626C653A666F726D446174613E0A2020202020203C2F657874656E73696F6E456C656D656E74733E0A202020203C2F73746172744576656E743E0A202020203C757365725461736B2069643D2241637469766974795F3175763166646622206E616D653D22E794B3E8AFB7E4BABA223E0A2020202020203C657874656E73696F6E456C656D656E74733E0A20202020202020203C666C6F7761626C653A666F726D446174613E3C2F666C6F7761626C653A666F726D446174613E0A2020202020203C2F657874656E73696F6E456C656D656E74733E0A202020203C2F757365725461736B3E0A202020203C757365725461736B2069643D2241637469766974795F30703171676B7522206E616D653D22E5B08FE4BA8EE4B8A4E5A4A9223E0A2020202020203C657874656E73696F6E456C656D656E74733E0A20202020202020203C666C6F7761626C653A666F726D446174613E3C2F666C6F7761626C653A666F726D446174613E0A2020202020203C2F657874656E73696F6E456C656D656E74733E0A202020203C2F757365725461736B3E0A202020203C757365725461736B2069643D2241637469766974795F30366A686A6D6422206E616D653D22E5A4A7E4BA8EE4B8A4E5A4A9223E0A2020202020203C657874656E73696F6E456C656D656E74733E0A20202020202020203C666C6F7761626C653A666F726D446174613E3C2F666C6F7761626C653A666F726D446174613E0A2020202020203C2F657874656E73696F6E456C656D656E74733E0A202020203C2F757365725461736B3E0A202020203C6578636C7573697665476174657761792069643D22476174657761795F30723776337169222064656661756C743D22466C6F775F316E6932777A32223E3C2F6578636C7573697665476174657761793E0A202020203C73657175656E6365466C6F772069643D22466C6F775F316E6932777A322220736F757263655265663D22476174657761795F3072377633716922207461726765745265663D2241637469766974795F30703171676B75223E3C2F73657175656E6365466C6F773E0A202020203C73657175656E6365466C6F772069643D22466C6F775F316539616431352220736F757263655265663D22476174657761795F3072377633716922207461726765745265663D2241637469766974795F30366A686A6D64223E0A2020202020203C636F6E646974696F6E45787072657373696F6E207873693A747970653D2274466F726D616C45787072657373696F6E223E3C215B43444154415B247B656E746974792E6475726174696F6E3E322E307D5D5D3E3C2F636F6E646974696F6E45787072657373696F6E3E0A202020203C2F73657175656E6365466C6F773E0A202020203C706172616C6C656C476174657761792069643D22476174657761795F3138376A6E7161223E3C2F706172616C6C656C476174657761793E0A202020203C757365725461736B2069643D2241637469766974795F30736C6878396A22206E616D653D22E5B9B6E8A18C31223E0A2020202020203C657874656E73696F6E456C656D656E74733E0A20202020202020203C666C6F7761626C653A666F726D446174613E3C2F666C6F7761626C653A666F726D446174613E0A2020202020203C2F657874656E73696F6E456C656D656E74733E0A202020203C2F757365725461736B3E0A202020203C73657175656E6365466C6F772069643D22466C6F775F303972346570772220736F757263655265663D22476174657761795F3138376A6E716122207461726765745265663D2241637469766974795F30736C6878396A223E3C2F73657175656E6365466C6F773E0A202020203C757365725461736B2069643D2241637469766974795F30676D6C70686D22206E616D653D22E5B9B6E8A18C32223E0A2020202020203C657874656E73696F6E456C656D656E74733E0A20202020202020203C666C6F7761626C653A666F726D446174613E3C2F666C6F7761626C653A666F726D446174613E0A2020202020203C2F657874656E73696F6E456C656D656E74733E0A202020203C2F757365725461736B3E0A202020203C73657175656E6365466C6F772069643D22466C6F775F316E6D706364652220736F757263655265663D22476174657761795F3138376A6E716122207461726765745265663D2241637469766974795F30676D6C70686D223E3C2F73657175656E6365466C6F773E0A202020203C73657175656E6365466C6F772069643D22466C6F775F3167676D6F6D792220736F757263655265663D2241637469766974795F30736C6878396A22207461726765745265663D22476174657761795F30636464356839223E3C2F73657175656E6365466C6F773E0A202020203C706172616C6C656C476174657761792069643D22476174657761795F30636464356839223E3C2F706172616C6C656C476174657761793E0A202020203C73657175656E6365466C6F772069643D22466C6F775F30657A6D7664382220736F757263655265663D2241637469766974795F30676D6C70686D22207461726765745265663D22476174657761795F30636464356839223E3C2F73657175656E6365466C6F773E0A202020203C757365725461736B2069643D2241637469766974795F3068656C6D6D7822206E616D653D22E7BB84E995BF223E0A2020202020203C657874656E73696F6E456C656D656E74733E0A20202020202020203C666C6F7761626C653A666F726D446174613E3C2F666C6F7761626C653A666F726D446174613E0A2020202020203C2F657874656E73696F6E456C656D656E74733E0A202020203C2F757365725461736B3E0A202020203C73657175656E6365466C6F772069643D22466C6F775F317469783476382220736F757263655265663D22476174657761795F3063646435683922207461726765745265663D2241637469766974795F3068656C6D6D78223E3C2F73657175656E6365466C6F773E0A202020203C757365725461736B2069643D2241637469766974795F30716E6737616622206E616D653D22E58C85E5AEB931223E0A2020202020203C657874656E73696F6E456C656D656E74733E0A20202020202020203C666C6F7761626C653A666F726D446174613E3C2F666C6F7761626C653A666F726D446174613E0A2020202020203C2F657874656E73696F6E456C656D656E74733E0A202020203C2F757365725461736B3E0A202020203C757365725461736B2069643D2241637469766974795F3031687366366722206E616D653D22E58C85E5AEB932223E0A2020202020203C657874656E73696F6E456C656D656E74733E0A20202020202020203C666C6F7761626C653A666F726D446174613E3C2F666C6F7761626C653A666F726D446174613E0A2020202020203C2F657874656E73696F6E456C656D656E74733E0A202020203C2F757365725461736B3E0A202020203C73657175656E6365466C6F772069643D22466C6F775F30666F6635696C2220736F757263655265663D2241637469766974795F3068656C6D6D7822207461726765745265663D22476174657761795F31316261646576223E3C2F73657175656E6365466C6F773E0A202020203C696E636C7573697665476174657761792069643D22476174657761795F31316261646576223E3C2F696E636C7573697665476174657761793E0A202020203C73657175656E6365466C6F772069643D22466C6F775F30766C7239686B2220736F757263655265663D22476174657761795F3131626164657622207461726765745265663D2241637469766974795F30316873663667223E3C2F73657175656E6365466C6F773E0A202020203C73657175656E6365466C6F772069643D22466C6F775F316633353170722220736F757263655265663D22476174657761795F3131626164657622207461726765745265663D2241637469766974795F30716E67376166223E3C2F73657175656E6365466C6F773E0A202020203C73657175656E6365466C6F772069643D22466C6F775F3137676530786E2220736F757263655265663D2241637469766974795F30716E6737616622207461726765745265663D22476174657761795F30726A37753678223E3C2F73657175656E6365466C6F773E0A202020203C696E636C7573697665476174657761792069643D22476174657761795F30726A37753678223E3C2F696E636C7573697665476174657761793E0A202020203C73657175656E6365466C6F772069643D22466C6F775F316D356C6674692220736F757263655265663D2241637469766974795F3031687366366722207461726765745265663D22476174657761795F30726A37753678223E3C2F73657175656E6365466C6F773E0A202020203C757365725461736B2069643D2241637469766974795F306D367A33347722206E616D653D22E680BBE7BB8FE79086223E0A2020202020203C657874656E73696F6E456C656D656E74733E0A20202020202020203C666C6F7761626C653A666F726D446174613E3C2F666C6F7761626C653A666F726D446174613E0A2020202020203C2F657874656E73696F6E456C656D656E74733E0A202020203C2F757365725461736B3E0A202020203C73657175656E6365466C6F772069643D22466C6F775F316333666B63342220736F757263655265663D22476174657761795F30726A3775367822207461726765745265663D2241637469766974795F306D367A333477223E3C2F73657175656E6365466C6F773E0A202020203C656E644576656E742069643D224576656E745F3073746E797A78223E3C2F656E644576656E743E0A202020203C73657175656E6365466C6F772069643D22466C6F775F303636357A37332220736F757263655265663D2241637469766974795F306D367A33347722207461726765745265663D224576656E745F3073746E797A78223E3C2F73657175656E6365466C6F773E0A202020203C757365725461736B2069643D2241637469766974795F30636B3171623022206E616D653D22E78EAFE88A8231223E0A2020202020203C657874656E73696F6E456C656D656E74733E0A20202020202020203C666C6F7761626C653A666F726D446174613E3C2F666C6F7761626C653A666F726D446174613E0A2020202020203C2F657874656E73696F6E456C656D656E74733E0A202020203C2F757365725461736B3E0A202020203C73657175656E6365466C6F772069643D22466C6F775F306B62326B69362220736F757263655265663D2241637469766974795F3175763166646622207461726765745265663D2241637469766974795F30636B31716230223E3C2F73657175656E6365466C6F773E0A202020203C73657175656E6365466C6F772069643D22466C6F775F31777374756D702220736F757263655265663D2241637469766974795F30636B3171623022207461726765745265663D22476174657761795F30723776337169223E3C2F73657175656E6365466C6F773E0A202020203C73657175656E6365466C6F772069643D22466C6F775F303038336172722220736F757263655265663D224576656E745F3166617368363622207461726765745265663D2241637469766974795F31757631666466223E3C2F73657175656E6365466C6F773E0A202020203C757365725461736B2069643D2241637469766974795F3177396968676B22206E616D653D2274657374223E0A2020202020203C657874656E73696F6E456C656D656E74733E0A20202020202020203C666C6F7761626C653A666F726D446174613E3C2F666C6F7761626C653A666F726D446174613E0A2020202020203C2F657874656E73696F6E456C656D656E74733E0A202020203C2F757365725461736B3E0A202020203C73657175656E6365466C6F772069643D22466C6F775F30376E303675682220736F757263655265663D2241637469766974795F30703171676B7522207461726765745265663D2241637469766974795F3177396968676B223E3C2F73657175656E6365466C6F773E0A202020203C73657175656E6365466C6F772069643D22466C6F775F3039677A6571342220736F757263655265663D2241637469766974795F30366A686A6D6422207461726765745265663D2241637469766974795F3177396968676B223E3C2F73657175656E6365466C6F773E0A202020203C73657175656E6365466C6F772069643D22466C6F775F3130387A6D78612220736F757263655265663D2241637469766974795F3177396968676B22207461726765745265663D22476174657761795F3138376A6E7161223E3C2F73657175656E6365466C6F773E0A20203C2F70726F636573733E0A20203C62706D6E64693A42504D4E4469616772616D2069643D2242504D4E4469616772616D5F6C65617665223E0A202020203C62706D6E64693A42504D4E506C616E652062706D6E456C656D656E743D226C65617665222069643D2242504D4E506C616E655F6C65617665223E0A2020202020203C62706D6E64693A42504D4E53686170652062706D6E456C656D656E743D224576656E745F31666173683636222069643D2242504D4E53686170655F4576656E745F31666173683636223E0A20202020202020203C6F6D6764633A426F756E6473206865696768743D2233362E30222077696474683D2233362E302220783D222D39382E302220793D223133322E30223E3C2F6F6D6764633A426F756E64733E0A2020202020203C2F62706D6E64693A42504D4E53686170653E0A2020202020203C62706D6E64693A42504D4E53686170652062706D6E456C656D656E743D2241637469766974795F31757631666466222069643D2242504D4E53686170655F41637469766974795F31757631666466223E0A20202020202020203C6F6D6764633A426F756E6473206865696768743D2238302E30222077696474683D223130302E302220783D222D33302E302220793D223131302E30223E3C2F6F6D6764633A426F756E64733E0A2020202020203C2F62706D6E64693A42504D4E53686170653E0A2020202020203C62706D6E64693A42504D4E53686170652062706D6E456C656D656E743D2241637469766974795F30703171676B75222069643D2242504D4E53686170655F41637469766974795F30703171676B75223E0A20202020202020203C6F6D6764633A426F756E6473206865696768743D2238302E30222077696474683D223130302E302220783D223334302E302220793D2234302E30223E3C2F6F6D6764633A426F756E64733E0A2020202020203C2F62706D6E64693A42504D4E53686170653E0A2020202020203C62706D6E64693A42504D4E53686170652062706D6E456C656D656E743D2241637469766974795F30366A686A6D64222069643D2242504D4E53686170655F41637469766974795F30366A686A6D64223E0A20202020202020203C6F6D6764633A426F756E6473206865696768743D2238302E30222077696474683D223130302E302220783D223334302E302220793D223138302E30223E3C2F6F6D6764633A426F756E64733E0A2020202020203C2F62706D6E64693A42504D4E53686170653E0A2020202020203C62706D6E64693A42504D4E53686170652062706D6E456C656D656E743D22476174657761795F30723776337169222069643D2242504D4E53686170655F476174657761795F30723776337169223E0A20202020202020203C6F6D6764633A426F756E6473206865696768743D2235302E30222077696474683D2235302E302220783D223237352E302220793D223132352E30223E3C2F6F6D6764633A426F756E64733E0A2020202020203C2F62706D6E64693A42504D4E53686170653E0A2020202020203C62706D6E64693A42504D4E53686170652062706D6E456C656D656E743D2241637469766974795F30736C6878396A222069643D2242504D4E53686170655F41637469766974795F30736C6878396A223E0A20202020202020203C6F6D6764633A426F756E6473206865696768743D2238302E30222077696474683D223130302E302220783D223637302E302220793D2234302E30223E3C2F6F6D6764633A426F756E64733E0A2020202020203C2F62706D6E64693A42504D4E53686170653E0A2020202020203C62706D6E64693A42504D4E53686170652062706D6E456C656D656E743D2241637469766974795F30676D6C70686D222069643D2242504D4E53686170655F41637469766974795F30676D6C70686D223E0A20202020202020203C6F6D6764633A426F756E6473206865696768743D2238302E30222077696474683D223130302E302220783D223637302E302220793D223138302E30223E3C2F6F6D6764633A426F756E64733E0A2020202020203C2F62706D6E64693A42504D4E53686170653E0A2020202020203C62706D6E64693A42504D4E53686170652062706D6E456C656D656E743D22476174657761795F30636464356839222069643D2242504D4E53686170655F476174657761795F30636464356839223E0A20202020202020203C6F6D6764633A426F756E6473206865696768743D2235302E30222077696474683D2235302E302220783D223831352E302220793D223132352E30223E3C2F6F6D6764633A426F756E64733E0A2020202020203C2F62706D6E64693A42504D4E53686170653E0A2020202020203C62706D6E64693A42504D4E53686170652062706D6E456C656D656E743D2241637469766974795F3068656C6D6D78222069643D2242504D4E53686170655F41637469766974795F3068656C6D6D78223E0A20202020202020203C6F6D6764633A426F756E6473206865696768743D2238302E30222077696474683D223130302E302220783D223931302E302220793D223131302E30223E3C2F6F6D6764633A426F756E64733E0A2020202020203C2F62706D6E64693A42504D4E53686170653E0A2020202020203C62706D6E64693A42504D4E53686170652062706D6E456C656D656E743D2241637469766974795F30716E67376166222069643D2242504D4E53686170655F41637469766974795F30716E67376166223E0A20202020202020203C6F6D6764633A426F756E6473206865696768743D2238302E30222077696474683D223130302E302220783D22313133302E302220793D2234302E30223E3C2F6F6D6764633A426F756E64733E0A2020202020203C2F62706D6E64693A42504D4E53686170653E0A2020202020203C62706D6E64693A42504D4E53686170652062706D6E456C656D656E743D2241637469766974795F30316873663667222069643D2242504D4E53686170655F41637469766974795F30316873663667223E0A20202020202020203C6F6D6764633A426F756E6473206865696768743D2238302E30222077696474683D223130302E302220783D22313133302E302220793D223138302E30223E3C2F6F6D6764633A426F756E64733E0A2020202020203C2F62706D6E64693A42504D4E53686170653E0A2020202020203C62706D6E64693A42504D4E53686170652062706D6E456C656D656E743D22476174657761795F31316261646576222069643D2242504D4E53686170655F476174657761795F31316261646576223E0A20202020202020203C6F6D6764633A426F756E6473206865696768743D2235302E30222077696474683D2235302E302220783D22313035352E302220793D223132352E30223E3C2F6F6D6764633A426F756E64733E0A2020202020203C2F62706D6E64693A42504D4E53686170653E0A2020202020203C62706D6E64693A42504D4E53686170652062706D6E456C656D656E743D22476174657761795F30726A37753678222069643D2242504D4E53686170655F476174657761795F30726A37753678223E0A20202020202020203C6F6D6764633A426F756E6473206865696768743D2235302E30222077696474683D2235302E302220783D22313236352E302220793D223132352E30223E3C2F6F6D6764633A426F756E64733E0A2020202020203C2F62706D6E64693A42504D4E53686170653E0A2020202020203C62706D6E64693A42504D4E53686170652062706D6E456C656D656E743D2241637469766974795F306D367A333477222069643D2242504D4E53686170655F41637469766974795F306D367A333477223E0A20202020202020203C6F6D6764633A426F756E6473206865696768743D2238302E30222077696474683D223130302E302220783D22313335302E302220793D223131302E30223E3C2F6F6D6764633A426F756E64733E0A2020202020203C2F62706D6E64693A42504D4E53686170653E0A2020202020203C62706D6E64693A42504D4E53686170652062706D6E456C656D656E743D224576656E745F3073746E797A78222069643D2242504D4E53686170655F4576656E745F3073746E797A78223E0A20202020202020203C6F6D6764633A426F756E6473206865696768743D2233362E30222077696474683D2233362E302220783D22313439322E302220793D223133322E30223E3C2F6F6D6764633A426F756E64733E0A2020202020203C2F62706D6E64693A42504D4E53686170653E0A2020202020203C62706D6E64693A42504D4E53686170652062706D6E456C656D656E743D2241637469766974795F30636B31716230222069643D2242504D4E53686170655F41637469766974795F30636B31716230223E0A20202020202020203C6F6D6764633A426F756E6473206865696768743D2238302E30222077696474683D223130302E302220783D223132302E302220793D223131302E30223E3C2F6F6D6764633A426F756E64733E0A2020202020203C2F62706D6E64693A42504D4E53686170653E0A2020202020203C62706D6E64693A42504D4E53686170652062706D6E456C656D656E743D22476174657761795F3138376A6E7161222069643D2242504D4E53686170655F476174657761795F3138376A6E7161223E0A20202020202020203C6F6D6764633A426F756E6473206865696768743D2235302E30222077696474683D2235302E302220783D223535352E302220793D223132352E30223E3C2F6F6D6764633A426F756E64733E0A2020202020203C2F62706D6E64693A42504D4E53686170653E0A2020202020203C62706D6E64693A42504D4E53686170652062706D6E456C656D656E743D2241637469766974795F3177396968676B222069643D2242504D4E53686170655F41637469766974795F3177396968676B223E0A20202020202020203C6F6D6764633A426F756E6473206865696768743D2238302E30222077696474683D223130302E302220783D223437302E302220793D222D37302E30223E3C2F6F6D6764633A426F756E64733E0A2020202020203C2F62706D6E64693A42504D4E53686170653E0A2020202020203C62706D6E64693A42504D4E456467652062706D6E456C656D656E743D22466C6F775F30303833617272222069643D2242504D4E456467655F466C6F775F30303833617272223E0A20202020202020203C6F6D6764693A776179706F696E7420783D222D36322E302220793D223135302E30223E3C2F6F6D6764693A776179706F696E743E0A20202020202020203C6F6D6764693A776179706F696E7420783D222D33302E302220793D223135302E30223E3C2F6F6D6764693A776179706F696E743E0A2020202020203C2F62706D6E64693A42504D4E456467653E0A2020202020203C62706D6E64693A42504D4E456467652062706D6E456C656D656E743D22466C6F775F31777374756D70222069643D2242504D4E456467655F466C6F775F31777374756D70223E0A20202020202020203C6F6D6764693A776179706F696E7420783D223232302E302220793D223135302E30223E3C2F6F6D6764693A776179706F696E743E0A20202020202020203C6F6D6764693A776179706F696E7420783D223237352E302220793D223135302E30223E3C2F6F6D6764693A776179706F696E743E0A2020202020203C2F62706D6E64693A42504D4E456467653E0A2020202020203C62706D6E64693A42504D4E456467652062706D6E456C656D656E743D22466C6F775F306B62326B6936222069643D2242504D4E456467655F466C6F775F306B62326B6936223E0A20202020202020203C6F6D6764693A776179706F696E7420783D2237302E302220793D223135302E30223E3C2F6F6D6764693A776179706F696E743E0A20202020202020203C6F6D6764693A776179706F696E7420783D223132302E302220793D223135302E30223E3C2F6F6D6764693A776179706F696E743E0A2020202020203C2F62706D6E64693A42504D4E456467653E0A2020202020203C62706D6E64693A42504D4E456467652062706D6E456C656D656E743D22466C6F775F303636357A3733222069643D2242504D4E456467655F466C6F775F303636357A3733223E0A20202020202020203C6F6D6764693A776179706F696E7420783D22313435302E302220793D223135302E30223E3C2F6F6D6764693A776179706F696E743E0A20202020202020203C6F6D6764693A776179706F696E7420783D22313439322E302220793D223135302E30223E3C2F6F6D6764693A776179706F696E743E0A2020202020203C2F62706D6E64693A42504D4E456467653E0A2020202020203C62706D6E64693A42504D4E456467652062706D6E456C656D656E743D22466C6F775F316333666B6334222069643D2242504D4E456467655F466C6F775F316333666B6334223E0A20202020202020203C6F6D6764693A776179706F696E7420783D22313331352E302220793D223135302E30223E3C2F6F6D6764693A776179706F696E743E0A20202020202020203C6F6D6764693A776179706F696E7420783D22313335302E302220793D223135302E30223E3C2F6F6D6764693A776179706F696E743E0A2020202020203C2F62706D6E64693A42504D4E456467653E0A2020202020203C62706D6E64693A42504D4E456467652062706D6E456C656D656E743D22466C6F775F316D356C667469222069643D2242504D4E456467655F466C6F775F316D356C667469223E0A20202020202020203C6F6D6764693A776179706F696E7420783D22313233302E302220793D223232302E30223E3C2F6F6D6764693A776179706F696E743E0A20202020202020203C6F6D6764693A776179706F696E7420783D22313239302E302220793D223232302E30223E3C2F6F6D6764693A776179706F696E743E0A20202020202020203C6F6D6764693A776179706F696E7420783D22313239302E302220793D223137352E30223E3C2F6F6D6764693A776179706F696E743E0A2020202020203C2F62706D6E64693A42504D4E456467653E0A2020202020203C62706D6E64693A42504D4E456467652062706D6E456C656D656E743D22466C6F775F3137676530786E222069643D2242504D4E456467655F466C6F775F3137676530786E223E0A20202020202020203C6F6D6764693A776179706F696E7420783D22313233302E302220793D2238302E30223E3C2F6F6D6764693A776179706F696E743E0A20202020202020203C6F6D6764693A776179706F696E7420783D22313239302E302220793D2238302E30223E3C2F6F6D6764693A776179706F696E743E0A20202020202020203C6F6D6764693A776179706F696E7420783D22313239302E302220793D223132352E30223E3C2F6F6D6764693A776179706F696E743E0A2020202020203C2F62706D6E64693A42504D4E456467653E0A2020202020203C62706D6E64693A42504D4E456467652062706D6E456C656D656E743D22466C6F775F31663335317072222069643D2242504D4E456467655F466C6F775F31663335317072223E0A20202020202020203C6F6D6764693A776179706F696E7420783D22313038302E302220793D223132352E30223E3C2F6F6D6764693A776179706F696E743E0A20202020202020203C6F6D6764693A776179706F696E7420783D22313038302E302220793D2238302E30223E3C2F6F6D6764693A776179706F696E743E0A20202020202020203C6F6D6764693A776179706F696E7420783D22313133302E302220793D2238302E30223E3C2F6F6D6764693A776179706F696E743E0A2020202020203C2F62706D6E64693A42504D4E456467653E0A2020202020203C62706D6E64693A42504D4E456467652062706D6E456C656D656E743D22466C6F775F30766C7239686B222069643D2242504D4E456467655F466C6F775F30766C7239686B223E0A20202020202020203C6F6D6764693A776179706F696E7420783D22313038302E302220793D223137352E30223E3C2F6F6D6764693A776179706F696E743E0A20202020202020203C6F6D6764693A776179706F696E7420783D22313038302E302220793D223232302E30223E3C2F6F6D6764693A776179706F696E743E0A20202020202020203C6F6D6764693A776179706F696E7420783D22313133302E302220793D223232302E30223E3C2F6F6D6764693A776179706F696E743E0A2020202020203C2F62706D6E64693A42504D4E456467653E0A2020202020203C62706D6E64693A42504D4E456467652062706D6E456C656D656E743D22466C6F775F30666F6635696C222069643D2242504D4E456467655F466C6F775F30666F6635696C223E0A20202020202020203C6F6D6764693A776179706F696E7420783D22313031302E302220793D223135302E30223E3C2F6F6D6764693A776179706F696E743E0A20202020202020203C6F6D6764693A776179706F696E7420783D22313035352E302220793D223135302E30223E3C2F6F6D6764693A776179706F696E743E0A2020202020203C2F62706D6E64693A42504D4E456467653E0A2020202020203C62706D6E64693A42504D4E456467652062706D6E456C656D656E743D22466C6F775F31746978347638222069643D2242504D4E456467655F466C6F775F31746978347638223E0A20202020202020203C6F6D6764693A776179706F696E7420783D223836352E302220793D223135302E30223E3C2F6F6D6764693A776179706F696E743E0A20202020202020203C6F6D6764693A776179706F696E7420783D223931302E302220793D223135302E30223E3C2F6F6D6764693A776179706F696E743E0A2020202020203C2F62706D6E64693A42504D4E456467653E0A2020202020203C62706D6E64693A42504D4E456467652062706D6E456C656D656E743D22466C6F775F30657A6D766438222069643D2242504D4E456467655F466C6F775F30657A6D766438223E0A20202020202020203C6F6D6764693A776179706F696E7420783D223737302E302220793D223232302E30223E3C2F6F6D6764693A776179706F696E743E0A20202020202020203C6F6D6764693A776179706F696E7420783D223834302E302220793D223232302E30223E3C2F6F6D6764693A776179706F696E743E0A20202020202020203C6F6D6764693A776179706F696E7420783D223834302E302220793D223137352E30223E3C2F6F6D6764693A776179706F696E743E0A2020202020203C2F62706D6E64693A42504D4E456467653E0A2020202020203C62706D6E64693A42504D4E456467652062706D6E456C656D656E743D22466C6F775F3167676D6F6D79222069643D2242504D4E456467655F466C6F775F3167676D6F6D79223E0A20202020202020203C6F6D6764693A776179706F696E7420783D223737302E302220793D2238302E30223E3C2F6F6D6764693A776179706F696E743E0A20202020202020203C6F6D6764693A776179706F696E7420783D223834302E302220793D2238302E30223E3C2F6F6D6764693A776179706F696E743E0A20202020202020203C6F6D6764693A776179706F696E7420783D223834302E302220793D223132352E30223E3C2F6F6D6764693A776179706F696E743E0A2020202020203C2F62706D6E64693A42504D4E456467653E0A2020202020203C62706D6E64693A42504D4E456467652062706D6E456C656D656E743D22466C6F775F316E6D70636465222069643D2242504D4E456467655F466C6F775F316E6D70636465223E0A20202020202020203C6F6D6764693A776179706F696E7420783D223538302E302220793D223137352E30223E3C2F6F6D6764693A776179706F696E743E0A20202020202020203C6F6D6764693A776179706F696E7420783D223538302E302220793D223232302E30223E3C2F6F6D6764693A776179706F696E743E0A20202020202020203C6F6D6764693A776179706F696E7420783D223637302E302220793D223232302E30223E3C2F6F6D6764693A776179706F696E743E0A2020202020203C2F62706D6E64693A42504D4E456467653E0A2020202020203C62706D6E64693A42504D4E456467652062706D6E456C656D656E743D22466C6F775F30397234657077222069643D2242504D4E456467655F466C6F775F30397234657077223E0A20202020202020203C6F6D6764693A776179706F696E7420783D223538302E302220793D223132352E30223E3C2F6F6D6764693A776179706F696E743E0A20202020202020203C6F6D6764693A776179706F696E7420783D223538302E302220793D2238302E30223E3C2F6F6D6764693A776179706F696E743E0A20202020202020203C6F6D6764693A776179706F696E7420783D223637302E302220793D2238302E30223E3C2F6F6D6764693A776179706F696E743E0A2020202020203C2F62706D6E64693A42504D4E456467653E0A2020202020203C62706D6E64693A42504D4E456467652062706D6E456C656D656E743D22466C6F775F31653961643135222069643D2242504D4E456467655F466C6F775F31653961643135223E0A20202020202020203C6F6D6764693A776179706F696E7420783D223330302E302220793D223137352E30223E3C2F6F6D6764693A776179706F696E743E0A20202020202020203C6F6D6764693A776179706F696E7420783D223330302E302220793D223232302E30223E3C2F6F6D6764693A776179706F696E743E0A20202020202020203C6F6D6764693A776179706F696E7420783D223334302E302220793D223232302E30223E3C2F6F6D6764693A776179706F696E743E0A2020202020203C2F62706D6E64693A42504D4E456467653E0A2020202020203C62706D6E64693A42504D4E456467652062706D6E456C656D656E743D22466C6F775F316E6932777A32222069643D2242504D4E456467655F466C6F775F316E6932777A32223E0A20202020202020203C6F6D6764693A776179706F696E7420783D223330302E302220793D223132352E30223E3C2F6F6D6764693A776179706F696E743E0A20202020202020203C6F6D6764693A776179706F696E7420783D223330302E302220793D2238302E30223E3C2F6F6D6764693A776179706F696E743E0A20202020202020203C6F6D6764693A776179706F696E7420783D223334302E302220793D2238302E30223E3C2F6F6D6764693A776179706F696E743E0A2020202020203C2F62706D6E64693A42504D4E456467653E0A2020202020203C62706D6E64693A42504D4E456467652062706D6E456C656D656E743D22466C6F775F30376E30367568222069643D2242504D4E456467655F466C6F775F30376E30367568223E0A20202020202020203C6F6D6764693A776179706F696E7420783D223339302E302220793D2234302E30223E3C2F6F6D6764693A776179706F696E743E0A20202020202020203C6F6D6764693A776179706F696E7420783D223339302E302220793D222D33302E30223E3C2F6F6D6764693A776179706F696E743E0A20202020202020203C6F6D6764693A776179706F696E7420783D223437302E302220793D222D33302E30223E3C2F6F6D6764693A776179706F696E743E0A2020202020203C2F62706D6E64693A42504D4E456467653E0A2020202020203C62706D6E64693A42504D4E456467652062706D6E456C656D656E743D22466C6F775F3039677A657134222069643D2242504D4E456467655F466C6F775F3039677A657134223E0A20202020202020203C6F6D6764693A776179706F696E7420783D223434302E302220793D223232302E30223E3C2F6F6D6764693A776179706F696E743E0A20202020202020203C6F6D6764693A776179706F696E7420783D223435352E302220793D223232302E30223E3C2F6F6D6764693A776179706F696E743E0A20202020202020203C6F6D6764693A776179706F696E7420783D223435352E302220793D22302E30223E3C2F6F6D6764693A776179706F696E743E0A20202020202020203C6F6D6764693A776179706F696E7420783D223437302E302220793D22302E30223E3C2F6F6D6764693A776179706F696E743E0A2020202020203C2F62706D6E64693A42504D4E456467653E0A2020202020203C62706D6E64693A42504D4E456467652062706D6E456C656D656E743D22466C6F775F3130387A6D7861222069643D2242504D4E456467655F466C6F775F3130387A6D7861223E0A20202020202020203C6F6D6764693A776179706F696E7420783D223532302E302220793D2231302E30223E3C2F6F6D6764693A776179706F696E743E0A20202020202020203C6F6D6764693A776179706F696E7420783D223532302E302220793D223135302E30223E3C2F6F6D6764693A776179706F696E743E0A20202020202020203C6F6D6764693A776179706F696E7420783D223535352E302220793D223135302E30223E3C2F6F6D6764693A776179706F696E743E0A2020202020203C2F62706D6E64693A42504D4E456467653E0A202020203C2F62706D6E64693A42504D4E506C616E653E0A20203C2F62706D6E64693A42504D4E4469616772616D3E0A3C2F646566696E6974696F6E733E, 0);
INSERT INTO `act_ge_bytearray` VALUES ('1537728460795453442', 1, '会签.huiqian.png', '1537728460795453441', 0x89504E470D0A1A0A0000000D494844520000030A0000005C0806000000CE074256000000206348524D00007A26000080840000FA00000080E8000075300000EA6000003A98000017709CBA513C0000000467414D410000B18E7CFB5193000000017352474200AECE1CE900000006624B474400FF00FF00FFA0BDA793000000097048597300000EC400000EC401952B0E1B00001EDA4944415478DAED9D0B589465DAC7DF770ECC20A268FA85998AE8658775D36C6BDD2C252D3B6C229699B8B57DDAA7A65BF979684D590F9896747215BB485DB534CD55149334C1C38766AE6BAC59A65B6620272591C00330C01CBEE73FCCCBBE4C33301C6780FFEFBA6E98F79D9761E6E5CFF3DCF773DFCFF34812218410420821841042082184104208218410420821841042082184104208218410420821843402326F814F6214F61B615D85050B0BE22DA93385C2B285E5084B1566E62DA1FEA83FEA8FFA23D41FF5471828342B02030307B56BD72EE6F2E5CBF7949696EA79471A169D4E77DD6C36EF140F9708FB8E7784FAA3FEA83FEA8F507FD41F61A0E0EB0475EFDE7D576666E6FDCA89010306587AF5EA650B0E0EB6B66FDFDEC65B5437AE5CB9226767676BBEFFFE7BCD9933673476D1CBB2C566B3AD110FA70B33F12E517FD41FF547FD517FD41FF5471828F81C1D3B76FC9556ABFDBFBCBCBCCE010101B6E9D3A7974D9A34A9BC5BB76E6C9C1A98B367CF6A56AE5CA98F8B8BF3339BED19D063C24609CBA5FEA83FEA8FFAA3FEA83FEA8FFA230C147C894E82B3972F5FEE70C71D77583FFDF4D362E7062A313151B765CB165D7A7ABA263030D0367BF6ECB2A143875A78EBEACE37DF7CA3193162847F6666A6C6D1583DD04A4736A83FEA8FFAA3FEA83FEA8FFA236ED1F216788F9B6FBEF9486E6E6E4FA4390F1F3E5CD2B973E7CA46CA64324963C78EF57FFFFDF7FD8E1E3DAA158D99263838588E8F8FD7E5E7E7CB43860C616355476EBCF1469BB8B7E66DDBB6E9AE5CB9D20D1D86B0DDD41FF547FD517FD41FF547FD517F848182D7118DD2A3A2919A85FA47D11015DF70C30D554632A64E9D6ADCB3678FFED2A54BF6AC0F5275191919725E5E9E9C9E9EAE1D346890B96BD7AE4C8FD691C0C04069D8B06196356BD6E86D36DB9DE2D4366197A93FEA8FFAA3FEA83FEA8FFAA3FE48051ADE02EFA0D3E996E1FBFCF9F3CBBA74E952A5C1494E4ED67EF9E597BA9F7FFE59EADDBB37F2A3557EF6E2C58B724C4C8C8177B17E20DD2C3A8472FC398445517FD41FF547FD517FD41FF547FD11D5FF0B6F8157E8241A9B5B8C46A33471E2C472E7273FFFFC736D7171B1BC6EDD3A49A3D148E7CF9F97F2F2F250DB271D3F7E5C2A2D2D95B08A006F63FD79F1C517CB636363FDC4C3C71DFF0F66EA8FFAA3FEA83FEA8FFAA3FEA83FC240C15B0CC397071E78C08C0952CE4FCA82F0F070E9A1871E421D65E5F9DCDC5C29292949BA7AF5AA949D9D6DE56DAC3F7DFAF4B18686865E4F4B4BC3A63AD864E718F547FD517FD41FF547FD517FD41F61A0E02DECADCFADB7DEEAB2B1C1DACD93264DB2EA743A8DD379E9B9E79EB33F9E3F7F3EEB231B08FC1D444385875DA93FEA8FFAA3FEA83FEA8FFAA3FE48054C9F7987B6F882759B5D3DD9B76F5FEBFEFDFBDDAEAA60369B6D2693890D5503D1AB572FA3BA03A1FEA83FEA8FFAA3FEA83FEA8FFA230C147C92C183075B9293936D8585852EEBF5121212CC03070EE4F26C0D846AE7CD20DE0DEA8FFAA3FEA83FEA8FFAA3FE0803059F056B3877EBD64D5EBA74A9CBE56BB76FDF8EF587B5B88E10EA8F507F84507F8434069CA3E04360ADE6D8D858635151916EF6ECD9B25EAF7779DD962D5B64D148F94D9932452F1AB4F2975E7AA94CBD590C21D41FA1FE08A1FE08A92FCC28F85023B560C1823623468CD05B2C16B78D94FAFABE7DFBCA3366CCD08BC6CDB063C70E067D84FA23D41F21D41F210C145A1A717171C62953A668B1C1CBC30F3F2CAD5DBBB6DAEB972F5F2E3DF9E49352505090BC68D122FD4F3FFDA43B71E204FF9E84FA23D41F21D41F210C145A12F9F9F93A65CDE68103074A6DDBB695626262A4C2C2C22AD7612DE779F3E6D9AF090909A93C3F71E2446D7C7CBC9E7792507F84FA2384FA23A42160BACC47C0262FEAE3A79F7EDADE28BDF7DE7BF6C60A0D17080A0A9266CE9C69FF5EE50FA9D369B45A2DEB2409F547A83F42A83F421828B454525252A4B0B030FB062F5151511E5D4B08F547A83F42A83F421A12961EF920870E1D6A946B09A1FE08F54708F54788A730A340082184104248F300BB59070B0B1176A3E3F8BAB09F84653BCCECCB8142937E004208218410425A30F0A9470A8B10765F0DFE3B76034C11162F6CB7B05C5F0814823B74E8F084BFBFFF844B972EF5339BCD6E5F57ABD596C8B2BC575CB3DDF1010AF9F7278410420821A40A61C25E7304079E8201FA471C063E15364FD8496F040ABD7BF6EC19979E9EFE6041418104D3E97452F7EEDDAD212121B61B6FBCD166341A6DD7AF5F977FFAE927393B3B5BCECCCCF4173F370A2602068BCD668B138F97D437E269EE58AD56F382050BEC8FCF9F3F2F8BC71EADA0509B6B09A1FE08F54708F5477C9EBE8E0021A2015EEB7147D0F091B06848B72902854EA1A1A1CB333232224590208B60407AE8A187CC111111E611234698ABDBCE3C2B2B4B4E4C4CD46DDFBE5D7FF8F061ADD96C7E51A3D14C10FFA86F8AA7DF912ACA945A1DD1D1D125FCBF20D41FA1FE08A1FE48ABE67961EF57E7A3BB1B90177EB92627274776E3EFFFB7B0D1C2C64A15153D8D132874ECD8F157C2B1FF3C2D2DAD03B207CF3EFB6C794C4C4C69972E5D3C8AAABB75EB669B3A756A39ECECD9B39A59B3661944E0D0463CB5D011F58C905A7976811042082184B42AE0932F13F6A2AB27870E1D6A19397264F9A851A3CCF0A5DDBD087CEBF8F878DD279F7CA23B7EFCB8D6E9696C0AB2D3E1732F69F0404104034F1614146C31994CBA01030658D6AF5F6FBAE38E3BAC75BD237DFAF4B1EEDAB5AB049985F1E3C71B45F0F11B71FA2BA9A234E918354308218410425A41909028FD675E412583070FB6BCF5D65BA5F7DC738FC553DF7AEEDCB965B0E4E464ED2BAFBC62FCE69B6F344EBF6BB15431417A6283050A227A89BC70E1C2268BC52247464696AF5BB7CE8492A3860037213535B578F4E8D1FE070F1EC48A49FB843DC460811042082184B470E29C83848080001B7CED3163C6D479A5D0E1C3875B8415AD58B1423F73E64CA3D95CE5A5FE47AA98AF506D66C1A30DD7828282FAE5E5E56D40903067CE9CB2CD9B37375890A0D0A143075B525252314A99A48AD4488254B1CC2A2184104208212D91C90EA7BD92D0D050EBF1E3C78BEB1324A879F9E597CB0F1C38508C390D4E4F2D14F6FBFA060AC15AADF630CA8DE0C4BFFEFAEBA58D75A730E701D113EAB01C4142A22368208410420821A4253150D84AF509940E1D3972A4F8F6DB6FB736E42F42F5CEC183079D830554166D912ACA90EA1628848484ACCBCFCF6F87DA2838F18D7DC7102CC4C7C797209A128798B330933A2284104208212D8C3724D53480F6EDDBDB1212124A3C5D20A8B620F8D8BA756B097C6D1518905F50D740A17F5656D6232833DAB871A3C9E9851B0D942161A2B4E37096C412244208218410D27240C94F98FAC4860D1B4C0D9D497006998577DE79C779E0FF19F8FCB50E147AF4E8F137CC4B983871621952214D79F7F041B0278323D289A29E0821841042480B61A9FA003E6F7878B8B9297E31E62C38AD5A8A4CC06BB50D14FA666464DC8534487474749937EEE0DB6FBF5DAAD168F0415E1016444D352E478F1ED5D6F6674E9C38A18179726D7A7ABA867799780AF4E2B44283643299DCEAC8D5F58434840E2F5EBC28D7741DD62EE7DD2275E943D5C768C3DC69E9CC99339A6BD7AEC9BC6B2D02CC4DE85BE9A5EB74D2D2A54B4B9BF20DBCF5D65BCE5905EC65F68B0A1EB7B54437DD74D3B3172E5C909E78E209334A81BC711791C5B8FFFEFBCD870E1DF2932A52349BA8ADC6233232D22882C32257CF61692DD180C93366CC28DBBA75AB0EBB00E2FCCE9D3BED1AC2AEDCCAB513264C2877F51AA1A1A101369BED1AEF34F184D8D8587D7676B606F594CAB9B973E71ACE9F3FAFD9B16347959D54D1793EF2C823FEE2674C5AAD564A4949F945D07BE79D775AD19EF1CE92DAB06EDD3A5DCF9E3D6DEEDA35B07AF56AFD871F7EA8FFE28B2F8AE7CD9BE7E7EA1AD176967BAB2F25BE0BD6B87FFAE9A7CB274D9A64D7D79B6FBEE9F7EDB7DF6AB0BAA4F3B54F3DF594FFC68D1BD1F6C9D3A74FFFC5D293B367CF2E7BECB1C7CC18F42B29F94F13891D7B57AD5AE55297C2BF2AE65FC12B545969089BA83576C99133583A15F38F9D3665C3FB5AEB51A0209CC2A7F07DF4E8D15EED58C78C19631542B6FBA2CD2450C877DCE4F9C24CBEFA26318A91909050E5EF7FE5CA15D9B993139DA359749256114498EFBBEFBE36414141B6B66DDBD6BAB3CBCACA926FB8E1067692D49F475A4150FAC20B2F944F9C38D1880D19B10BE5A953A71034E877EDDA558C515E6C5B8F095F1881FBC31FFE601C3972A4190D1FB40DC7CEF9753B75EA44FD517F35F2EEBBEFFA6DDAB44927DA39FBB1084C65CCD3432080E3C2C242392A2AAA5459B610FA5CB264899F084EED9E992BEDD93BDB269AE347FD350FFD216B70E4C811EDB061C3CCD016F4818CE9EBAFBFEE87D5254580AA7FF4D147CDCAA4561CDF75D75D960103065871DD071F7C50F9F9FEFDEF7F6B44A061BCEDB6DBEC8EE6B163C7B4274F9ED47CFDF5D7DAF0F0707B00D2AF5F3F8B082ECA67CE9C69107E5DF9EF7EF73B0CC4B6A164BCA6C3D1EA83888888726FBC51F49B4E81C2684F0385E04B972EF5C4660F43870EF56AA0809AAD3FFDE94F78F888E3FDFAFA8860470C1248155B70AFF4D5064B3422DA7FFEF39F5A8C4028E7D6AC592385858555EEFC171313E38763D1F1499D3B77B62526269660444C7CD7299D263A514790A1571A2357BF0F0D193B4AEACF13B0290C46C0E09065646420783528CF5DBF7E5D1A3F7EBC3F0256684D3868650812A02DD1099621358F8E144629507F75A1A0A040127D4EB99241C0E0893AA3806325A3BA67CF1E9D386F44860B01AE0868A5EA320F84FA534090B07CF9723F38F2F0B3D2D3D3ED9A423B96979727AF5DBB56DFA3470FAB08142CC898E2DABD7BF716CF9831C3F0CC33CF942B6D1CDABC975E7AC9B079F3E6120CEAE11C32FF070E1CD08A7E5A7AEDB5D7CA106488405693969626A30DCDCDCDC5631B4B35BDA6C39B85DDAA1C602042F8BA166FBC512403A2A2A20CAA5361CEBEB63BCFCDFE0144F46A6DE88DD56A0B461285937A5DFCE3B475DCDCF3CD4428FEBEDE60050707DB860D1B56294E83C150E5583432F6910CD4E7A231C263040C68BCE6CF9F5FEAB8C61E203CF7DC73E5AA8E56764EB1A7A6A66AE1FC611B71A70934A495EACF1D4AA9113ABA458B1619D4A9F1214386B481F6149D429B212121D677DF7DB774DCB871FEFDFBF7B7DC7EFBED65FCF3537FF50125958AE376F8F061DDD75F7F6D531F0B87ACDC31E0A2D9B56B5709B25B8F3DF6589B53A74E15B1BC88FAF3140C76C09177F55C464646E53C05E1C8F9219BB06FDF3E9D6817756FBEF9A6BDFF4500101D1DED87ECD7B973E734F7DE7BAFC5DD801C5E0F2599A21FD608DDDA1010233341BCA2C3DEEA8B44D067090C0CF45A897FD7AE5D6D393939CADC17A3B3AFED2E50E86AFFD2B5AB4F387437DD749359040A52330B14AA138A4FF0C5175F68FFF8C73F564682F9F9F9B2FA18CF2300F8E1871F34080876ECD8A1131D61B1BAFE1B4103BEABCF858686DA9C3BCBDDBB77EB901DFAE8A38FF44A23475AB7FE1A02A4E557AC5851BA79F366DD8F3FFE28C7C4C498852603DC5DFFF1C71F9BD0995216D49F3B3097050354BD7AF5B22A0E160655946CAB68DBA4DEBD7BDB9F9B3B776E199CADDFFEF6B701428726E1F4F96DDFBEDD65BF2AAEB1AAE7DB10EACF53A037CCD79A3C79B21103271B366CD023C370CB2DB7D837E64270307BF66C03CE619E168206F4C9283D42060C9A1D3C78B0194109F48C7E1D832D781D4AC42B3A3CA37E52F1A3BC057EBF0814D4E5471E050AF659CF681C7DE10E8B8005B57678F892B061CD5C28D3855DF08537848E509D09484E4ED6A98F737373ED112696AA8589062A00A94D4CBA7135910A2C5BB6CCA4A43F15908D387DFAB406A36D98E7B068D1A2526F67AADC10D60A1A2A9FD19F2B94BA5D3CFEEEBBEF34D02046CDD49A4C4A4AD229A36DA8E1455601F5B948D9437BCE13F265590E6C2693E8A93F1FE0ABAFBEB26B2B2B2B4BAB040A8585853683C150D991EEDBB74F8B36118F517A844C2926CAC390DD52AE53E67CB91B35A6FE5AB7FE30F8867ED5D57318B853FA632C658992A33973E69462F439313151BB7EFDFA12758925D6DF4716F6F2E5CB3232AB28DD447B8900F7FBEFBFD788E7FD900DC363041028DFBC74E99286FAF38A0EABF848DEF6B59D766AB69F521FB80B14ECB3B83047C117EEAC10B47253C7B400A1E09E77577C186FBE114F4B8F9C416911AE55CF6F0098D380E79CAF5FB870A10175BB18A5C3EBA39C0493B57CB4A36CE98D95CFE8CF15A89F554A3CB2B3B3ED9348956380D15B747E427FF6735F7EF9A556040886169225A0FE7C80B8B8383F75D61365479808AF9EA4FCFCF3CF1BE1FC4F9932C52034D95296ABA4FE9A1038F370EE9595D8A025D13796A1BC570922909DC763644C31FA8FB90753A74E356232F2A851A3FC9D5F539DB5127DB105A571E873D1F70E1C38D01E58A06A40C928600543EACF2B5409D0BCED6B2368743EE549A0602F5C2B2D2DF589065044D64AA31D2FEC5B1F17C04237E72F392C4458A15491DAF1AA383C2D3D72F5B3A873745E8212E75C8D981C3C7850FBC30F3FD835151D1D5DFAEB5FFF3AE0F1C71F37FBA07397E2B0E64CB3D19F2B1C1391ED012896098483A61E8DC58898D2C929412B7671C7086F0BE83CA83F1F009DB67A42320255E7E5511128E03B26200E1F3EBC54AFD707527FD45F6DC08A6E58296BD0A0416DB0ACAEE817AD63C78EF54F4A4AB29712C5C7C7DB2794224B8AC9F3E3C68D2B87438789CCC866299953E7795BAEC072ABC89425242420F0B54F7256FAEFBBEFBE5BE35C0540FD35BA0EFB08AB5C61D2DBBEB6B23883FA94278142AEFD8BA3F4C4DBA836BB79AF1908C95920A7849D7644CAFB85C5089B5C8D909A042C718A8665CE9C39954E9870E875EACDF5DE78E30D3F7FFFAA831658460BAB256162329C36A740A18A5EB06C20020F8C9A28731630B281D1BA279E78C27FCF9E3DC53EB63A0DB415DDC21A289FD45F4D60350ECC8B41295B75D74157E8345B50A040FD79990B172E68D4F35CB06C341C374C1A75BE166BD64B2D07EAAF89C06A59582E1C13589139C5B9A953A7962B1391C78C19E33F6BD6ACB2A79E7ACA88C51A943D16E00BFDE31FFFD06279E89A9CFBA2A2221925BF22C0308A00C4ACCCB141FFDDBF7F7FABB242A18BD164EAAFF175B846D8F24A87DBCBBEB6B3EF86539E040A19F62FAA59F7DE2427274719E53EDF8C84A2160602AF3B9500CC17C01AE0CA3AE00A5AADD6A66E7C56AF5E5DE9A4617936641CC68F1F6F9C366D5AD9F0E1C3CD0800D43F8F0649798C5429EAC6914A75DEE40A8D1E46388483879190B2975F7EB9CC47E72C34677C5A7F35050948AF633105EC8B50D7D740A78B65062905EAAF366CDAB4A944DD363A2F8F0AD4F366DC690FA05E9CFB77507FCEAC5CB9528F7D62EC4E98D08A63695D1BFA46B459C299D76023ACD8D8D8D2FDFBF7EBE2E3E3654C9247B9F0A041832C8E9A76BB7F86724C387ACA8EF570FC478F1EED7FEEDC39F9E1871FB6207B8FFE5AE96351528C20A1BA0C0469741D865571B8BDEC6B2BCBDCAB4F791228D82F4234AA6EF4BC01FE697EFEF9676C0A626A2E1D8D604B73EC20AB038D11463C3011192549CA845380D427BE6392544C4C4C291AAC3FFFF9CF46041A22787039E286956AFAF6ED6BFDFBDFFFAE9F32654A399617649B42FD01A11DC3BFFEF52FCDDEBD7B4BEAF31ACB962DB38F0063F23D2541FDD56610A5A66BAADB2BA1A4A4446ED7AE9D7D9E5FFBF6ED6D583E9592A0FED4AC5AB5CA84C0008F67CE9C59161616D646D9D3000EFD82050BEC99FDF0F070B33094BF69505EA438FBEA1261AC7C24DA4A9D30FB7144440456172C51366AC306942260A8B2B11AE6090AB33F46D080FE98B269521D66AB2F447F071FCB1B03A60852333333D5818AD9F97FC66DA0E0E7E7F7637E7E7EAF43870E69BD19797EF2C92736019CD27D52F35887DBD45C3B482C1DE9EE394CB05226F8614443BD17828B2DE06D2242BD5E538089D11325A54AA83F0594C309ADD95CE9C7B1AAD62F82CA19336654D111569E51AF3E43A8BFBA82DDE96B1AC8484B4BAB5C690BE524CD64952DEACF4B284102C0001CACBAEB9DCB8C9CB3F9D581F25E177D34F1AE0ECF491503F22138409918569D4460D8D46F342121C1B9A33DE2EC6BBBF5E4CACACA3E16DFFE221C759D3703850F3EF8E02ADA5EA962227373A06773ED203D9D5C8CA8B7A68E93BB30537F754559F5C35DA7E7EA3C37B9A2FE1AED037930D1D34726839216A83FD26275B853D8FF561EECDCE9954041F8F87A17EFAB0AD5D545EDC697AD5BB7EABDB57B9F63E24E67F5FB6906B09122D41FA1FE08A1FE0875E8D647571F7CFCF1C77A940135E59BC4E2345895B2BAF75553A0704C96E52F304966C992257EDEB8D393264D2AB45AADF8DD1FB1012084104208212D0094F89C570E30201F15156568CA37F0CA2BAF18AA7B4F9E040A92CD66FB0BBEC7C6C6FAA996286D12B0D3E5EEDDBBBB4815132BA2A9294208218410D202806FBB507D025985A3478F36C952DFD86C0F4BD83B9D9EE7EADA9A96644A11B613EB482B1BCC340588ACC2C3C3AF392631AF942A267E104208218410D212F850D8C9CAC8C16CB6EFA1D1D803F367CE9CD14C9830C1D9A7DF29B9D9A7CC93B55B5F916539FFB3CF3ED3CD9D3BB749D22211111185191919C18E006109B54408218410425A18AFAA0F72727264E103FB63EFAAC6F8650842468C18E18F959654A791DD98E7EE673C0914CED96CB6D17821ECD4BB7AF56A7D63DEB169D3A65D4F4A4AEA26556C213D42D865EA881042082184B43092842D569FC024E3071F7CB0C1330BC82460CF8EB4B43467DFFF0561DFD627500029C25EC483C993271B1B23B380948B88720A57AC58A1CC4B182BEC3B6A881042082184B450309AFFA973B070F7DD770734D49C855DBB76E9EEBDF7DE3667CF9E75F6FB51DEBFB6BA9FADCD62F7AB94174566E1E4C9939AB56BD79A94DDFFEA03DEF8A38F3E7A5544394A26E119A9F92C874A0821841042485D8914F6B9B0FECA0994210D1932A44D646464F992254B4AD51BF5790AB208AFBEFAAA213131D195BF8FEDBCA7D7F41AB5DD150BC1C2F7C2B67DF6D9679D6EB9E516FF69D3A699A3A2A2CAEAB2F5744141813C63C68CAB1B366CE864B55A9149382F55941B7D4BCD104208218490560006C9EF1786CD8E1F574EA2DA66E3C68DFA6DDBB6E9113044444498870F1F6EAECEE7C6FC0611186877EEDCA9C7CECB780D17FC4DD814A9A282A74103059022EC77C2DE126F2662F1E2C5DAB8B838CDB871E36C23478E348BE8C752DDAEBC58D1E8E0C183BAB56BD716880FD2BEBCBCFC26C71BFD40D81C89FB25104208218490D6172C60B0FC35617F71F69DD7AF5FAF87050404D8EEBAEB2E6B8F1E3DACC1C1C13683C160C3E4E4DCDC5C3923234373E2C4096D351B25C3DFC65482559EBE295D1D3F0C56231A252C0C1F283F3FFFBED8D858FB7E0BEDDAB52BEBD3A74F49AF5EBDE4EEDDBB1BF101C4F345D9D9D9E6CCCC4CF9F4E9D38122BA4128E4EF782DD465A13EEB24354208218410425A31F089B1F9D95249558AA480A0C0B107426DE72FA4481503F2C76AF343BA7A7E18FC52A44A060AFBBDB0D157AF5EBD353535D54F98FA3AE7C9CF78126BB662AB689619114208218410524192C39E932A36660BA9C76BC1CFC632AC759AFBAB6BA00F74CC61F31C1F06D64318F64240F600E9149414E548152B19B1BC88104208218410F76053B64DC2EE13365258848741037CED78477070AC3E6F40D7081FEABCC3082184104208217507F30A521C86558A7A0BBB59723F208FE901D90DF5CB75BCFF841042082184340BCE39AC4960A0400869361C3870409B9292A20D0B0BB3E0D8D5E361C3865978A708218410060A849056048281C58B17637184521CBB7ACC40813445B05AD3750C5A09210C1408218490D619ACD604835642080305420821A4B5E028752BF5F03A420869D668780B08218410420821CE30A34008218478084B8F08210C1408218410F20B587A4408694DB0F488104208218410F20B985120AD9EFCFCFC22F10DA504D7793708F547AAA3A5951E517F84FA230C147C0F93BD17292D95792BBC4F5A5A5AB9E36136F547A83FEAAF3A5A5AE911F547A83FC240C1F7B0FF439C3B778EA55F3EC0D9B367950E2387FA6B1E4E9ACA0973F798FAA3FE1A0564095AD22465EA8F507F848182EF71085F929393B5269349321A8DBC235E222B2B4B4E4F4FFF2FA922ED994AFD352F27CDDD63EA8FFA23D41FF547FD91FAC388DA3B64EB74BA53454545F2E6CD9BF5BC1DDEE3AF7FFDEB55C7C3FD9223254DFD11EA8FFAA3FEA83F42FD11060A5EC36C362FC1F7F9F3E71BAE5DBBC65A492F80D18CE5CB9777701CC6507F84FAA3FEA83FEA8F507FE43F68790BBCC669618F8B46AA6B6A6AAA263232D2ACD1306E6B2AD039F4EBD7EFDAD5AB57D150C50B5B46FD517FD41FF547FD517F84FA230C147C857DB22C47FEF8E38FED8E1D3BA68D8888B0180C06DE9546E6E2C58BF2800103AEE5E4E4741187DF091B29B5CEB427F547FD517FD41FF547FD517F8481828F5228EC98B0C7D2D2D2DAAD5FBF5ED3B16347F9B6DB6EB3EA749C67DE18A3186FBFFD7691E8100C0505051DC5A9738E462A9BFAA3FEA83FEA8FFAA3FEA83FEA8F5485B579BE4188B06DC27E8303A3D1687EF0C1074DA2C1F233180C36DE9EFA810D5D4E9C3851929A9AFA5F168B4599BCB657D8B3C22EF30E517FD41FF547FD517FD41FF5471828F83A4F0B7B55587FDE8A46E388B085C20EF056507FD41FF547FD11EA8FFA230C149A1B370B1BE2F8CE459EEB0FD668CE76344E1CC1A0FEA83FEA8FFA23D41FF5470821841042082184104208218410420821841042082184104208218410429A88FF07D1BFA11EA333A3D30000000049454E44AE426082, 0);
INSERT INTO `act_ge_bytearray` VALUES ('1537728460795453443', 1, '会签.bpmn20.xml', '1537728460795453441', 0x3C3F786D6C2076657273696F6E3D22312E302220656E636F64696E673D225554462D38223F3E0A3C646566696E6974696F6E7320786D6C6E733D22687474703A2F2F7777772E6F6D672E6F72672F737065632F42504D4E2F32303130303532342F4D4F44454C2220786D6C6E733A7873693D22687474703A2F2F7777772E77332E6F72672F323030312F584D4C536368656D612D696E7374616E63652220786D6C6E733A7873643D22687474703A2F2F7777772E77332E6F72672F323030312F584D4C536368656D612220786D6C6E733A666C6F7761626C653D22687474703A2F2F666C6F7761626C652E6F72672F62706D6E2220786D6C6E733A62706D6E64693D22687474703A2F2F7777772E6F6D672E6F72672F737065632F42504D4E2F32303130303532342F44492220786D6C6E733A6F6D6764633D22687474703A2F2F7777772E6F6D672E6F72672F737065632F44442F32303130303532342F44432220786D6C6E733A6F6D6764693D22687474703A2F2F7777772E6F6D672E6F72672F737065632F44442F32303130303532342F44492220786D6C6E733A62706D6E323D22687474703A2F2F7777772E6F6D672E6F72672F737065632F42504D4E2F32303130303532342F4D4F44454C2220786D6C6E733A64633D22687474703A2F2F7777772E6F6D672E6F72672F737065632F44442F32303130303532342F44432220786D6C6E733A64693D22687474703A2F2F7777772E6F6D672E6F72672F737065632F44442F32303130303532342F44492220747970654C616E67756167653D22687474703A2F2F7777772E77332E6F72672F323030312F584D4C536368656D61222065787072657373696F6E4C616E67756167653D22687474703A2F2F7777772E77332E6F72672F313939392F585061746822207461726765744E616D6573706163653D22687474703A2F2F666C6F7761626C652E6F72672F62706D6E222069643D226469616772616D5F50726F636573735F31363533363632333538393637223E0A20203C70726F636573732069643D226875697169616E22206E616D653D22E4BC9AE7ADBE2220697345786563757461626C653D2274727565223E0A202020203C73746172744576656E742069643D224576656E745F30767A6B663977223E0A2020202020203C657874656E73696F6E456C656D656E74733E0A20202020202020203C666C6F7761626C653A666F726D446174613E3C2F666C6F7761626C653A666F726D446174613E0A2020202020203C2F657874656E73696F6E456C656D656E74733E0A202020203C2F73746172744576656E743E0A202020203C757365725461736B2069643D2241637469766974795F306D6C6F6D306822206E616D653D22E794B3E8AFB7E4BABA223E0A2020202020203C657874656E73696F6E456C656D656E74733E0A20202020202020203C666C6F7761626C653A666F726D446174613E3C2F666C6F7761626C653A666F726D446174613E0A2020202020203C2F657874656E73696F6E456C656D656E74733E0A202020203C2F757365725461736B3E0A202020203C73657175656E6365466C6F772069643D22466C6F775F306F62763535362220736F757263655265663D224576656E745F30767A6B66397722207461726765745265663D2241637469766974795F306D6C6F6D3068223E3C2F73657175656E6365466C6F773E0A202020203C757365725461736B2069643D2241637469766974795F31326578336D3922206E616D653D22E5B9B6E8A18C2220666C6F7761626C653A61737369676E65653D22247B61737369676E65657D223E0A2020202020203C657874656E73696F6E456C656D656E74733E0A20202020202020203C666C6F7761626C653A666F726D446174613E3C2F666C6F7761626C653A666F726D446174613E0A2020202020203C2F657874656E73696F6E456C656D656E74733E0A2020202020203C6D756C7469496E7374616E63654C6F6F7043686172616374657269737469637320697353657175656E7469616C3D2266616C73652220666C6F7761626C653A636F6C6C656374696F6E3D2261737369676E65654C6973742220666C6F7761626C653A656C656D656E745661726961626C653D2261737369676E6565223E3C2F6D756C7469496E7374616E63654C6F6F704368617261637465726973746963733E0A202020203C2F757365725461736B3E0A202020203C73657175656E6365466C6F772069643D22466C6F775F317863343670392220736F757263655265663D2241637469766974795F306D6C6F6D306822207461726765745265663D2241637469766974795F31326578336D39223E3C2F73657175656E6365466C6F773E0A202020203C757365725461736B2069643D2241637469766974795F3165767165696E22206E616D653D22E4B8B2E8A18C2220666C6F7761626C653A61737369676E65653D22247B61737369676E65657D223E0A2020202020203C657874656E73696F6E456C656D656E74733E0A20202020202020203C666C6F7761626C653A666F726D446174613E3C2F666C6F7761626C653A666F726D446174613E0A2020202020203C2F657874656E73696F6E456C656D656E74733E0A2020202020203C6D756C7469496E7374616E63654C6F6F7043686172616374657269737469637320697353657175656E7469616C3D22747275652220666C6F7761626C653A636F6C6C656374696F6E3D2261737369676E65654C6973742220666C6F7761626C653A656C656D656E745661726961626C653D2261737369676E6565223E3C2F6D756C7469496E7374616E63654C6F6F704368617261637465726973746963733E0A202020203C2F757365725461736B3E0A202020203C73657175656E6365466C6F772069643D22466C6F775F306468653335732220736F757263655265663D2241637469766974795F31326578336D3922207461726765745265663D2241637469766974795F3165767165696E223E3C2F73657175656E6365466C6F773E0A202020203C757365725461736B2069643D2241637469766974795F303633616F333622206E616D653D22E680BBE7BB8FE79086223E0A2020202020203C657874656E73696F6E456C656D656E74733E0A20202020202020203C666C6F7761626C653A666F726D446174613E3C2F666C6F7761626C653A666F726D446174613E0A2020202020203C2F657874656E73696F6E456C656D656E74733E0A202020203C2F757365725461736B3E0A202020203C73657175656E6365466C6F772069643D22466C6F775F30677179716B672220736F757263655265663D2241637469766974795F3165767165696E22207461726765745265663D2241637469766974795F303633616F3336223E3C2F73657175656E6365466C6F773E0A202020203C656E644576656E742069643D224576656E745F31643234377839223E3C2F656E644576656E743E0A202020203C73657175656E6365466C6F772069643D22466C6F775F30616A707836352220736F757263655265663D2241637469766974795F303633616F333622207461726765745265663D224576656E745F31643234377839223E3C2F73657175656E6365466C6F773E0A20203C2F70726F636573733E0A20203C62706D6E64693A42504D4E4469616772616D2069643D2242504D4E4469616772616D5F6875697169616E223E0A202020203C62706D6E64693A42504D4E506C616E652062706D6E456C656D656E743D226875697169616E222069643D2242504D4E506C616E655F6875697169616E223E0A2020202020203C62706D6E64693A42504D4E53686170652062706D6E456C656D656E743D224576656E745F30767A6B663977222069643D2242504D4E53686170655F4576656E745F30767A6B663977223E0A20202020202020203C6F6D6764633A426F756E6473206865696768743D2233362E30222077696474683D2233362E302220783D223137322E302220793D223137322E30223E3C2F6F6D6764633A426F756E64733E0A2020202020203C2F62706D6E64693A42504D4E53686170653E0A2020202020203C62706D6E64693A42504D4E53686170652062706D6E456C656D656E743D2241637469766974795F306D6C6F6D3068222069643D2242504D4E53686170655F41637469766974795F306D6C6F6D3068223E0A20202020202020203C6F6D6764633A426F756E6473206865696768743D2238302E30222077696474683D223130302E302220783D223236302E302220793D223135302E30223E3C2F6F6D6764633A426F756E64733E0A2020202020203C2F62706D6E64693A42504D4E53686170653E0A2020202020203C62706D6E64693A42504D4E53686170652062706D6E456C656D656E743D2241637469766974795F31326578336D39222069643D2242504D4E53686170655F41637469766974795F31326578336D39223E0A20202020202020203C6F6D6764633A426F756E6473206865696768743D2238302E30222077696474683D223130302E302220783D223432302E302220793D223135302E30223E3C2F6F6D6764633A426F756E64733E0A2020202020203C2F62706D6E64693A42504D4E53686170653E0A2020202020203C62706D6E64693A42504D4E53686170652062706D6E456C656D656E743D2241637469766974795F3165767165696E222069643D2242504D4E53686170655F41637469766974795F3165767165696E223E0A20202020202020203C6F6D6764633A426F756E6473206865696768743D2238302E30222077696474683D223130302E302220783D223538302E302220793D223135302E30223E3C2F6F6D6764633A426F756E64733E0A2020202020203C2F62706D6E64693A42504D4E53686170653E0A2020202020203C62706D6E64693A42504D4E53686170652062706D6E456C656D656E743D2241637469766974795F303633616F3336222069643D2242504D4E53686170655F41637469766974795F303633616F3336223E0A20202020202020203C6F6D6764633A426F756E6473206865696768743D2238302E30222077696474683D223130302E302220783D223734302E302220793D223135302E30223E3C2F6F6D6764633A426F756E64733E0A2020202020203C2F62706D6E64693A42504D4E53686170653E0A2020202020203C62706D6E64693A42504D4E53686170652062706D6E456C656D656E743D224576656E745F31643234377839222069643D2242504D4E53686170655F4576656E745F31643234377839223E0A20202020202020203C6F6D6764633A426F756E6473206865696768743D2233362E30222077696474683D2233362E302220783D223930322E302220793D223137322E30223E3C2F6F6D6764633A426F756E64733E0A2020202020203C2F62706D6E64693A42504D4E53686170653E0A2020202020203C62706D6E64693A42504D4E456467652062706D6E456C656D656E743D22466C6F775F30616A70783635222069643D2242504D4E456467655F466C6F775F30616A70783635223E0A20202020202020203C6F6D6764693A776179706F696E7420783D223834302E302220793D223139302E30223E3C2F6F6D6764693A776179706F696E743E0A20202020202020203C6F6D6764693A776179706F696E7420783D223930322E302220793D223139302E30223E3C2F6F6D6764693A776179706F696E743E0A2020202020203C2F62706D6E64693A42504D4E456467653E0A2020202020203C62706D6E64693A42504D4E456467652062706D6E456C656D656E743D22466C6F775F30677179716B67222069643D2242504D4E456467655F466C6F775F30677179716B67223E0A20202020202020203C6F6D6764693A776179706F696E7420783D223638302E302220793D223139302E30223E3C2F6F6D6764693A776179706F696E743E0A20202020202020203C6F6D6764693A776179706F696E7420783D223734302E302220793D223139302E30223E3C2F6F6D6764693A776179706F696E743E0A2020202020203C2F62706D6E64693A42504D4E456467653E0A2020202020203C62706D6E64693A42504D4E456467652062706D6E456C656D656E743D22466C6F775F30646865333573222069643D2242504D4E456467655F466C6F775F30646865333573223E0A20202020202020203C6F6D6764693A776179706F696E7420783D223532302E302220793D223139302E30223E3C2F6F6D6764693A776179706F696E743E0A20202020202020203C6F6D6764693A776179706F696E7420783D223538302E302220793D223139302E30223E3C2F6F6D6764693A776179706F696E743E0A2020202020203C2F62706D6E64693A42504D4E456467653E0A2020202020203C62706D6E64693A42504D4E456467652062706D6E456C656D656E743D22466C6F775F31786334367039222069643D2242504D4E456467655F466C6F775F31786334367039223E0A20202020202020203C6F6D6764693A776179706F696E7420783D223336302E302220793D223139302E30223E3C2F6F6D6764693A776179706F696E743E0A20202020202020203C6F6D6764693A776179706F696E7420783D223432302E302220793D223139302E30223E3C2F6F6D6764693A776179706F696E743E0A2020202020203C2F62706D6E64693A42504D4E456467653E0A2020202020203C62706D6E64693A42504D4E456467652062706D6E456C656D656E743D22466C6F775F306F6276353536222069643D2242504D4E456467655F466C6F775F306F6276353536223E0A20202020202020203C6F6D6764693A776179706F696E7420783D223230382E302220793D223139302E30223E3C2F6F6D6764693A776179706F696E743E0A20202020202020203C6F6D6764693A776179706F696E7420783D223236302E302220793D223139302E30223E3C2F6F6D6764693A776179706F696E743E0A2020202020203C2F62706D6E64693A42504D4E456467653E0A202020203C2F62706D6E64693A42504D4E506C616E653E0A20203C2F62706D6E64693A42504D4E4469616772616D3E0A3C2F646566696E6974696F6E733E, 0);
INSERT INTO `act_ge_bytearray` VALUES ('1537728482781995011', 1, '子流程.sub.png', '1537728482781995010', 0x89504E470D0A1A0A0000000D49484452000004220000016A0806000000CFE2FBF5000000206348524D00007A26000080840000FA00000080E8000075300000EA6000003A98000017709CBA513C0000000467414D410000B18E7CFB5193000000017352474200AECE1CE900000006624B474400FF00FF00FFA0BDA793000000097048597300000EC400000EC401952B0E1B000020004944415478DAECDD095C5455FB07F07B67864D219724F175D7EA35F52D333333F7B54C945C32CDC23D53CBCC4CCD15979216F725732F1317DC422D174CD4CCDCF555D35E03542CDC4214641BE6FECFEFC2E53F8C802CB301BFEFE773646618063C33F7DC739E7BCE73248988888888888888888888888888888888888888888888888888888888888888888888888888888888289DCC2A20725AEEA23410A5A2283EA294669510111111D9DD1D51A244B926CA31518CAC12A282612082C8C9787979BDF4C8238F04DEBA75AB615252920B6B84888888C839180C8638A3D1B845DC9C2ECA05D60851FE301041E43C4A57A952E5872B57AE34D51EA85FBF7E6ACD9A35151F1F1F53A952A5145611111111917DC5C6C6CA515151BA8B172FEACE9F3FAF530751B29CAA28CA127173842889AC25A2BC612082C809942D5BB68E5EAFFFF9E6CD9BDE254B9654468C18913C68D0A094CA952B33F840444444E424FEF8E30FDDFCF9F35D162D5AE46A34AA2B340E8BF29A28D1AC1DA2DC632082C8F1CA097FDCBA75ABCCD34F3F6DDAB66DDB7D0620888888889CD799336774BEBEBE1E57AE5CC10C0904235A4A9C1941946B7A5601916355AA54E960747474752CC3D8BF7F7F82B7B7378310444444444EAC7CF9F2CA1B6FBC61DCB06183213636B6B278A89C28DB593344B9A3631510398EB7B7F72B515151CF22FFC3B66DDB12BCBCBC188420A222E7EAD5AB9C814944454E850A159490909004BD5E8FFEDB00516AB1568872C7C02A2072E0016830CCC2D789132726E364C61A2122673373E64CD79898981C9FD3AF5F3F63F5EAD54D782E92EBF6EAD52B636B3BACA1EED8B16389CF3EFB2CA943870E991EBF7AF5AA0E418A53A74EE9CE9E3DAB1F3C7870F2ECD9B35D2D5FBF499326A9C89BC37783889C0D96D50E19322465DEBC7968BBC689F2166B852817E320560191C394FBFBEFBFFFEDEEEE2E0D1C38901D6C222A7456AC58A1266B7BEBADB7D40043CF9E3D535AB46851222E2E4E3E78F060C6F24F4F4F4F253030D075EDDAB519FD8E6FBFFD3671F4E8D16ED7AE5D931F7DF45165F8F0E1C9B76EDD92A3A3A365F178B2F6BC9D3B771AF05A0C441091B31A366C981688E8983EBE32B2568872C6400491E3B4C63F2D5BB6347249061139AB0F3FFC30D9F2B19B376FCA6FBEF9A67BEDDAB55357AD5A95A8CDE8C2D763C78EDD8F8B8B936AD6AC69C2631F7FFCB15BEBD6AD53DBB76F6F4C4D4D557F5EAF4F8B51AC5FBF3E61F9F2E52E111111329E131A1AAAF7F1F151705BFB5D972F5FD645474733A7151139AD279F7CD254A3468DB8F0F0F0D2E26E03292D792511311041E4942AE19F5AB56A995815445458ECDAB54BDFAF5F3F8FF7DF7F3FF9E38F3FCE0852DCBB774FEED1A387FB82050B92B04CA342850AA9E2396E55AB56553EFDF4D32483C12089AFAE77EEDC913FFFFCF3240433468E1CE9F6E79F7FEA30830201878E1D3B1A376DDA64080B0B2BA9BD6E7C7CBC6CBEA48388C819A13F171E1E8E9B15591B440FC7400491E378E29F92254B72360411151AD3A74F77FBFCF3CF13CDF3400066762183FCF3CF3F5FE2BFFFFD6F3C820CBB76ED326049C5C48913DDA2A2A2E4C4C4441919E6EBD5AB97FAFAEBAF1B03020292870F1FEEF6DC73CFA58E1831224550976C74E9D225E3B54F9C38A18B8C8C64726D22726A356BD6744FBF5989B541F4700C441011115196AA56AD5AD2F2B11B376EE82E5EBCE83E76ECD84C41D42FBEF822E9EDB7DF4E69DAB4692A9668B469D3261525FD75D4995F494949F280010392BFFEFA6B570432C4F34C870E1DD2DFBE7D5B8E89894959B972A5CBE9D3A7F573E6CC7145E002CB343093025E7CF1C55426F5252267851DD0D26F96666D103D1C031144444494A5CB972FC75B3ED6BC79F31213274E4C32CFE360EEBFFFFDAFAE74E9D24ACB962D53FDFCFC3C4E9F3E1D8F9F59B97265E2A449935CFCFDFD53366DDA9480E7AE59B3C6A562C58A0A4AF7EEDD3DF6EDDB77BF72E5CA6A671E4190D5AB5727629907DF092222A2A2858108222222B29A214386B81F3870E03E9659202091DDF3121313A5AFBEFACAB57FFFFE29D81E74F2E4C9497FFCF187EE9B6FBE511353C6C6C6CAB366CD72C155C6EAD5AB2BFDFAF5E3AE194444444504031144444464151111113A373737040E4CEBD7AF3754AC5831CBD90CD81D03492A3B77EE6C44B022262646AE5DBBB6C9C3C303B920D499164B962C911A356A945ABE7C79A54C99325C92414444548430104144444456F1E38F3FEAB164C368344A8B172FC66C87E4AC9E77EEDC391D12574E993225E9DB6FBF75D11E47004314F536021A2FBEF8A2894B338888888A1E0622888888284748283963C60C57777777E9C891237A2D8F83A52D5BB618B07346870E1D3CB0A4C272670D24ADC40E1AD1D1D1F237DF7C93A825A284BFFFFE5B163FEBA1DDAF56AD9AD2A74F1F2D0BBD84DC125C9E4144445434301041444444397AEAA9A74C7DFAF449898B8B9391CBE1C9279FCC7296C2FCF9F393B0B345A54A954CAD5AB5CA4866B976EDDA046F6F6F65D2A449C9BEBEBEA99E9E9E0A9662E07BD8CAB36AD5AA327E2E2C2CEC3E6B9B8888A8E863208288888872841C0D5DBA74313EEC795A80A25DBB769976D430DF76B361C38699BE57BF7E7D2EBD2022222A6674AC0222222222222222B217062288888888888888C86E18882022222222222222BB61208288888888888888EC86810822222222222222B21B062288888888888888C86E18882022222222222222BB61208288888888888888EC86810822222222222222B21B062288888888888888C86E0CAC022222A2E2253131513A72E4883E2A2A4A8E8E8ED6C5C4C4B052F2A94C993252A54A954CA2280D1B364C3518D8B52222227A189E2D8988888A8943870EE9030303DDF6EEDDAB8F8B8B63855859A952A5940E1D3A18C78F1F9F5CBB766D136B848888286B0C441011111571313131F28001033C366DDAA4D71E6BD0A081F4F8E38F4B3E3E3EEA009AB5943FB1B1B17254549474E1C205E9ECD9B372505090CB860D1B5CFAF6ED9B3277EEDC4477777756121111910506228888888AB0F3E7CFEBBA74E952E2E2C58BB2A7A7A73472E44865C08001584EC0CAB18E8C20CEA54B97A4050B16C8F3E7CF97962C59E272FAF469DD962D5B122A54A8C0400F1111911906228888888AA89B376FCA9D3A752AF1E79F7FCAF5EAD59342424214CB00C48E1D3BA4A0A02029222242F6F2F252C68C1923356FDE9C95970F9861326BD62CA57FFFFE92AFAFAF8C3C1C7E7E7E1E616161F73933828888E8FF71D70C2222A222AA77EFDE1E08426019C681030732052190B0B27BF7EED2A04183E4D5AB57CBC78F1F97121212E461C386C99F7EFA292BAF00EAD6AD2BFDFAEBAF4AB56AD5D4A4A0EFBFFF3EA3104444446618882022222A8276EDDAA547295DBAB43A1302CB32CC7DF0C107F2DEBD7BE56BD7AEA9F71198080B0B439E0369E9D2A56A6082F20FB93750EFD84563C58A152E5822C35A2122224AC3932211115111141010A05E859F3C79B28241B1B9D0D0505CA997FEF9E71F753941B972E5327D1FC189CF3FFF9C9558409819316CD830C968344AD3A64D73658D101111A5618E082222A22206B9210E1D3AA4435E02E42BB074E0C001293E3E5E5ABE7CB9A4D3E9A4C8C848FC8C74E6CC193540919494845D2064C92C1123E5CFD0A14395D9B367CB3B76EC302020811912444444C51DCF8644444445CCEEDDBBD56D3ADBB46923592EC9D074EAD4496ADBB66DA6DD33A2A3A3A59D3B774A77EFDEC5AC080621AC00334EEAD4A9A39C3B774E4D5ED9B871E354D60A111115770C441011111531515151EAD2CB5AB56A65F9FD0A152AA833252CAFCE630987BFBFBF7A7BF2E4C9AC482BC1FB70EEDC39BC2F326B8388888839228888888A9C7BF7EEA95F4B962C99E5AC863A75EA204F44B6331EB0842029298983662BA95CB9B25A975A80888888A8B8E309918888A89869D2A489B467CF1EF9CE9D3B597E7FEBD6AD4AA3468DB834C34A4A952AA5D6654C4C0C2B838888486220828888A8D8C1569D952A5552020303B3FC7E7070B01AA4C0F388888888AC8D39228888888A092CB958B06001966EC8A3478F965C5C5CB27C5E5050108210F2902143A42A55AA28D882D2728B4F222222A2FCE28C082222A262004188808000F9D5575F95535353B30D42983F1FB9243EF8E00379FEFCF958AEC14A24222222AB6020828888A81858BC78B1F4CE3BEFA8DB49B66FDF5E5AB66C598ECF9F33678ED4B56B57A974E9D2D84143C6D69EA74E9D624512111151813110414444540CDCBA754BAE54A9927ABB51A34692A7A7A7841C1196092B117098306182FA9C6AD5AA653CDEBF7F7F79E3C68DDC49838888880A8C39228888888AA11E3D7AA84107E48C4030028109C00C88912347AA5F3375180C0649AFD773270D2222222A3006228888888A997DFBF6492D5AB4907C7C7CA471E3C6E5EAB944444444D6C2A519444444C54C5858984D9E4B444444941B0C441011111111111191DD3010414444444444444476C3400411111111111111D90D935512111115038A3079F264F5F6E5CB9765713B573B60E4E5B944444444B9C1400411115131A00521D2E525B0C02004111111591597661011111111111191DD3010414444444444444476C3400411111111111111D90D03114444444444444464370C441011111111111191DD3010414444444444444476C3400411111111111111D90D03114444444444444464370C4410111191C32426264A870F1FCEF418EEE3F1C8C848293A3A3ACB9FBB70E142A6FB393D978888889C8B815540444444F9356AD428F9D6AD5B393E67F4E8D14AAD5AB532EEAF5AB54A6ADDBAB554A952253578D0B3674F39222242D1BE8FFB3FFFFCB3B272E54AA97AF5EA92BFBF7FA6D7BB74E992D4B66D5BF9EAD5AB193F93DD7335717171D29D3B77D4DFA9311A8DD29C3973A4912347F28D242222B22306228888880A91B265CB7AF6EDDB3765FAF4E949EEEEEE0EFF7BBA76EDAA60F682A5F8F878E9830F3E90CB952B27A1684E9D3A25CD9F3F5FF6F7F7571018888A8A52030298D1E0E9E9A9060C705F832007BE673018328208CB962D93070F1EAC6CDCB851FDF9E1C38767FBF7858686AA7FC7D9B367A56AD5AA49E6010FBCA6785C5EB56A95925D008388888818882022222AD6626262E4993367BA2E5CB8D075C89021C98E0E48346AD4E881C78E1D3B260D1C3850EED6AD9B3475EA5405037E4D6060A03C60C000351810161626AD5EBD5A464022202040AE55AB96F2D34F3F659A61B174E95279DBB66D928F8F8F141414A4062F30FBE1E4C993D2CE9D3B511F19CF3D7CF8B08C251B070F1E94FCFCFC14CC74A85AB5AAB468D122253636561A366C986CF9B70E1D3A5479EBADB7D4C0083F5D4444440C441011115136300BC19902129A050B16483366CC9057AE5CA960F985E5DFBC65CB1669D6AC59EAFDCE9D3B4BCF3CF38C72ECD83179C58A156A2000CB38AA57AF9E11301833664CA6D90AB367CF96F0FF4CCF2D21EFDBB74F5AB76E9DBAC4A3499326528B162D94B8B838599B85F1F8E38FAB05CFCB4A83060D32F254641554212222220622888888E821010947FE3DC1C1C159062100CB321020C0EC06CBFF436060A01A984040C17CA9C7850B17106C50B49FC1B20CCCB0F8EDB7DFD4251B083ECC9A354BF9F2CB2FD51C113D7AF4907EFFFDF73CCD6E403002AFC74004111111031144444445CA9A356B0C62906C931DABB480C4DCB9735DC5A0DD648FFF8FF9CC050D0209BD7BF7962D67677CF9E59798A9A0E669D06009C6E2C58BD5A519090909D22FBFFC826515329EA7C1320BF19A7293264D94AB57AF624684F2D1471FC9083888FFB3121111A1E69630171B1B8B6045AE8311F8F9C8C848FC5F6CBA3C232C2C4C3F61C204576BBCD6534F3D65EAD5AB979147151111311041444444D90621DE7CF34D0F5BFF1E247A8C8A8A52831D8A62DBB407E6891F352D5BB694274D9AA4B468D1E281E763098579224AEC9E812004663B4C9E3C597DAC7FFFFECABE7DFB32021CC827A12DCD40800241838F3EFA28CBBF07892BC5405F0E0E0E96F29A7CD21ECB5A0E1C386040B1E24B2630184144440C441011115196B49910CD9A354B1525DF83C769D3A6B965F5B8B7B7B7F2D8638F9922232375A54B9756AE5DBBA69365D9A9EAA066CD9AEAD69B1A2493147FAF9AA01201092CDD80AC9666E0F6C3964E88FF370215EAB69FA74F9F56675FE0B187C1CC0CF1DA364F56D9B4695363F3E6CD530BFA3AFBF7EF3788A2B7D5EC1A22222206228888888A100421A64E9D9A6CAD40449D3A754CB56BD74EC5E0B455AB56A963C78E4D58B870A14B76010B47AA57AF9EFA15C10824903487251DAB56AD522327592DCDC0EDBA75EB2AD9CD5C407E08CCAC68DFBEBD7ABF42850AF2ABAFBEAAE075B1BB06021A785DCCC2307F1E6668E0776809346D09418882BCF79A0913262018A1E7D14444440C4410111191DD980720C4C05A3979F264BC187C3B7C0B4AF3D90C0F743A0C06E48F5097688C1B372ED3F76AD5AA25693B6764B734C3128212A74F9F968D4663A6E760FB507C0F8931B19DA7F67A1D3B76546F639B502D10111A1AAA06482C0323444444C44004111111A5EBDEBD7B8A33052030981F3060000202EA0C030415B283ED399B366D2A8F1C3952C1569F4B972E4522CA7CFD5E0413B00CE389279EC8B40605792490D412B7CD031C59F9F2CB2FD59C16FC54111111D90F03114444448508AEF43BD30C0878E9A597A49F7FFE59FD5BB0EC21A7C48FF8FEE6CD9B15CC9C78E79D77A4AE5DBB2AE63B6940505090BA5D679F3E7DB27C2D7C1F5F91FFE1C71F7FCC771D20683275EA5485DB76121111D917031144444485487878789CB304203408165806137252B76EDD8CDB965B6F821618C8EE35AD1538C052110621888888EC8FD9968988880A11670B4210111111E51503114444444444444464370C441011111111111191DD3010414444444444444476C3400411111111111111D90D03114444444444444464370C441011111111111191DD3010414444444444444476C3400411111111111111D90D03114444444444444464370C441011111111111191DD3010414444444444444476C3400411111111111111D90D03114444444444444464370C441011111111111191DD3010414444444444444476C3400411111111111111D90D03114444444444444464370C441011111111111191DD3010414444444444444476C3400411111111111111D90D03114444444444444464370C441011111111111191DD3010414444640726938995504CC5C5C5A95FBDBCBC5819444444828155404444647BF7EEDD9373FAFEF2E5CB5D72FABEA7A7A7F2FAEBAF1BB5FBE7CF9FD7198D46A976EDDA268321ED741E131323CF9C39D3E5D0A1437ADC0F0D0DC5EF542C5FEB830F3E904A972ECD37C54EA2A2A2D4AF952A5562348A8888486220828888C829444444640A54CC9B37CFF5BDF7DE4BD6EE97295346FDFE99336774EDDAB52B51B56A5575507BEDDA35DDA64D9B121A366C988A8044F5EAD595E8E86865EFDEBDD2DDBB77A5050B16C85F7EF965A6608416B820FBB874E992FAB552A54A0A6B8388888881082222229B3871E2840E3314B4FB515151EAEDC8C8485D6868A85E7BBC42850A0A66354C9D3A35D9FCE7BFFDF65B17CBC7C0DBDB5B3979F2643C7E0EF7A74C99E23A79F264D71D3B762478797929FDFAF54B69DBB6AD71E9D2A52E18008BE74BFEFEFE7C431C04B3218E1F3F2E972C595241B08835424444C440041111914DFCF4D34F860B172E64E462FAFDF7DFD5E0036634AC5AB52A63194693264D521188C8EDEB6A01084DB56AD59483070F667A4EE5CA9595A79F7EDA84DF151F1FCF37C381962E5D8AF74B6ED5AA55AABBBB3B2B848888486220828888C8263EF9E4934CB3197AF7EEED8EC0C4CB2FBF6C0C0C0CCCF4BDD75F7FDDE3FAF5EB999666DCB87143D7BC79F312E68F3DF3CC33A973E7CE4DD2EE23EFC4F4E9D35DA74E9DAA3EF6FEFBEFBB9D3E7D5A0D782427A7FD8A5BB76E49CD9A3593F5FA8C491892F81B94D1A347F34DB231CC86F8EAABAFD460D4983163925923444444691888202222B2838B172FAA03D273E7CEE92DBF2706AB8946A3315320A269D3A62556AE5C9968FE98BBBB7BC66C0824AAECD8B1A3C7ABAFBE6AD492589A0729A072E5CA25C5605897949424FDF2CB2F0A7343D80F76CA10EF8FFAF5B5D75E33366EDC98CB32888888D2B1474244446463111111BAFFFDEF7F6A20E2D8B1637ACC64403E07B380016E675A72A1D7EB95EAD5AB67B964034108CCA2C00C899933672665F51CFC0E9D4E87DD319423478EC862502C0707072B9E9E9E7C436C2C3A3A5A0D429C3E7D5A7EF2C9274DCB962D4B64AD101111FD3F1DAB808888C87690B0D2CFCFCFA35DBB76EAAC85A79F7E3AF5E5975FF678D8769ED9D18210D80AD2720684F973DE7CF34DF7FEFDFBA76CDDBA35A1448912D2CE9D3BA5A79E7A4A5EB56A959498C871B12D60F6C39C3973A45AB56AA9092A6BD4A861DABC797342993265B85B0611119119CE88202222B29143870EE9DF7AEB2DF7A14387A6C4C4C4A88FBDF0C20BA9B1B1B17283060D4A2C5CB830B175EBD6799AB21F1616A617835BF5FC8D2D3EF1B54A952AA6CB972FAB5929CF9F3FAFC3EFAC53A78E09792AB01CE3D4A953F10D1B362C819D3BFAF4E9230F1B364C6ADFBEBDF2C4134FC86E6E6E1C245B210071E1C20529343454D6823CD8B9E4FBEFBF4FC42E27AC2122222206228888886CEE934F3E71C3169C73E7CE4DECD2A58B71C28409AEDAF7309361F9F2E5A637DF7CD3E3C30F3F4CFEF8E38FD54486D8F273C48811EE98D1909A9A9AE58C09042E1445B997D5F7C4EBB889D77599387162D2FBEFBF9FA23DFEC4134F98626262E27AF5EAE5BE7EFD7A170C9C376EDCA8BDBECC77CB7A900B62D2A44949EDDAB5634E082222A26C3010414444640303070E4C19356A547276D3F2FBF5EB97D2AB57AF14F30492D8C6134104171717E9D9679F35E5F577BEFBEEBB2963C78ECDF677AE59B32671C1820549D8A1E3C891237ACC90484848E09B55405E5E5E1296CAB46DDB369533208888881E8E81082222221BC82ED1A4397777F707EEE775A9465E7F27821428B56AD532F15D222222224760B24A22222222222222B21B062288888888888888C86E18882022222222222222BB61208288888888888888EC86810822222222222222B21B062288888888888888C86EB87DA773C27E6E0D44A9288A8F28A55925F97647942851AE89724C1423AB84F2233131513A72E4883E2A2A4A8E8E8ED6C5C4C4B052F2A94C993252A54A954CA2280D1B364C3518782A2262FBC7F68F88A83861EBE744BCBCBC5E7AE49147026FDDBAD5302929C9853562E50FBBC11067341AB7889BD345B9C01AA1DC3874E8903E3030D06DEFDEBDFAB8B838568895952A554AE9D0A18371FCF8F1C9B56BD736B14688D8FEB1FD23222A066333568153285DA54A951FAE5CB9D2F4DEBD7BEA03F5EBD74FAD59B3A6E2E3E363C2898A55943FB1B1B172545494EEE2C58BBAF3E7CF7B8A877ACBB2DC53519425E2F6085112594B949598981879C080011E9B366DD26B8F3568D0407AFCF1C725715C4A3C2E0B7C5C4A172E5C90CE9E3D2B070505B96CD8B0C1A56FDFBE2973E7CE4D747777672511B1FD63FB4744C44004D94AD9B265EBE8F5FA9FAF5CB9E25DB2644965C48811C983060D4AA95CB9324FF256F6C71F7FE8E6CF9FEFB268D12257A3D138583C544F94D7448966ED90B9F3E7CFEBBA74E952E2E2C58BB2A7A7A73472E4484574CA319D9695631D19EDDBA54B97A4050B16C8E2D894962C59E272FAF469DD962D5B122A54A8C0369088ED1FDB3F22220622C806CAE974BA03376FDE2CF3F4D34F9BB66DDB76DF32001112126258BB76AD21222242E7E5E5A58C1E3D3AB955AB56A9ACBABC7BF2C9274D73E7CE4D121DAA145F5F5F8F2B57AE34120F6F16A5A5C49911944E1C8F72A74E9D4AFCF9E79F72BD7AF5700C2A961DF01D3B764841414192382E651C9763C68C919A376FCECACB075C619D356B96D2BF7F7F491C9732D6A1FBF9F979848585DDE7954122B67F6CFF88888A263DABC071C4C9FD60747474752CC3D8BF7F7F82B7B77746100289A1DE78E30D8FAFBFFEDA156B346FDDBAA5F3F1F1918383830DB76FDF96C5499FC1887C2A5FBEBC22EAD6B861C306436C6C6C65F1503951B63BE04F6981D2AC59B35406979C07AE041E3B764C8769C8A233A8942B574E323F2E7BF6EC292D5AB448FEE5975F64D169C7E749DEB871A37CE7CE1DA969D3A6ACC07C7AECB1C7D0E649A8CB73E7CEE96EDCB8A1131DF322955CF6E79F7FD68BB6DEC0639E9CF5B3C4F68FED1F15FCB81437F78912C61A21CA19B7EF74106F6FEF57A2A2A29EC53ACB6DDBB625E0AA82F9F7DF7FFF7D77D1A019FEFAEB2F59EB00884E818C2993CB972F773D7AF428DFBB02C0B4C790909004BD5E8F7A1F204A2DD60AEDDAB54B8F52BA7469F54A20A6259BFBE0830FE4BD7BF7CAD7AE5D93CC8E4BACF395962E5D2A1F3F7E9C955800587B8E7A4716F9152B56B8A0BD63AD10154CD9B2653D478E1CE986F68AED1FDB3F222206228A3971A29985AF13274E4CB65C0B888EC0D1A3470DFFFCF38F3A6DCFFC8A04FCFDF7DF32B258B3160B06CB61860C199222A52D511AC71AA1808000752EECE4C993912836D3F7424343B17D9D94DD7189CEF9E79F7FCE4A2CA0BA75EB4AC3860D938C46A3346DDA3457D60851C120F1E4CC99335DCB9429E395534082ED1FDB3F2222BB8E8759050E51EEEFBFFFFE37D6FF0D1C3830C5F29B070E1CD0DFBF7F5F5EBE7CB9A4D3E9A4C8C848ACDB94CE9C39A3760492929224EC02C16A2C3871C24F99376F1E4EF61DD38F074E852CA6B036FAD0A1433A1C9758AF9BC57129C5C7C74B391D97172E5CC00C2626192BA0A143872AB367CF9677ECD86140871C570889A8601080404062E1C285AE43860C499E3E7D7A92968780ED1FDB3F222206228A87D6F8A765CB9646CB2519200B9D3A7592DAB66D9B294B757474B4B473E74EE9EEDDBB52545414F79BB60224B0AC51A3465C7878786971B7812887592BC5D3EEDDBBD59C396DDAB4912CA7246B1E765C5EBB768D9D702BC015D73A75EA28E7CE9D5393B7356EDC98F914886C189060FBC7F68F88888188E2413D8BD7AA552BCB60828F8F8F69D0A0412683C1A0B3785CF2F7F7576F4F9C3891277C2BC1FB101E1E8E9B15591BC5575454942EFDF390E5F72B54A8A05E29B4BC3A657E5C4E9E3C991569BDE352121D71BC2F326B83286B488C3761C284020524E6CE9DEBFAAF7FFDCBC4F68FED1F11110311459F7AB9A164C992590613EAD6AD6BDAB3674FEACB2FBF9CE5F20BA3D1A8880E0403115652B3664D6D8F2C6E925E8CDDBB774FCAE9B8B95AF9D70000200049444154AC53A70ED6492BEDDBB797B3392E313D995393ADA472E5CA6A3D6B012222CA141850D20311C8D25FA01DD0D0765DB972453DCE4A9428C1F68FED1F11110311C515B6E3FAF0C30F0D8D1A3532962E5DFA81F768F3E6CD46F13D4ED5B312EC5C927EB3346B83B2D3A4491369D4A851F20B2FBC2021ABBCA5AD5BB72AE2B8644559F7B89463626258194416D2132DABC9AB1FF6DC69D3A66599DC1A5B863FF6D863A6C8C8489D68D3946BD7AEE9645966FBC7F68F88888188E20AD325110D9F3163865E9407BEBF71E34643FBF6ED312BC2A8259A2222DB1F97952A5552020303E5CF3EFBEC81EF070707CB2FBFFC328E4B89C72511D92B1891D740449D3A754CB56BD74EC5B28E56AD5AA58E1D3B3661E1C2852ED9052CD8FE1111110311451CA636CE9B37CF3D3E3EDE307AF468D9C5C525CBE7AD5DBB5616277BD777DF7DD7A572E5CA29EFBDF75E32AE6CB006896C735C2E58B0004B3764715C4AD91D97414141E8ACCB62702055A95245C1166C965BDC1111398A7900C2C7C7473979F264BCE5F6E16CFF88888881886238D89934695289BE7DFBEABFFFFEFB6C4FF6E6CFAF5BB7AEDCBF7F7F97993367CAF5EAD53376E9D2855B4F1259F9B80C080890918C2DB7C725D6528BE3529E3D7BB6F2ECB3CF4A9D3B776645922A2E2E4E9DF79E9C9CCCCA20BBEADEBD7B4A5E02106CFF888A144C53C2CE7048CAEE2371297241DC11254A946BA21C43D3C72A6120A2D05BB46891FBBBEFBEABC7B658EDDBB797962D5B96E55EDE9A3973E6486FBEF926D66ACA53A64C71113F2F9D3871C254BF7E7D6EEB4964258B172F96DE79E71D291FC72532C8CBE2E79553A74E49F5EAD56365167358CBBF75EB567524B77DFB7697F1E3C7A764B57D3391D54720EEEE525E02106CFF888A06718E79E991471E09BC75EB56C3A4A42417D6889507D106439CD168DC226E4E17E5026B84818842EBF6EDDB066D6F6E247CBA7CF9B2141818A87602CC134361CF6E4C936CD1A28554AD5AB58CC7070E1CA89F3871A24BFDFAF593589B44D6214EDE72418E4B5C190C080840479C03CE621E8468D9B265C98888087546C4B973E7742FBFFCB2C74F3FFD94C06004D95A7878785C5E02106CFF880ABDD255AA54F9E1CA952B4DB51DC1C4F820B566CD9A8A8F8F8FC92C493BE5516C6CAC8CDD6C2E5EBCA83B7FFE3C7641EC2DCB724F45519688DB234449642D311051E8C816A9AA7BF4E8917172BF73E78EE4E9E999D6B28893FFC891231FC85A6D3018747ABD9E0D0B910DE5E3B894785C3208812084E8B4C8B56AD5C2EC37A567CF9EF2A14387F40C46903DE42708C1F68FA8702A5BB66C1D71DCFD7CE5CA156F6C473E62C488E4418306A554AE5C99C7A295FDF1C71FBAF9F3E76356BAABD1681C2C1EC2F4AFD7448966ED30105168EDDBB74FBDB2E0E3E3238D1B372E57CF25221E97E4DC41889F7FFE1957A3D4AFE271062388ED1F115953399D4E77E0E6CD9B659E7EFA69D3B66DDBEE5B06204242420C6BD7AE35444444E870DE193D7A743276CF61D5E5DD934F3E699A3B776ED2800103527C7D7D3DAE5CB9823D8C378BD252E2CC885CD1B10A9C4F5858984D9E4B443C2EC9B1410830BFAF0523B02B016B8DD8FE11517E55AA5469D7AD5BB7CA6019C6C18307330521B0B56EB76EDD3C060F1EECBE66CD1A9793274FEA939292F4EFBDF79EFB9429535C597BF987A0CFE1C387EF57A9520579FA108C98C55A6120828888C8A982101A062388A838C3C01857E5434343F562606C58BE7CB9CBFAF5EB0DFBF7EFD7E371ECC242B9E7EDEDFD4A5454D4B3C8FFB06DDBB60766D9BDFFFEFBEEE29C63F8EBAFBF64ADFEC3C2C2E4F3E7CFEB44DDBB1E3D7A9463C202C012B890909084F4E56803709A67AD3C9C2D9666608B18F4B8AA89523EFD7E9C28D7A5B4ED4E50D8BA1015F20E84186CE9C2C3C3E5EBD7AFCBD83FDED3D313832A051178514C581F4CC420C4834108CB600497691051718000C3E6CD9B0D5BB76E35A0CDCB29D880DD5E9A366D6AECD6AD9BD1D7D7D768AD5C274576406730A857E1274E9C986C5957BB76EDD21F3D7AD4F0CF3FFF488F3FFEB89AE3E5D6AD5B99CE5B8181816EC1C1C109ACC9FCC3CC88214386A4CC9B370F334CB086ED2DD68A7D02113E65CA94E9E2E1E1D1EFC68D1BCF888625DBD7D5EBF509B22CFF249EB351DCDD2EA5EDC74A44856080151212E2B271E346F58A058211D94112B3B66DDB1AFDFCFCD40E84681FD881200621188C20A26208B31EC400D90D6D5C6E7F067D8CDDBB771B50B053CB2BAFBC629C366D5A12B7A9CF523971FEF937823703070E4CB1FCE6810307F4F7EFDF97972F5F2EE9743A29323252BA79F3A674E6CC19E9C8912352525292845D20588D05376CD8302D10D1317D9CCD8BEF360C443C5EBD7AF5451111116D62626224145C05C51A996AD5AA29E5CB9757C441A1C4C5C5A9574DA3A2A2E42B57AE78486919455F9365395551944552DAFEABC53AC3A8C964324E9A3449BD2D1A0859DCCE5527342FCF25CA0F64059E3C79B25B505050467B81E31CDBB4A160A085939F38CED58CEAE238574F72B8EA8182E70E18302039AB28BDB313ED9322FEEFEAEDCB972FCBE276AEFEFEBC3C978A6F1082C10862FB47459918E8EAC68F1FEF860489057DAD1F7FFC510D4AF4ECD93325202020598C3F1890F87FADF18F388718B33A6F6067BE4E9D3AE10291A46DC90BE8B3EDDCB953BA7BF72EFA6EAC4F2B4002CB1A356AC4858787631BA106A21C66AD583F10514E54F21C71B2E9897DD1310831BFFAE9EDED9DED09E8EAD5ABB8AA6AD8B871A30BAEAA1A8DC6613A9DAE9F18887F2EBEFD9594B68CA3D8118D2AA7439153B979F3A63C75EA54B7458B16B960FA248E73314092C471AEBCFAEAAB52B972E5B2FD590423B66FDF2E050707CBC8A0FEF5D75FBB7EF7DD772ED846EAE38F3F4E292C032CAD13AEF5CBF3D287E727884188BC603082D8FE5151F2CD37DFB80C1D3AD43DA7E517D95DD0C0C50CF4232CE1B5D097D8B4699361CD9A35896270CDABCD692AA59F47B20C2688FA350D1A34084B6675168F4BFEFEFEEAED891327F2B8B512BC0FE1E1E1B85991B561E54004F6A7C5D630A282CBE04AE75B6FBD951218189894DB2B9D583F8EF53328B8D2FAD1471F21525A02E73C296D1A8BAFC4FD57891C0AC98BC409BEC49F7FFE29E338EFD3A78FF4D9679FE57A7085883BA6528AA25CBA74491A356A94BC65CB1679DAB4696E3B76EC30209112D77B1283100C461051D18260C17BEFBDE7860B10597DBF4D9B36EA058DCE9D3B67BA3A6F097D878D1B374AE83B1C3E9CF9A2727C7CBCDCB56B578F0913262461B6256B5DF2C43F254B96CCF25C51B76E5DD39E3D7B52C5394597CD7BA6242626F23C6325356BD674D7BAC3AC0D2B0622C4C0A16B4C4CCC5AF16135606B98152B56242231477E7F39A6AFFCF0C30F099819D1B76F5FF7F0F0704C613929A52DDDE054162207401E885EBD7AB9E3CA4483060D24719C2BE22496EFD74362A4CD9B372B070F1E94C4712E9F387142FFECB3CF96DCB4695342E3C68DB977353108C160041115912044870E1D3CB084C2F27B2D5AB490BEF8E20B05FD8ADCF61D468F1E8DA28486864A1F7DF4917CEAD4A94CBF6BD2A4496E919191D8F52191B59FBD66CD9AA57EF8E18786468D1A194B972EFDC07B23FA6846F13DF6C7AC043B97A4DF2CCDDAC859AE139354AE5CB9E78D1B3736200881F559BFFCF2CBFD8204212C0F9063C78EDD6FD5AA150E02F4E2764B69FBB012911D6DDAB4C9A54B972E6A10A277EFDE487054A02084B9264D9A48478F1E557035043963DAB56BE79197C45544453D0861198CE0D69E4454980C1A34C8DD320881E4D5C1C1C10ADAB4DC06212CB56EDD5A3A79F2A4327FFE7CC57247AE152B56B84C9932C595B59F3D24FE14E33879C68C1959F6B990843C363636C724E4440E0B44942E5DFA999B376F7E9B9A9A2A8F1D3B3619EBB2B096CB9A90557FE7CE9DF7B1D4434A9B62B4393D2841447680A452FEFEFEEA7ACEF1E3C7631DA662EDE35CB4254838A560A907A65676E9D2C503033AD63E3108C1600411155E0B172E744150C0FC31CC6AC00588AE5DBB5AE5770C1D3A34CBF616F9AC7EF8E107EE196E01FDB959B366B97FF9E5979EC3860D739931634696E790B56BD7CA3D7BF6747DF7DD773DB1BB097284B1F6C85902113E7ABD7E3F66422048F0E9A79F26D9EA8F419413D3ABCC664684A4072588C8C6032BE484C04C080409C4495DB1E571BE64C9928C99111D3B76E4008B1884603082880A29B44FC3870F77B76CBF30AB125FAD09B32B2DDB5D0CB8B1A4342222825B509AD5C9A449934AF8FAFABAE042B28B8BCB439F5FB76E5DF9C30F3F7499376F9E1B1282B216C9E181886AD5AA2DBF7DFBF6230D1B364CB5C71A2C0C52828383136AD4A881651F98C335926F13916D8D1E3DDA1D5BAE356AD4480D12D8E338DFB0618382AB25C819F1F9E79FBBF05DA0C21C84C01A669D4E276BDCDDDD65647E7F98B367CF4AA283289BF3F4F4CC48CEC660041139BBB163C7BA99EF8E81D98FC80D65CB202DFA10E6CB3430CB520CBCB94423DDA2458BDCDF7DF75D3DFA59EDDBB797962D5B96E3F3E7CC992361E68A78EFE42953A6B85CBF7EDD20FA670CEC90430311F5AE5EBDFA32A6677FF7DD778996EBB26C05CB34900833FDEE4712976810D90C4E3441414186F4E35CB1D7718E8E0A1261E2F6AC59B35CB944830A6B1002B08679DCB8718AAB6B5A3F382929496AD8B0A18C5946D9C17ADC4E9D3AC95A07BE44891252F9F2E5A575EBD629080A9A77BA198C202267842511483A6FFED8EAD5ABAD3E13C2126646CC9E3D3BD38513D19771E1E039CDEDDBB70DDAAE24389F2057476060A074E7CE9D4CCFC376A913264C509F83AD543503070ED4070707F32211392E1051B56AD5A598CE233E8CC9D8E1C29E7F181258FAFAFAA27786A519E3F85611D9863801A97921060F1EACAEE7B4277424FCFCFCD42B194C3645853508A1993A75AADA99D3E9745A471099E265F32B85E6860E1D2A47454565DCF7F2F292A64F9FAEBCFAEAAB0F3C97C108227246980D617E1FE7F4ACDA305B40CE887AF5EA65DC4FCF71E5C677459230BBCEFC7E8F1E3D247F7F7F69C18205D8525D0A080850CBBA75EBA4912347AAC17473068341A7D7EBB95B13392C1051F7F2E5CBCF610B12F14175C81EBD5F7EF96592E8D021003258E2162836979F1D0CFEF8E30F9D65243CA7CE3C33F23A1724A8DCB163871EB313264D9AE490130EB6F3C22C8CA54B97BAC6C4C47060F510D90D6AB76FDFCECA716010C2EC7D50CA962DABDE36994CD2B973E79077E581CF75484808662049292929EA7D6F6F6F040395FEFDFB67FBDA0C4610DB3FB67FCED66F3C7FFEBCCE6CF02A7DF6D96776ED4B88B142A6DFF7E38F3F1A38C332B37DFBF6A95F71EE18376E1CFA5DE8F3A965F8F0E1EA0C55CBE712D943B673B0FFF5AF7FBDF5D75F7F495DBA743162A98423FE38CCC268DAB4A9312C2C0C574A115EFD9E6F99EDF4ECD9137902E2B3FA9E18AC1A56AF5E6DC08E29B81D1D1DAD36F2070F1ED48B0EBA4E749E53B4E7BEF2CA2BC60A152A3CF09969D4A85189CD9B3727D4AF5FDFC4DA760E5BB66C51A7DD75EBD62DD389C89E300B03FB8BEFD9B3078333C3DB6FBF9D52DCDE8751A346C9B76EDDCAF139D84B1D03D1B163C7CAE8EC21A1A8F9329AF9F3E7CBE2B8CC349045A77DEBD6AD12AEBA9F3D7B563E76EC98346FDE3C65C284090F74D2C4A056C19EEDE63F8B9F43C7C5DABBA714D5200460FA2B9EF7FCF3CFAB815714041D44E71CEF9DFA1CBCD7A2BD95B52044A952A5A48E1D3B4A93274F7EE8DFA4FD1DE2EF92B560C44F3FFD94E0E5E5C52B57C4F6CF0AED1F8E59E46EC1CFE36A7B716DFF7263DBB66D99C611E84BD87A4986255CC9C74C342DAF0EA02F3168D0A014BE4369C4384AED6759FBB944360B448806B87B7AA36274E41FF8FAEBAF9B7050087E852410715B1464849988F39933FFA1E2649C692A7C6C6CAC6CF9D86BAFBD6644E0A05DBB76C6AFBEFACAF5934F3E716BD2A4496A7E7E1F5E3FAB00451155283E07A29366483FCE1DFABEE0F7EFD9B347DEB2658B4D021165CB96F5ECDBB76FCAF4E9D3939CB153D9B56B5725ABD942F1F1F1D2071F7C2063F05BAE5C39F5315C6DC22016D32B67CF9E9DD1A1462E8253A74EC9D3A64DCBF8F9888808E5D2A54B92286AE71D0358F11C751DA8969F0356AD5A85AB20782D050382575E794546471C7F137EA6B0774AF2F3FE1764778CBA75EB6260A4BCFBEEBB6AB0E1EEDDBB78DFE4279F7C52DDC6AE6DDBB632DE5B404E89E79E7B4EFAE69B6F727D0C321841458933B57FB83D6CD830F59847200209679174B1380ECC72D36E6EDCB831D338C2CFCFCF216D107EEFE1C387333E0FC1C1C10C4410E50F0E767476AA89523EFD3E925D5D17252ABD582D36905D20C2E7C68D1BD54B962CA9B46AD5CAA18108E489C01A30E1E5F4BFD7E8E46F20E6E48E12659828F39D7920FAC30F3FB8CC9C3933E36F5BB26409A2A0A96627671771D2D623108193F8DAB56B13B0B7B03831EBF03D3C0733231060D0EE972F5F5EE9D7AFDF038D3F7E0ECFC3D5C2E2720E77F6CF01065A48EA84F7A479F3E60EFD5BB4F5A4BB76EDD2A3F367ED849958F2213EEBAE0B172E741D326448B2B30524CC13136A70F56EE0C08132AE30595EFD0B0A0A523B7BC3870F57505F1890E239E82C23F114DE53ED58C3553E717C2AA2539EAB592FA897C993272B2FBCF002960B1489E9AD797DFFADB14527AECC62968FE810AB039A7BF7EEA9EFE7FAF5EBB1242AE379356AD4404030CF4962198CA0A2C299DABF7FFFFBDFD2FFFEF7BF8CE31DB394C4605C4650A3B8BD2F0F6B37AF5EBD2A6379AEF9B9C35EB921B208664963C68CC9B87FE0C001832DFA12444514820E9DA5B48BFE4D72880F48E963997DA2048B823571D1B60844A8F3AA9E7BEE3993A33BEB952B57564467384E0C64715641FAD7C842F2A67A38FB40549C9495D6AD5B67041EDCDCDC32DDDFB76F9F9AFB01572A7EF9E517F5368212A293AE4C9C383109F777EEDC693875EA944E9CEC93CD3BF196331FC44941FDF99090107DAF5EBD8CC5E8E076DACF81B6AEB34183060E9F7A8ACCCE55AB5655B085A8E8DCE8AA57AF6E93E53BF82C3B73404283AB7D3366CC9057AE5CA998279042B66B74BAB126168FE32A203AC99851A25DB143E229CC2E11C79A8229C94D9B3655776E40A70C57FBA64D9BA68801ABFA3ADAEBA2F3AE0D06D081775467D2D672F3FE5B2308A1C12E34478F1E95FFFCF34FF53E6647203081DC11F0E8A38FAAAF9FDF002D8311541439B2FDB30C8A889F57771A28CEB26B37CD83105A5FC251179BB0C413FD082DF92FFE665BF625888A08349C53D3830FB9854ED3CBE905B68932419453D60C445454FFA958D1290EE07FFDEB5FC69B376F4A852C1091D340D42920B7C3DB6FBF9DD10BBF7DFBB66C7EFFF4E9D3FAE1C3872723191A663CECDAB5CBB063C78EFB5A80420B5EBCF0C20BA9E68F21A788652002EB08DBB66D6B5CBD7AB54B310B4438EDE7E0DAB56B3A2D08E00CF0775CBE7C59BDCA223A0F76EF5839D387450C561FE88403AEE82D59B244E9DEBDBB7CE0C001758A32A61ADFBA750BCB5A323AD5172E5C50AFE4A1E04A9EAFAFAFFCDC73CF29B88FEFE1B571E5CFBC231E1B1B5BEC3BD6D60C42A827588301015DAC6D579762986FE529DA4EACC52DD0EB331841459133B57FA2CF22237F0B3DD86ED6AE5D3BD318C17CEB4747C0EF37DF85C81E7D09676632998C484609919191726E1392E7E5B95468D54D0F40F859E1B53AA60725568B1290D7717AB64B33D47F7C7C9CE28358B162459D1814E3E67BA2B42EE403D111A2FCE50C7F109651F8FBFB672CA340A0C1FC3EAE1E80B7B7B7F2EDB7DF26366FDEBC449932652471024A79E38D373CB27A4DCC8CB04C4689E97D9B366D321C3972E4FE2BAFBCE28128BABDB783CDA516C5E973A0251C2DE840C85AB4BF63EEDCB92EBB77EFD6DBE3776A1D2BF13B5DC5EF77C867527494E42CDE1BA977EFDEB2E5D57A5C09C414D4DF7FFF5DC1F7B0E3C8F1E3C7D5190C6823DBB76FAFAE69C6005874A0D59FC1554464C146E7E23FFFF98F72F0E041B5F30E48EE659E8C4DFCBCD3753EC4605D6F99BBC616EFFF33CF3C93FACF3FFFE8C4C0C52A41080D026CD8EB1E5B752627A74D1CC3AE6A8B172F56EAD4A96395FF07831154583973FB3767CE1CF53938B68A62FB57D07653DBA6D8F21CEEE83E84651FA7B80A080848600B43594046DFAF7388014855AA543155AB564DC13851B48F4A5C5C9C7CFDFA75F9F2E5CBBA6BD7AEC9D9C413FA88D24D9437A4B4251B050A44A873AB9023C2196AAC74E9D2DA00E1F522F001409D5749BF2D3BB85E73B534238B93908CD914DF7FFF7DA6460EB326B26AF8C509CBA559B366A9083E88CE78CA983163DC366DDAE48C0D640B3B05239CE2738035EB4E769CAB5F376EDCE862EFDF9DBE4384DAAB5214FB5647566B8F31A0C41589EC12A461EA32F60447C70B570FC571A5608AB2184C2B818181B2BFBFBFA2EDC02006C15293264DD4A9ABE3C78F97CD07D8180460BDB5A3AF64E5046B7D516CFDFE8B018DDADE61108369DDD6EA54E3B5C5804936DF76109FB12953A6C8E23D54ACB53408C108BC975A30427C26DC1040669F8B9C99B3B67F0842607988B50292CEDCFEE597B6C44CE3E8BE84650E903B77EE700B4FA2CCE38E5952DACCEC07B46AD52AB573E7CE29D8A4006911B27B115C4C46325824BB3F72E4883E8BF801A6A7A1019E5E904084DA79494A4A728A83F8F6EDDBDAB46924C638EBE46FF4E46C1EBF915E70C6BB23A52D337168A39DDBA519D904231E0854205226BE64DA51E3CC9933BA59B366B98A8EF17DDCC7743E71822F293AC82E4EB84DE3BEF4522C3E071E1E69935AD28F73870723B469EBA2114CA953A78E5567274C9B36CD2DABC731DBE7B1C71E3321012B027358AE82ABD5CE4EFC7FE4FEFDFB2BE6D350B3821D30D6AD5B277FF0C107CADF7FFF2D9D3C79525D43BD72E54AF53F892B8F98DE8CC130AE0C8A63D5E9AEA0630BE7E6CD9BA7DAFAFDAF59B3A6096D1892EA6250F3E38F3F2AD658EFFCD1471FC9789F2C3BED57AE5C91DE78E30D4C29B74A9DE3BD1C3C78B07A1B415F31204B92888A205BB77F5A8E0A0421ECBD15A52DDA3F5BB59BFFFBDFFF74C9C9C919274C47F725CC97BEA923224F4FCE0823FAFFF17E88F4FF791D32E042F1175F7C91D4B061C35CB533E85F7CF2C927C92848303F6AD428778CF52C7ED7B4F471CEC0FC0622A2D31B69A7E89163DD6EFACD05561C28DA2B10F15F51CE496957DAF78882AC47EFE43050B51B7CE802020232020D7BF7EE3598DF5FBE7CB9C1B2210F0F0F97CF9D3BA7C30967FFFEFD993E3F98FA68F9BEF9FAFA7AE0C3FAF4D34FABBD709CF0BFFBEEBBC4F6EDDB97C0749FD75F7FDD99F245E0B315505C3E07DAD22B74C69C81F67760D68CF9CC1C5B74A810E8A85DBB762A3EC388028F1D3B3661E1C2852ED975BC9C89B6FD1CAEFE6CDFBE5DDD2A322B5BB76E55A7298B817046C6791C7F9D3B77C62E294A7A2757C6F4662C1F30BF32BF71E3C68C4EDDCE9D3B311D4F9D12ED884464E8844F9D3A35D9D6EF3FF2DA2081ABB85F02D3B7B18569418311E275B00443D2B626C46B952C5952BA7EFDBA3A5342D42D668C491F7EF861818F1D5C3D466E0B7412F6EDDB77BF186D954CC588ADDB3F1C93D83254FC9CF4DB6FBFA905FCFDFD1DF2FFB546FB67AB76133BA48D1C39D2DDF21CEEE83E8406D3CA79C410A9165906213083498CF3120B320E6BD7AE5DAA28F158528DB6C07CE6A730404ACB17313D3F8188CBEA3F6957B81DEEDAB56B5A43175988DE74F381275AC767A5026E71626D3FFCF043A6E5117ABD5E31CF306C79F243604A9C8C3D3EFDF4D32444C3C3C2C2EE9B7FDF7C1DA33851E9C587DB4394140422CC9F87E8DBAA55AB12F05A870F1F4E163F978C049745F4E077DACF41D5AA554DE90124A7A828EDEFA851A386CD3E0BE61D2904624E9E3C19EF8C03366DE09A15749431E8C4DA675C195CB46851967F3F92B261E08B6D24B57C2F3849E0E7B2FB9DF81E3AF8D88F1D5713FBF4E9A376EE70ECBFFAEAAB4A61DF7EF761EF3F92AFEDDDBBF7BE35821108E474EAD449360F4220E91DDE2FF1BBE5A4A424B5CE315DBC7EFDFAD94E436710828A1B47B67FF8DABB77EF8C764FFB3E967B14D7F723BB76333434549FD539DCD17D088D2DFB124485C83BE94101F363C31412129260997036BFDE7FFFFD947AF5EA9930EE432E09B36F4D96D276D3D89ED740847A34E3CAB7A3F7E1BD79F3A6FCCF3FFF9490D2968B441792377DAD330720F2039F033110318E1D3B3619494BCCBF3768D020772CF34041EE079CC8070E1CE82E3E98C99641080D2270A29390101010E09A53A7A39073EACF8176923E7BF6ACE4E8E31C835E24C0C15529D1C1B149D2C8EEDDBBA73873004274EAA4010306A8B90450B29B122C069A729F3E7D94E79F7F5EFD6A39806DD3A68D9A4D1EEFE7EEDDBB33FD1FD1D116C79C6CF65C69D9B26519F7FDFCFC145C31C455C2A27630E6F6FDB75630A25BB76EB296895FAFD7E3EA9C9AF11FAFB370E14245B49B726A6AAA9490902075E9D2453E73E68C92D71D6C1884A0A2C299DA3F51780CE5A2DDB45C477EECD8313590E3882DB1B14CC73C1081F7DF567D09A24204FB11CF377FC0567D055C64D6FA4E66C10843FA58E83F52369309B20D44B8BABAFE79FBF6ED9AC8D86BED69D279B175EB564540D475777A30C2D92516D60044505050B6F58B467DE6CC99EA9A63CC5E101DF48CD910DF7CF3CD033F77EEDCB9F8870D6C3B74E8604429A207BFD37F0E30FB050D1212CF600A797EAFC85A03A6D8A2F3D9B2654BA32D3A31784D679E01012FBDF4524676762447CBAE1E9048115F31BDD83C899AF6B398B6FCE69B6F66FA3F229B3C3A88E5CA959356AC5851EC3AD9797DFF0B1A8C10831B7560A5E585C0720CE482D07EBE5FBF7E58FA26FDFAEBAFEA739038B65DBB76F2891327729DBC9241082A4AD8FE15BE7613ED0EB2EB5FB972459D3D8D596068F7B08B8903C60A99EE376EDC38D51101112227F399F958BF54A952CAE6CD9B136CD55740DF69FDFAF509AD5BB72E61B64C031D1FEC23DB37AB9FC976E94572727250FAC1EDD06CBD2B57AEBC9B7E33B890BCE9D8B4788454086741A0E1CECDF31060C829A3AAF69C62AE507C0EBA76ED6A4C3FCE1D9A0F46348CEAD76EDDBAD92430151E1E1E3777EEDC24671EA8A1D3844E344A4E1D281C5B2879C9E48EE73AF3CE18B6969FF75F0B46609D3102750846582643CB0AAECA0D19322463970C71E2C796B48AE55AF6B56BD766041DF0DCAB57AF621A79AE8E430621A8280E7AD9FE15BE76B373E7CE99CED95BB66C71485FC2F2F75AFE5D44C51022822DCC1FC04E5AD65A8E911DCC8CF8EAABAF2C2F50F716A55E9E021152FA7A8EF5EB325F47CD0000200049444154D7BB386AEA3C921DFEFAEBAFDEE67F4F2110CDCF3E1596CF41C78E1D8DE98322C951C7390655488888DBBEBEBE36E93C709056BCE5F7FDCF4F30A275EBD6727272724610027921B24A74876518D3A64D531E7DF451F53E5E77DBB66D6AC67E062188A830B49B9603FED5AB574B0FDBCDC4DAB02464CF9E3D991EC316847C07A9989B617E07FDEB4E9D3AD9E5B840CE086D938274B83A3D35AF8188C3B22CFF82751ED3A74F7775440D0E1A34E88EC964C2EF5ECD013E91F561160C0A06373366CC70C8DF3066CC180541909E3D7BA6704045CE262FC10871CEC25544F536AEEA7A7B7B4B5F7FFD75B69FE9F7DE7B0FB3CBA4B265CBAAF7EFDEBD2B8D1D3B56DEB76F1F831044E4F4B0AB07966768F7712E9F3061825D67458C1A354AB6ECD798275E27FB3B71E244A6F12566FD61197056CFC56E55F7EEDD93596B5685DC1019D330318B4CF4F1EDBAA5F7175F7C617975B3A3280F4C65CB71FEBCA228E3C5979FE7CD9BE73A64C810BB0E12B027E9F6EDDB2BE0F32B596F4B4522B23065CA94A4366DDA949833678E3C78F060252F535E0B0A8932BFFFFE7B1D1AC9C9932727F3DD20670E46E494330259FA57AE5C99D1999265194B8E72CC2B81CF3D1258366AD428E3E7902FE28D37DE908F1D3B96297925831044E46CD0864D9A3429B97FFFFE19EB69302BE29D77DE9144BB66F3DF8FADA62D03B7E8D3F09D71AC51A346B9F7E8D12365D0A04129B8FFF9E79FBB8AFE9E6ECD9A350F4CBDEDDEBDBBC777DF7D875DFCE41123463CB02E6BF4E8D1C9C82777E8D0213D923B6B70A17CF1E2C5595E28B7DCD5AF18CA94A80533846CBD24C312B6F66CD8B061EA912347F4167FD7B25C0722041CDD5B626363FDD0C8ECD8B123C11E7F3C22AA9D3A75BAA7284A497177B62897785813D90692D162CA5648488861E0C081B2960CCC1EC739B68744A4FCBDF7DE4BC6E08AEF0615D66004B2FC272727E7F9D869D0A0018E811C7F8E4108227256FDFAF54B9933678E2B2E20E23ECEE96270291F3D7AD4A6173610FC157D884C57D2D1977164827D1BB99D3E789B283979D2FEF4E4E7D8E4C0B86AD52A1704AAD0D7FBF4D34F5D45495ABE7CB98B38771AB5F317EE3FF7DC73A9F5EBD737E1792B57AECCF8FFFDFEFBEF3AECCAF7D4534FA97DC3C3870FEB4F9D3AA53B7DFAB45E8C11D500C733CF3C933A62C48894912347BA75EBD62DE5C5175F34356DDAB444113FE472F379E8667EC7CFCF2FC5117F28966E590422BA59062274B9789D51B22CDF161D2EC3279F7CE2668F3F5C54D89DCB972FFBA40720A6B39927B2AD2FBFFC32E9D1471F55B046DD5ED32A070C18201D3F7E5CC67EC6E277723604159A60445E13581604831044E4EC3EFBECB34CB3109027E2B5D75EB359FB8876D1D7D737D3EB63D03B6DDAB4A2381B026BF74689F28F289F8BE2B4DB81200881A014662EB46AD5CA1811112123DFDF881123926FDEBC29E37B588A81E7623906EE070606267DF8E1876E781C4B6A50F0F3EFBDF79EDB9A356B12B46536E239C9FEFEFE29083E4C9D3A35593CAEDCB973470E0F0F573F07E233A1C36DB3DD1A8AAA877D1E30953263FF632C1315C78A4382735924A06F21594C82C84D20E292A2288860184543E3FACD37DFB8D8F28F1E3E7C78DCCE9D3B2B8B9B685D7C45B9C5269EC8B630C059B76E5D42FA895CDD7ED096C68F1F8F251972C9922595909090046F6F6F0EAC88C108062188A810C2D4F9B163C766BAA070F8F061A96DDBB632DA316BC24C88962D5BCA972E659E2CBD60C182448B0479458D47610848688182AC0ABEA73D6FDCB871AE980DB17BF76E436868A8417BEFD2674D7860002DDE635D4E8185CB972FEBC479517FFDFA751D664BE0B6A312AF3BD1E7E171F327D5AF5F3FD5CBCBCB21FD06F45B2A56AC68FEBBDDD30325790A44C03E5186E1C63BEFBCE36E8B9911F8A0F9FAFADE993B77AE9617E20DB4376CDE89EC03D3197122C7ED010306C8B6981981E3BC4F9F3ECAF4E9D365043DD6AF5F9F68EF756B44852118C12004111526987A8F69F796C188E79F7F5EC6576BD8BE7DBBF4E28B2FCA0846981B3C7870B2968FA0180F400B95C71F7FDC54AE5C3905E3CA254B96247EFBEDB72ECF3CF34CC99F7EFAC920CEABF7F7ECD9731F8185E79E7BAEE4FEFDFBF5085060B907966688FEA92B6643346BD6CCA80538305B02B74B952A55DCCE93969F876AE6DFAC5AB5AA43FBD859FCFE4C8108431E5E6B71FAD7F9981981C8D3B265CB12ADD131C29A22D178DD0D0F0FD7664260BFD1ED1211D9154EE408160C1F3EDC1D3323C4712E23999E35D679E2EA45EFDEBDA5DF7EFB4D879910D8CF18575158EB549883113925B0641082888A9375EBD6253669D2A484962F02B04CA369D3A632CEFF62A09829096F6E21F0801D85B66CD9F2C0F7DAB66D6B9C376F9EB32DC96861C701E80851FE7296FFF8A64D9B0C61616125B3FADEEDDBB765040C701B5B3C624986785F9370D53E242444BF62C58A04E48BD09E8F7E626868A8FED6AD5B72BD7AF552117C10E747599C1F53C5F95127BEEFBA7FFF7E036E234051BA7469E5C68D1BBA62F639B0FC3C641AF88BFEBB43FB0EB86063F9507E03115A30E2A2281B4487ABDCBFFFFD6F0F3160318E1B372E195368F22A262646161FC2BBE28354CE6432612644A494B61CE32C9B7322C7C00E39E2D836F5E8D1C363DBB66DF2534F3D258BE35C1933668C949FE35C9C38B02386B478F1621953E6B0D517966314F12994C4600483104454AC600A38AE668BFE833B72CB698FE302C7CA952BA5B56BD7AA01093F3F3FA575EBD639F62930CB0C3320B66CD9220707074B594DD1EFDBB76FCA37DF7C938819964E1888B0D72014FFF92AE9B71DBA0D268205081E74E9D2457DB3DE7DF75DB72953A6246BCB6F11A4A851A3867A7BCD9A3506CC8240EE07D1EF7447B2C9D75E7BCDC3F2355F78E105D3FAF5EB13D2C78DA9B8108E19BC952B57C68E536AE0E2EDB7DF764780038F8BE71A8AE9E740932910830B7F8EAC0004872C1F2A482002F689F2A2285FDCBB77CF6FDAB469FA458B16E97AF5EAA5203B26F614CEA941C0404474DC0CCB962D8B11839152292929FF92D29662AC14652CFA616CCA891C0B8DF9A14387EE7FF4D1476ED84D23202000DB24615B4164C1559A3469223DEC380F0B0B93366CD820A103111B1BAB2EC578EBADB752909888032B6230824108222A9AC108ECB28765DC98416DD93758BA74298A8C3612BB0655AB560D576D25373737253E3E5ECD29111919291D3B764CCA6EBD3FFA1373E6CC49C4851327AD867DE9C51A2667F3F88DF4524D943B52DA9477879E2F060E1CE82ECE5B092FBDF452895F7EF9E5FE7FFEF31F93E8377AECDCB9F33EDE33D11F44C7D1880494717171B2183BA660A0DABB77EF9466CD9AA55EBE7C391EAF23C69225264E9C9894D30E28D80EF4E4C993BACD9B374B980DB16AD52A6CE5AAEED0F0FCF3CFEBB4249745E87390DBCFC393A2641C774949490E0D4EE17DB67CA8A08108408698D7D2A33C536FDFBEDD64DEBC799228AE8F3CF208B6E14BA859B3A65CA54A1577342CE2FBF1515151C62B57AEC8E7CE9DF3321A8D08816A51AF6DA24C10E5149B6F22E78181D00F3FFC90806971E284E0863D9C67CF9E2D8922972B574EAA53A78E820E841828C938CED3B316ABD330B11B86F99A79AC1B45366BF32977440C4630084144451372463469D22475ECD8B16EE64B35CC062818389A3F94AB011306ACD8A5A371E3C6CEBC4D27FE6301361A78FE579473E963B03DA2048AF24E0E0354BBD8B1638701BBAF211025FA81EA7B89409176D1EAF5D75FF7F8E8A38F92BB77EFEE2EFA8E262DA70776D5F8F5D75FF51111110F0D1E205025C691B8F8EDFEC61B6F18B144038FFFF6DB6FFA7AF5EA99B46498595C852F0A9F83DC7E1E968832C7AC6FE1D040C4F5EBD72D7FFF756B0422CC2BB8A9288D447955946E77EFDEAD75ECD831574432CD5826B7C437B1D06BABC46518444E0D116951EE2310B16DDB36C3C68D1B0DC8EB1216162663D643761D08ACF9C32C293F3F3F2397611083110C421051F1823C50284834181010E07AE5CA957CAFDF471B8B0044A74E9D8A6B6E29F30127668F3F2B39D12CF2F9F3E7BB0C1E3C580D2E20F870F5EA5519CB271070C0D69DC80FD6B061C354E4F3D8B3678F21383858467F12390C5E7AE9A5D4F45C06EAE703336130804570420B2C74EBD6CDE3D2A54B72FBF6ED533B76EC686CD7AE9D515BDAB36AD52A0541889C665014A3CF430BF32761671147FE9191919196E383486B06223487D30B6636544B2F554541863B7C4AE2D22BE79A94B61306975F101532B8FA8082AB1C383960BF66347088B662CF672F2F2F35294EC58A154DE8307020450C463C3C18C12004111575FDFAF54B79FBEDB753C2C2C2F45BB76E35A0E426288136B16BD7AE460C3C9D7C0684ADAD75D6008466F1E2C589083CE0F6C8912393C579AD8496D7030183499326A9DBBB2290248A847E24965F68C104E479D05E0B79CAB07B8628EA7D5CD05ABD7A7582766E3C71E284AE7DFBF625CC7FFF942953908F42BD8DA0C4DCB973938AE9E721CAFC89C78F1FD721B0939F1C6F05856094C5716EB4FCECDA22A147A465B483888A164C9F13053753591B44F90B4630084144C505AE92A7CFB0540789985989814A761734D0266A03DB622ED19903101AF3F70A4B321E96BFC3721906925CE6F67761996F5858D87D7E1EB2FC3C5C4A1F8757C31D2C67D9B56B97C1113389366FDE6C19673898FEF7DB3410414444C460440EC108062188A83843BB270A6EF28246CEAA4B9C494E79FB3C20FDC1071977B66C71482062EBD6AD2E59FC5D99E8F87E1211115997168CC01EDA070F1E44C2D68C04AE0C421011512E31084179FD3C6C35BF131414E482D947F6FC238F1C39A2177D207D4E7F17301041444464035905232E5DBAC42004111111D90A9640446A77902362DCB8716EF6FC03468D1AE596D3DFA46120828888C8462C83114F3DF594CC2004111111D90896614C367F00B322B0FB9D3D7EF9FAF5EB0DFBF7EFB7FC5D13B27A2E031144444436A40523CA9429A3208B78A54A95188420BB295BB6ACE7C89123DD70558C88888A8555A29CD2EEA0EFF1FAEBAF7BFCFDF7DF365DA271FEFC795DBF7EFD2CB7E8406E887D593D9F81082222221B4330A2478F1E6A16F16EDDBA191984207B8989899167CE9CE95AA64C192F062488888A8D31E677AE5DBB26FBF9F979DCBB77CF26C10804397C7D7D3DB05387D9C3989D3121BB9F6120828888C80ECA952BA7061F3C3D3D198420BB430082010922A26263A728D3CC1F4012C9366DDA587D66046642B468D1A2447878B8656C61B02867B3FB390622888888888A09062488888A0DCC46D866FE008211CF3FFF7C496BE58CF8E1871F0C8D1B372EF1C71F7F58C615E68BB22CA79F35F0FD212222222A5CD6AC5963F8FDF7DFF37D41490B48CC9D3BD7D5C7C7C7C41A25222A927A8A7240947ADA0358A6D1BC79F3123D7BF64C993E7D7A52E5CA95F33C5313B320C68C19E316121292553CE12751463CEC351888A062EFF6EDDBF1E20BB69989636D103987B8B8B4C3D1CBCB8B95416401418837DF7CD3C31AAF8524665151516A404351B86A88ED1F1115B5264594A6A20489D2D1BCEDFFEEBBEF5C366CD8E08280849F9F9FB15DBB76467777F76C5F08F925424242F45BB66C71D9BC79B301AF9185A5A2BC2BA5E587C81103118EA1CE834C4A4A9259158E171E1E9E927E338AB5517C7978A4F5E9D38F4BF6C61D4C0C8CD4AFD861A2C89E081213A51D3B76188283830DE9834BCE91A75CD16642346BD62C55941C3B7BD3A64DCB72FF786F6F6FE5B1C71E33454646EAB0A30B8211C9C9C96CFFD8FE1151D10C46F88A325594F1967D91152B56B8A0942C595279EEB9E74C55AB5635F9F8F8286E6E6E0A924F464747CB972F5FD69D3871429FC3723E9C8B8689B238B77F1403110E3AC7E09F4B972E31478713F8E38F3FB480D035D646F1253A7C4AFA71C9CA7002DAFBA0BD2F45C9C58B1775BD7AF572471002277CECA6F1DA6BAF19F9AE535E21083175EAD4E4BC0422EAD4A963AA5DBB76EAFEFDFB0DAD5AB54A1D3B766CC2EEDDBB0DFEFEFEEE6CFFD8FE115191869C1107459921992DD5D020E820CE0DC81D91D7FC11FB44192BCAE1BCFC1003118E11867F76EDDAA54695729A0243B675F5EA55392222E231292D52788C35527CB56CD9521D08FEF4D34F128F4BC7C2D5C0E3C78FCB88CC376CD830B5B0FF7FB4990F5BB66C51CFB9478F1ED58BC15FF29C39739270559AEF38D98379000257BA4E9E3C19AF6D23CBF68FED1F11151B3BD38BBF289345A95680D7C28E18D826747B7E7E988108079D670C06C37FE3E3E3FFB366CD1A977EFDFAA5B04A1C63F6ECD977C5174F51F648E94B66A87842A29EA79F7EDA74E6CC19DDBA75EB247F7F7F568A832C5DBA14832319576B0BEB80C87CD98536F3A16AD5AACAD9B367A5DEBD7BA70C1A3488ED3ED94DF7EEDD53B20A40B0FD63FB4744C5D62A51BE17A589289D45F1CB6550E28228C1E9C187C305F90318887010A3D1385D7C593B71E24437D141307A7979F1AA989D6136C49C3973CAA4DF0D648DD0E8D1A39390006EFCF8F172D7AE5D154F4F4F568A9DE16AE0575F7DA52E5B1B33664C7261FD7FBCF0C20B25CB952BA760D98536F361C28409AEDBB76FE77997EC0A83D9EC02106CFFD8FE1151F11E924A69CB2A50B0CBC5E3A25412A5AA283E38854869B3C6A3A5B425EC583766B59C7ACC51E038EB443986ED53C409DF3D9BACA36423C8FA2A060AF752535391A11051BDC3AC15EAD5AB97B17EFDFAA9E80C76EFDE5DE671695FC814DFB16347F52B7226346EDCB8D04E4B3E7DFA747C6868E87DCC7CE0F20B72A4F0F0F0B8B973E726E5148460FBC7F68F88283DD080A004664BE0226D80285F49693327F649564EECCF408463759765F93A924475E8D0C10383635689EDFDFDF7DF72DDBA75EF89AF15A4B4E94503592BA4090E0E4E2C5FBEBC82B5D2BEBEBEB2B68D1AD9567474B4D4A2450B0CE0E5279F7CD2B46CD9322E9522B282870520D8FEB1FD2322720406221C2B5251946E38072118214E3EEECB972F77C9615B142A00047AA64F9F1E5FB56A55F9CA952B084220EAF79A2877583BA4A95EBDBA69FDFAF5095A67FCA9A79E9257AD5A25F1B8B40D0C74E6CC9923D5AA554B4DD056A3460DD3E6CD9B13B09D206B8788ED1FDB3F22A2A2896B551D0F5BA8BC28CA86E8E8E806FDFBF7370C1D3AD4D0A64D9B44D10170C5FEADACA282B97DFB76FC891327128E1D3BF6586A6AAAB6E8F52751DE12E5166B882C356BD62CF5D75F7FBDDFAD5B3777EC99DCA74F1F79D8B06152FBF6ED95279E7842E671699D0EF8850B17A4D0D050591BE4B46DDBD6F8FDF7DF27722983EDA1CE8F1C39A28F8A8AC2FEE0BA989818564A3E894123B6593461AB45EC72603014EEAE15DB3FB67F44440C44141F91A23C2F4A0F51C6889352BD6DDBB6798AC29AB10EF33DD411F8992C4A28AB8572822B83C78F1FBFBF66CD1A436060A01BB2C96FDCB8515B3EC565545684B5D093264D4A6AD7AE1DD744DBD8A14387F4F83CEFDDBB57CF69F7D657AA5429A543870EC6F1E3C727D7AE5DDBC4F68FD8FE111131105118AC4B2FC856DA3CFD2BF76E2A38F4B6A3D2830F9C01417982046E28D865E5E79F7F36E00A724242022BA680BCBCBCD4ABC86DDBB64DE51540DB8B898991070C18E0B169D326BDF65883060DA4C71F7F1C3B2AA80368D652FEC4C6C6CA48F0882BDC67CF9E958382825C366CD8E0D2B76FDF94B973E72616E62D18D9FEB1FD23226220A278C1A0F97B560391F3A85CB9B2F2F6DB6FA7B026A8B0397FFEBCAE4B972E252E5EBC28634BC69123472A03060CC0408895631D1903C94B972E490B162C90E7CF9F2F2D59B2C4E5F4E9D3BA2D5BB624E4256124DB3F22222A0E18882022222AA26EDEBC2977EAD4A9C49F7FFE29D7AB574F0A0909512C03103B76EC90828282A4888808D9CBCB4B1933668CD4BC7973565E3E6086C9AC59B394FEFDFBABBB4E200F879F9F9F475858D8FDC23C33828888C8DAB86B0611115111D5BB776F0F0421B00CE3C081039982104892D7BD7B7769D0A041F2EAD5ABE5E3C78F4B090909484C287FFAE9A7ACBC02A85BB7AEF4EBAFBF2AD5AA55539382BEFF7FEDDD0D6C55F5DD07F073E04A31C2864419E48105B669CA209319B7F1389CE86024CE0D0C10829B43A3C605F662820B2C6E5A826432D96CDD34318121D9C0B1D5B82566A2C0A0D36D2CA9284E33623AA8A10D7D12180CDA5146CB79CEFFD04B5A2C2F4A392DEDE793FC7BEEBDE7DCDBDB5FDFEEF9DEFFCB77BE2385008076041100D00BBDFCF2CBFD431B326448D613220CCB68EFFEFBEF8FFFF8C73FC6F5F5F5D9F5104C54555585790EA2952B5766C1041F5C987B23D43DACA2B17AF5EA4BC210195501E8DDC26A7D6D17CD087D16FE2902402FB464C992EC5DF8B2B2B2249C14B7B779F3E6F04E7DF4AF7FFD2B1B4E70C5155774D81FC2891FFFF8C78A789E42CF88B0F4654B4B4BF4C8238F0C5011E002C8D6803D7AF4A8156D7A805DBB7615E7D3A9538D3333470400F432616E88BFFCE52FFDC2BC0461BE8253BDF2CA2B51535353F48B5FFC22EAD7AF5F545B5B1BEE13BDF9E69B594091BEA00DAB408417B566F43F4F0B162C48CACBCBE33FFCE10F851048841E12005D283BE1ADA9A9F106730FF0CE3BEF1403A17AD53833FF0D01A097D9B87163B64CE7942953A2538764147DF5AB5F8DA64E9DDA61F58C868686E8A5975E8A0E1D3A147A450821BA40E871326EDCB8E4EDB7DFCE26AFBCFEFAEB5B5505E84255E143188A1786D89918B7FB84A58E77EFDE3D2C3A312CA35A45CE4C720600BD4C5D5D5DF6FFBDB4B4B4D3FD23468C887EF4A31FBD6709CF308463DEBC79D1B7BFFD6D2F66BB50F1FB907E5F749D06BAFC4F7EA150F87B535353BC6EDDBA4B94A3FB9497971F6ABBB8296A1B32C3E9092200A097397CF870B6BDECB2CB3AEDD5306EDCB8304FC4697B3C842104C61B779D51A34665B52C0644005D29FD9BBD2C6C1F7AE8A192F4EFBFBFDDDD20F486A8A8A8B8BCEDEA7215393BFF1001A08F99346952B469D3A6F8E0C1839DEEFFFDEF7F9F4C9C38D1D08C2EF2E10F7F38ABE58103071403B810D6A7ADBABEBE3E9E3973E6C01026939F10FE7CEE739F3BDCDADA7A697AB5326DDB54E5EC041100D0C78471C423478E4C962FEFFC4D9BCACACA2CA408C7017051981DC7F1FF6DDCB8B170CB2DB75CAA67443EF6EEDD1B8F1F3FFE70BA1D915EDD99B67B55E5DC98AC1200FA88F02ED9934F3E99BD7BB368D1A2E8924B3A1F4EFCECB3CF8610229E3F7F7EF4D18F7E34094B509EBAC427003D4A6D9224B3D2ED6F376EDC38FCEAABAF1EB86CD9B296DB6FBFFD98397FBA5EF83FFAC4134F342E59B264F0B163C742085193B6DBD2765075CE8D200200FA801042A42F98E23019E5DAB56B4F1B42B43F3ECC2571F7DD77C7E5E5E5C9A73FFDE968FAF4E90A09D073BD9AB6FF4DDB6F1B1A1AAE4BFF7E17162C58509832654AF3D8B163079494941872779EF6EFDFDFB47DFBF623D5D5D5C35A5B5B8BCB526D48DB1D69DBA742E74E1001007DC0D34F3F1DDD77DF7DD94A19D3A64D8B56AD5A154286D31E5F5151117DED6B5F8B860C1912959595C5E9FD9337DE78239A3061826202F45CB569FB4CDAE6A46D717373F384175E786150DA54A66B94B4BB1C829FB2B46D5696F74F1001007DC0BE7DFBE2E2729D13274E8CDE7DF7DD28CC1111C28910361435343464C337264F9E1C8D1E3DFAE4EDA167C492254B4210E11D35809E6F7D5B0B7FF86F6CDB1AA371FE1AD356179D081FF480380F820800E883E6CC997332740813530E1A74A287690825162E5CD8219CC85E30140A51FFFEFD851000179770D2BC5619E869041100D0C76CDDBA35EBF1307CF8F0E8C1071F3CA7630100BA8AE53B01A08FA9AAAABA20C702009C0B4104000000901B4104000000901B4104000000901B935502401F90A4CACACAB2CBEFBEFB6E9C5E3EA71530DECFB10000E7421001007D40318468F37E8205210400D0A50CCD00000000722388000000007223880000000072238800000000722388000000007223880000000072238800000000722388000000007223880000BA4D737373B46DDBB60EB785EBE1F6DADADAA8A1A1A1D3FBEDDCB9B3C3F5331D0B00F42C052500003EA8EF7DEF7BF1BE7DFBCE78CCA2458B92D2D2D293D7D7AC59137DF18B5F8C468E1C99850773E7CE8D77EFDE9D14F787EB5BB66C499E79E69968CC9831D1BC79F33A3C5E4D4D4D3475EAD478CF9E3D27EF73BA6383F0FCDE7AEBADE88A2BAE88C68F1F7FF2F6969696A8A2A2225AB870A16F2400E4481001001791A143870EBAEBAEBB8E2D5BB6ECE8C08103BBFDF9CC9C393309BD174ED5D4D414DD7FFFFD7138F90FADE88D37DE887EFEF39FC7F3E6CD4B0E1E3C18D5D5D5658140E8D13068D0A0A8B1B131BBDE3E4408FB0A8542165C04AB56AD8ABFF9CD6F26CF3DF75C76FFEF7EF7BBA77D7EF7DE7B6FFCEB5FFF3A9A306142F638C3870F8F5E7CF1C5243CA7F0986FBDF556BC66CD9AA4B3000300104400409F77E0C081F8A73FFDE980A79E7A6AC0FCF9F3FFDBDD81C4C48913DF735B7575751600CC9A352B5ABA7469124EF88B962F5F1EDF73CF3D594F86AAAAAAE857BFFA551C0289254B96C4A5A5A5C9860D1B3AF4B058B97265FCC20B2F6401C2B3CF3E9B8517A1F7C3EBAFBF1EBDF4D24BA11E278FDDB66D5B1C866CBCFAEAABD18C193392D0D321041E3FFBD9CFA250A31070DC74D34D71780E8F3DF658F61C162C5890DC71C71D5930E2A70B00041100C069845E083D2990287AF2C927A3471F7D347EE699679230FCE2D4E7FCBBDFFD2E7AFCF1C7B3EBD3A74F8FAEB9E69AA4BABA3A5EBD7A75160484611C63C68C898BF759BC787187DE0AE5E5E559A8D036B744BC75EBD668FDFAF5D9108F4993264593274F4E1A1B1BE3622F8C70DBC9173D854276BDFD5C12D75D77DDC9792A3A0B550000410400709640A23B9F4F656565A72144108665848020F46E38F56B58BE7C79164C8490A0FD508F9D3B7786B02129DE270CCB0881C2DFFEF6B76CA84508161E7FFCF164C58A15D91C1173E6CC89FEF18F7F74DABB210CFB08C3341E7DF4D10EFB4318111E4F100100820800E875FEF4A73F157EF8C31F5EB040E289279E18909EB41FCFE36B69DF73A12804095FFFFAD7E3537B67AC58B122F45488468F1E7DF2B63004E3E9A79FCE86661C397224FAF39FFF1C8655C4E1B8A230CC227DCC78D2A449C99E3D7B428F88E481071E8843E0907ECDC9EEDDBBB3B925DAFBF7BFFF1DC28A0E61431896317BF6EC38840DE1BEED85FBD7D6D686AFE5820ECFA8AAAAEA9F7EEF0774C5CF90DF2400041100C0198D183122693B89EC1FDA85FA3CE184BBAEAE2E5B9E3B492EECB407ED57BA280A73303CFCF0C3C9E4C993DF1E0195CD000008F049444154737C1842D17E22CAB07A460821426F87B2B2B2ECB6BBEFBE3BD9BA75EBC98023CC27511C9A11028A101A3CF0C0039D3E9F3071657AA21F57565676583D237CCEB01247B8EF2F7FF9CB4E8B92C7B096575E79A5105A57FF4C0180200200788FF9F3E71F0BDBBD7BF7C6E7F3388F3CF2484967B75F79E595C9B061C38ED7D6D6F61B326448525F5FDF2F8EE31E55838F7FFCE3D9D29B456132C9F4F96613548640220CDD083A1B9A112E9F6DE844FA7587A0225BF673C78E1D59EF8B103E841022EC0F935DB69F38B328F4CC481FFB829FD4DF70C30D2D37DE78636B578510C59F290010440000670C23BA328818376EDCF14F7EF293ADA1BBFECD37DFDCFAFDEF7FFFC8534F3D75C9E9028BEE1496D00C4218F1894F7CA2C3BE30A463CD9A355960D0D9D08C7079FCF8F1C9E97A2E84F92142CF8A69D3A6154FD4E32F7FF9CBC95D77DD156FDAB4291B1AB276EDDA6C5FFBE3426F89F0398A13685E48218458BA74E97FFD2600208800002E3AED0388F4C43A79FDF5D79B7A4257FDF6BD19DEF3A2A35008F3476443341E7CF0C10EFB4A4B4BA3E2CA19A71B9A71AA104AECD8B1236E6969E9704C583E34EC2B4E8C3963C68C6CEE89769F2B2906119B376FCE02925383110040100100B4993D7BF6B19E14408493F97BEEB9270402590F83102A9C4E589EF3861B6E88172E5C9884A53E57AE5C19B75F62F3FD086142188671D5555775188312866384492DC3E5C71E7BEC8CB559B1624536A7859F2A00C88F2002002E22E19DFE9ED40322F8FCE73F1F6DD9B2257B2EA107C299267E0CFB9F7FFEF924F49CB8EFBEFBA299336726ED57D208C25C0EE1B83BEFBCB3D3C70AFBC336CC09F1E28B2F7EE01A84D064E9D2A589653B01205F820800B888ECDAB5ABB1A7AD9610C28253C38433193F7EFCC9CBA72EBD19148381D33D6657050761A888100200F2D74F0900E0E261C94600E0622788000000007223880000000072238800000000722388000000007223880000000072238800000000722388000000007223880000000072238800000000722388000000007223880000000072238800000000722388000000007223880000000072238800000000722388000000007223880000000072238800000000722388000000007223880000000072238800000000722388000000007223880000B8801A1B1BB3EDE0C18315030022410400F43A975E7A69B63D7AF468AC1ADDAFAEAE2EDB8E1C39F2B86A00802002007A9DF4843709DB9A9A1AC5E8018ADF87E2F70500FA3A410400F43237DD74534BD86ED8B0216A6E6E56906E147A43BCF6DA6BF165975D967CF6B39F6D55110010440040AF336AD4A8E4539FFAD4F13037C1FAF5EB15A41BAD5CB932EB0571F3CD37B70E1C385041002012440040AFB468D1A2A361FB831FFC202E4E9648BE426F889FFCE427D96BADC58B17FF574500E004410400F442B7DF7E7BCBB5D75EDB1A4E8667CF9E1DB7B4B4284A8E42F873EBADB766DBDB6EBBADE5FAEBAF372C0300DA082200A097AAACAC6CFEC8473E9284B922BEF295AFE819919386868668F2E4C9D18E1D3BE2ABAFBEFAF8AA55AB4CD40100ED082200A0971A3366CCF1DFFCE637478A61C4D8B163E3356BD698C0F20209414F454545545A5A9A4D50F9B18F7DECF8F3CF3F7FE4F2CB2FB75A0600B453500200E8BDBEF0852FB4FEF5AF7FFDCFAC59B3066EDFBEBDFF9D77DE197FEB5BDF8AA64D9B965C75D5557149498993E4F31402889D3B77469B376F8E8B21CFD4A9535BD6AE5DDB7CE59557AA2F009C42100100BD5CE819F1DA6BAFFD67DDBA7585E5CB9797BCF9E69BFD9E7BEEB9B86D77AC425D27CC05F1F0C30F1FFDD297BE644E0800380D410400F4116102CBD0F6ECD9136FD9B2A5505757171F39724461CED3E0C183A39123471E9F3A756AAB1E10007076820800E863468D1A957CE31BDF38A612004077305925000000901B4104000000901B4104000000901B4104000000901B4104000000901B4104000000901B4104000000901B4104000000901B4104000000901B4104000000901B4104000000901B4104000000901B4104000000901B4104000000901B4104000000901B4104000000901B4104000000901B4104000000901B4104000000901B4104000000901B4104000000901B4104000000901B4104000000901B4104000000901B4104000000901B4104000000901B4104000000901B4104000000901B4104000000901B4104000000901B4104000000901B4104000000901B4104000000901B4104000000901B4104000000901B4104000000901B4104000000901B4104000000901B4104000000901B4104000000901B4104000000901B4104000000901B4104000000901B4104000000901B4104000000901B4104000000901B4104000000901B4104000000901B4104000000901B4104000000901B4104000000901B4104000000901B4104000000901B4104000000901B4104000000901B4104000000901B4104000000901B41040000C079D8BF7F7F53DBC546D580B3134440F7690E1F8E1E3D1A2B0500C0C56BD7AE5DC7DA2ED6A9069C9D2002BA4FF68FAAA6A6C6EF2100C045EC9D77DE29BEB154AF1A70764E80A0FB54850F2FBFFC72FFE6E666D50000B808EDD9B327DEBD7BF7B0E8C4B08C6A1581B3134440F7A92B140A7F6F6A6A8AD7AD5B77897200005C7CCACBCB0FB55DDC14B50DBD05CE4C1001DDA8A5A56559D83EF4D04325870F1F36570400C04524F486A8A8A8B8BCEDEA72158173D35F09A05BBD9DB65B0F1F3EFC3FD5D5D5FDE6CE9DDBD2AF9F7C1000A0A70B6F225D73CD35870F1D3A148288CAB43DAE2A706E0411D0FD36C6713CF79FFFFCE787B66DDBD67FC68C19AD252525AA0200D043EDDDBB37BEF6DA6B0FD7D7D78F48AFEE4CDBF4C8B00C38678208E87E07D3B62D6DB7ECDAB5EB43AB57AFEE3774E8D078ECD8B1C70B8582EA0000F410A117C48A152B9A66CC985172E0C081A1E94D35D18910C2B29DF03E18930E3DC7E8B4FD366DD7852B03070E6C9932654AF3D8B1630794949424CA0300D03DF6EFDFDFB47DFBF623D5D5D5C35A5B5B8B938C6F48DB1D69DBA742F0FE0822A0E79993B6C5699BA01400003DCEAB692B4BDB66A5800F4610013DD7C8B4DDD8B61DA81C0000DDA6313A31FC22840F7A400000000000000000000000000000000000BDDEFF03058F472891F1E8B70000000049454E44AE426082, 0);
INSERT INTO `act_ge_bytearray` VALUES ('1537728482781995012', 1, '子流程.bpmn20.xml', '1537728482781995010', 0x3C3F786D6C2076657273696F6E3D22312E302220656E636F64696E673D225554462D38223F3E0A3C62706D6E323A646566696E6974696F6E7320786D6C6E733A7873693D22687474703A2F2F7777772E77332E6F72672F323030312F584D4C536368656D612D696E7374616E63652220786D6C6E733A666C6F7761626C653D22687474703A2F2F666C6F7761626C652E6F72672F62706D6E2220786D6C6E733A62706D6E64693D22687474703A2F2F7777772E6F6D672E6F72672F737065632F42504D4E2F32303130303532342F44492220786D6C6E733A62706D6E323D22687474703A2F2F7777772E6F6D672E6F72672F737065632F42504D4E2F32303130303532342F4D4F44454C2220786D6C6E733A64633D22687474703A2F2F7777772E6F6D672E6F72672F737065632F44442F32303130303532342F44432220786D6C6E733A64693D22687474703A2F2F7777772E6F6D672E6F72672F737065632F44442F32303130303532342F44492220786D6C6E733A7873643D22687474703A2F2F7777772E77332E6F72672F323030312F584D4C536368656D61222069643D226469616772616D5F50726F636573735F3136353337323835333735313022207461726765744E616D6573706163653D22687474703A2F2F666C6F7761626C652E6F72672F62706D6E223E3C62706D6E323A70726F636573732069643D2273756222206E616D653D22E5AD90E6B581E7A88B2220697345786563757461626C653D2274727565223E3C62706D6E323A73746172744576656E742069643D224576656E745F30306731396278223E3C62706D6E323A657874656E73696F6E456C656D656E74733E3C666C6F7761626C653A666F726D44617461202F3E3C2F62706D6E323A657874656E73696F6E456C656D656E74733E3C2F62706D6E323A73746172744576656E743E3C62706D6E323A757365725461736B2069643D2241637469766974795F316C3932796F7022206E616D653D22E794B3E8AFB7E4BABA223E3C62706D6E323A657874656E73696F6E456C656D656E74733E3C666C6F7761626C653A666F726D44617461202F3E3C2F62706D6E323A657874656E73696F6E456C656D656E74733E3C2F62706D6E323A757365725461736B3E3C62706D6E323A73657175656E6365466C6F772069643D22466C6F775F313476306E6B372220736F757263655265663D224576656E745F3030673139627822207461726765745265663D2241637469766974795F316C3932796F7022202F3E3C62706D6E323A73657175656E6365466C6F772069643D22466C6F775F317935716930732220736F757263655265663D2241637469766974795F316C3932796F7022207461726765745265663D2241637469766974795F3034327432793022202F3E3C62706D6E323A73756250726F636573732069643D2241637469766974795F3034327432793022206E616D653D22E5AD90E6B581E7A88B223E3C62706D6E323A657874656E73696F6E456C656D656E74733E3C666C6F7761626C653A666F726D44617461202F3E3C2F62706D6E323A657874656E73696F6E456C656D656E74733E3C62706D6E323A73746172744576656E742069643D224576656E745F3070646B793462223E3C62706D6E323A657874656E73696F6E456C656D656E74733E3C666C6F7761626C653A666F726D44617461202F3E3C2F62706D6E323A657874656E73696F6E456C656D656E74733E3C2F62706D6E323A73746172744576656E743E3C62706D6E323A757365725461736B2069643D2241637469766974795F306463706A773922206E616D653D22E5AD90E6B581E7A88B312220666C6F7761626C653A6578636C75736976653D2266616C73652220666C6F7761626C653A61737369676E65653D223131223E3C62706D6E323A657874656E73696F6E456C656D656E74733E3C666C6F7761626C653A666F726D44617461202F3E3C2F62706D6E323A657874656E73696F6E456C656D656E74733E3C2F62706D6E323A757365725461736B3E3C62706D6E323A73657175656E6365466C6F772069643D22466C6F775F3066327A6376692220736F757263655265663D224576656E745F3070646B79346222207461726765745265663D2241637469766974795F306463706A773922202F3E3C62706D6E323A6578636C7573697665476174657761792069643D22476174657761795F3134396972396D222064656661756C743D22466C6F775F3136637074687522202F3E3C62706D6E323A73657175656E6365466C6F772069643D22466C6F775F3166767164686E2220736F757263655265663D2241637469766974795F306463706A773922207461726765745265663D22476174657761795F3134396972396D22202F3E3C62706D6E323A757365725461736B2069643D2241637469766974795F31766F6164703622206E616D653D22E5AD9028E68E92E4BB963129223E3C62706D6E323A657874656E73696F6E456C656D656E74733E3C666C6F7761626C653A666F726D44617461202F3E3C2F62706D6E323A657874656E73696F6E456C656D656E74733E3C2F62706D6E323A757365725461736B3E3C62706D6E323A73657175656E6365466C6F772069643D22466C6F775F31376F3735633122206E616D653D22E5A4A7E4BA8E32E5A4A92220736F757263655265663D22476174657761795F3134396972396D22207461726765745265663D2241637469766974795F31766F61647036223E3C62706D6E323A636F6E646974696F6E45787072657373696F6E207873693A747970653D2262706D6E323A74466F726D616C45787072657373696F6E223E247B656E746974792E6475726174696F6E2667743B322E307D3C2F62706D6E323A636F6E646974696F6E45787072657373696F6E3E3C2F62706D6E323A73657175656E6365466C6F773E3C62706D6E323A757365725461736B2069643D2241637469766974795F3165387376616522206E616D653D22E5AD9028E68E92E4BB963229223E3C62706D6E323A657874656E73696F6E456C656D656E74733E3C666C6F7761626C653A666F726D44617461202F3E3C2F62706D6E323A657874656E73696F6E456C656D656E74733E3C2F62706D6E323A757365725461736B3E3C62706D6E323A73657175656E6365466C6F772069643D22466C6F775F313663707468752220736F757263655265663D22476174657761795F3134396972396D22207461726765745265663D2241637469766974795F3165387376616522202F3E3C62706D6E323A757365725461736B2069643D2241637469766974795F3039656979706C22206E616D653D22E5AD90E6B581E7A88B32223E3C62706D6E323A657874656E73696F6E456C656D656E74733E3C666C6F7761626C653A666F726D44617461202F3E3C2F62706D6E323A657874656E73696F6E456C656D656E74733E3C2F62706D6E323A757365725461736B3E3C62706D6E323A73657175656E6365466C6F772069643D22466C6F775F303979326861372220736F757263655265663D2241637469766974795F3165387376616522207461726765745265663D2241637469766974795F3039656979706C22202F3E3C62706D6E323A73657175656E6365466C6F772069643D22466C6F775F3165786832306B2220736F757263655265663D2241637469766974795F31766F6164703622207461726765745265663D2241637469766974795F3039656979706C22202F3E3C62706D6E323A656E644576656E742069643D224576656E745F3039327075353722202F3E3C62706D6E323A73657175656E6365466C6F772069643D22466C6F775F306869696776642220736F757263655265663D2241637469766974795F3039656979706C22207461726765745265663D224576656E745F3039327075353722202F3E3C2F62706D6E323A73756250726F636573733E3C62706D6E323A757365725461736B2069643D2241637469766974795F30746165716F3222206E616D653D22E680BBE7BB8FE79086223E3C62706D6E323A657874656E73696F6E456C656D656E74733E3C666C6F7761626C653A666F726D44617461202F3E3C2F62706D6E323A657874656E73696F6E456C656D656E74733E3C2F62706D6E323A757365725461736B3E3C62706D6E323A73657175656E6365466C6F772069643D22466C6F775F3178376D3374312220736F757263655265663D2241637469766974795F3034327432793022207461726765745265663D2241637469766974795F30746165716F3222202F3E3C62706D6E323A656E644576656E742069643D224576656E745F3077737866706822202F3E3C62706D6E323A73657175656E6365466C6F772069643D22466C6F775F313876706A38702220736F757263655265663D2241637469766974795F30746165716F3222207461726765745265663D224576656E745F3077737866706822202F3E3C2F62706D6E323A70726F636573733E3C62706D6E64693A42504D4E4469616772616D2069643D2242504D4E4469616772616D5F737562223E3C62706D6E64693A42504D4E506C616E652069643D2242504D4E506C616E655F737562222062706D6E456C656D656E743D22737562223E3C62706D6E64693A42504D4E456467652069643D2242504D4E456467655F466C6F775F313876706A3870222062706D6E456C656D656E743D22466C6F775F313876706A3870223E3C64693A776179706F696E7420783D22313036302220793D2232323522202F3E3C64693A776179706F696E7420783D22313039322220793D2232323522202F3E3C2F62706D6E64693A42504D4E456467653E3C62706D6E64693A42504D4E456467652069643D2242504D4E456467655F466C6F775F3178376D337431222062706D6E456C656D656E743D22466C6F775F3178376D337431223E3C64693A776179706F696E7420783D223933302220793D2232323522202F3E3C64693A776179706F696E7420783D223936302220793D2232323522202F3E3C2F62706D6E64693A42504D4E456467653E3C62706D6E64693A42504D4E456467652069643D2242504D4E456467655F466C6F775F31793571693073222062706D6E456C656D656E743D22466C6F775F31793571693073223E3C64693A776179706F696E7420783D223237302220793D2232313022202F3E3C64693A776179706F696E7420783D223330302220793D2232313022202F3E3C2F62706D6E64693A42504D4E456467653E3C62706D6E64693A42504D4E456467652069643D2242504D4E456467655F466C6F775F313476306E6B37222062706D6E456C656D656E743D22466C6F775F313476306E6B37223E3C64693A776179706F696E7420783D223131382220793D2232313022202F3E3C64693A776179706F696E7420783D223137302220793D2232313022202F3E3C2F62706D6E64693A42504D4E456467653E3C62706D6E64693A42504D4E53686170652069643D2242504D4E53686170655F4576656E745F30306731396278222062706D6E456C656D656E743D224576656E745F30306731396278223E3C64633A426F756E647320783D2238322220793D22313932222077696474683D22333622206865696768743D22333622202F3E3C2F62706D6E64693A42504D4E53686170653E3C62706D6E64693A42504D4E53686170652069643D2242504D4E53686170655F41637469766974795F316C3932796F70222062706D6E456C656D656E743D2241637469766974795F316C3932796F70223E3C64633A426F756E647320783D223137302220793D22313730222077696474683D2231303022206865696768743D22383022202F3E3C2F62706D6E64693A42504D4E53686170653E3C62706D6E64693A42504D4E53686170652069643D2242504D4E53686170655F41637469766974795F30343274327930222062706D6E456C656D656E743D2241637469766974795F3034327432793022206973457870616E6465643D2274727565223E3C64633A426F756E647320783D223330302220793D223530222077696474683D2236333022206865696768743D2233353022202F3E3C2F62706D6E64693A42504D4E53686170653E3C62706D6E64693A42504D4E456467652069643D2242504D4E456467655F466C6F775F30686969677664222062706D6E456C656D656E743D22466C6F775F30686969677664223E3C64693A776179706F696E7420783D223832302220793D2232313022202F3E3C64693A776179706F696E7420783D223836322220793D2232313022202F3E3C2F62706D6E64693A42504D4E456467653E3C62706D6E64693A42504D4E456467652069643D2242504D4E456467655F466C6F775F3165786832306B222062706D6E456C656D656E743D22466C6F775F3165786832306B223E3C64693A776179706F696E7420783D223638302220793D2231323022202F3E3C64693A776179706F696E7420783D223730302220793D2231323022202F3E3C64693A776179706F696E7420783D223730302220793D2231383022202F3E3C64693A776179706F696E7420783D223732302220793D2231383022202F3E3C2F62706D6E64693A42504D4E456467653E3C62706D6E64693A42504D4E456467652069643D2242504D4E456467655F466C6F775F30397932686137222062706D6E456C656D656E743D22466C6F775F30397932686137223E3C64693A776179706F696E7420783D223638302220793D2232393022202F3E3C64693A776179706F696E7420783D223730302220793D2232393022202F3E3C64693A776179706F696E7420783D223730302220793D2232343022202F3E3C64693A776179706F696E7420783D223732302220793D2232343022202F3E3C2F62706D6E64693A42504D4E456467653E3C62706D6E64693A42504D4E456467652069643D2242504D4E456467655F466C6F775F31366370746875222062706D6E456C656D656E743D22466C6F775F31366370746875223E3C64693A776179706F696E7420783D223535332220793D2232333522202F3E3C64693A776179706F696E7420783D223535332220793D2232393022202F3E3C64693A776179706F696E7420783D223538302220793D2232393022202F3E3C2F62706D6E64693A42504D4E456467653E3C62706D6E64693A42504D4E456467652069643D2242504D4E456467655F466C6F775F31376F37356331222062706D6E456C656D656E743D22466C6F775F31376F37356331223E3C64693A776179706F696E7420783D223535332220793D2231383522202F3E3C64693A776179706F696E7420783D223535332220793D2231323022202F3E3C64693A776179706F696E7420783D223538302220793D2231323022202F3E3C62706D6E64693A42504D4E4C6162656C3E3C64633A426F756E647320783D223534382220793D22313530222077696474683D22343022206865696768743D22313422202F3E3C2F62706D6E64693A42504D4E4C6162656C3E3C2F62706D6E64693A42504D4E456467653E3C62706D6E64693A42504D4E456467652069643D2242504D4E456467655F466C6F775F3166767164686E222062706D6E456C656D656E743D22466C6F775F3166767164686E223E3C64693A776179706F696E7420783D223530302220793D2232313022202F3E3C64693A776179706F696E7420783D223532382220793D2232313022202F3E3C2F62706D6E64693A42504D4E456467653E3C62706D6E64693A42504D4E456467652069643D2242504D4E456467655F466C6F775F3066327A637669222062706D6E456C656D656E743D22466C6F775F3066327A637669223E3C64693A776179706F696E7420783D223336382220793D2232313022202F3E3C64693A776179706F696E7420783D223430302220793D2232313022202F3E3C2F62706D6E64693A42504D4E456467653E3C62706D6E64693A42504D4E53686170652069643D2242504D4E53686170655F4576656E745F3070646B793462222062706D6E456C656D656E743D224576656E745F3070646B793462223E3C64633A426F756E647320783D223333312E363636363636363636363636372220793D22313932222077696474683D22333622206865696768743D22333622202F3E3C2F62706D6E64693A42504D4E53686170653E3C62706D6E64693A42504D4E53686170652069643D2242504D4E53686170655F41637469766974795F306463706A7739222062706D6E456C656D656E743D2241637469766974795F306463706A7739223E3C64633A426F756E647320783D223430302220793D22313730222077696474683D2231303022206865696768743D22383022202F3E3C2F62706D6E64693A42504D4E53686170653E3C62706D6E64693A42504D4E53686170652069643D2242504D4E53686170655F476174657761795F3134396972396D222062706D6E456C656D656E743D22476174657761795F3134396972396D222069734D61726B657256697369626C653D2274727565223E3C64633A426F756E647320783D223532382220793D22313835222077696474683D22353022206865696768743D22353022202F3E3C2F62706D6E64693A42504D4E53686170653E3C62706D6E64693A42504D4E53686170652069643D2242504D4E53686170655F41637469766974795F31766F61647036222062706D6E456C656D656E743D2241637469766974795F31766F61647036223E3C64633A426F756E647320783D223538302220793D223830222077696474683D2231303022206865696768743D22383022202F3E3C2F62706D6E64693A42504D4E53686170653E3C62706D6E64693A42504D4E53686170652069643D2242504D4E53686170655F41637469766974795F31653873766165222062706D6E456C656D656E743D2241637469766974795F31653873766165223E3C64633A426F756E647320783D223538302220793D22323530222077696474683D2231303022206865696768743D22383022202F3E3C2F62706D6E64693A42504D4E53686170653E3C62706D6E64693A42504D4E53686170652069643D2242504D4E53686170655F41637469766974795F3039656979706C222062706D6E456C656D656E743D2241637469766974795F3039656979706C223E3C64633A426F756E647320783D223732302220793D22313730222077696474683D2231303022206865696768743D22383022202F3E3C2F62706D6E64693A42504D4E53686170653E3C62706D6E64693A42504D4E53686170652069643D2242504D4E53686170655F4576656E745F30393270753537222062706D6E456C656D656E743D224576656E745F30393270753537223E3C64633A426F756E647320783D223836322220793D22313932222077696474683D22333622206865696768743D22333622202F3E3C2F62706D6E64693A42504D4E53686170653E3C62706D6E64693A42504D4E53686170652069643D2242504D4E53686170655F41637469766974795F30746165716F32222062706D6E456C656D656E743D2241637469766974795F30746165716F32223E3C64633A426F756E647320783D223936302220793D22313835222077696474683D2231303022206865696768743D22383022202F3E3C2F62706D6E64693A42504D4E53686170653E3C62706D6E64693A42504D4E53686170652069643D2242504D4E53686170655F4576656E745F30777378667068222062706D6E456C656D656E743D224576656E745F30777378667068223E3C64633A426F756E647320783D22313039322220793D22323037222077696474683D22333622206865696768743D22333622202F3E3C2F62706D6E64693A42504D4E53686170653E3C2F62706D6E64693A42504D4E506C616E653E3C2F62706D6E64693A42504D4E4469616772616D3E3C2F62706D6E323A646566696E6974696F6E733E, 0);
INSERT INTO `act_ge_bytearray` VALUES ('1540583141288755201', 1, 'source', NULL, 0x3C3F786D6C2076657273696F6E3D22312E302220656E636F64696E673D225554462D38223F3E0A3C646566696E6974696F6E7320786D6C6E733D22687474703A2F2F7777772E6F6D672E6F72672F737065632F42504D4E2F32303130303532342F4D4F44454C2220786D6C6E733A7873693D22687474703A2F2F7777772E77332E6F72672F323030312F584D4C536368656D612D696E7374616E63652220786D6C6E733A7873643D22687474703A2F2F7777772E77332E6F72672F323030312F584D4C536368656D612220786D6C6E733A666C6F7761626C653D22687474703A2F2F666C6F7761626C652E6F72672F62706D6E2220786D6C6E733A62706D6E64693D22687474703A2F2F7777772E6F6D672E6F72672F737065632F42504D4E2F32303130303532342F44492220786D6C6E733A6F6D6764633D22687474703A2F2F7777772E6F6D672E6F72672F737065632F44442F32303130303532342F44432220786D6C6E733A6F6D6764693D22687474703A2F2F7777772E6F6D672E6F72672F737065632F44442F32303130303532342F44492220786D6C6E733A62706D6E323D22687474703A2F2F7777772E6F6D672E6F72672F737065632F42504D4E2F32303130303532342F4D4F44454C2220786D6C6E733A64633D22687474703A2F2F7777772E6F6D672E6F72672F737065632F44442F32303130303532342F44432220786D6C6E733A64693D22687474703A2F2F7777772E6F6D672E6F72672F737065632F44442F32303130303532342F44492220747970654C616E67756167653D22687474703A2F2F7777772E77332E6F72672F323030312F584D4C536368656D61222065787072657373696F6E4C616E67756167653D22687474703A2F2F7777772E77332E6F72672F313939392F585061746822207461726765744E616D6573706163653D22687474703A2F2F666C6F7761626C652E6F72672F62706D6E222069643D226469616772616D5F50726F636573735F31363533363632333538393637223E0A20203C70726F636573732069643D226875697169616E22206E616D653D22E4BC9AE7ADBE2220697345786563757461626C653D2274727565223E0A202020203C73746172744576656E742069643D224576656E745F30767A6B663977223E0A2020202020203C657874656E73696F6E456C656D656E74733E0A20202020202020203C666C6F7761626C653A666F726D446174613E3C2F666C6F7761626C653A666F726D446174613E0A2020202020203C2F657874656E73696F6E456C656D656E74733E0A202020203C2F73746172744576656E743E0A202020203C757365725461736B2069643D2241637469766974795F306D6C6F6D306822206E616D653D22E794B3E8AFB7E4BABA223E0A2020202020203C657874656E73696F6E456C656D656E74733E0A20202020202020203C666C6F7761626C653A666F726D446174613E3C2F666C6F7761626C653A666F726D446174613E0A2020202020203C2F657874656E73696F6E456C656D656E74733E0A202020203C2F757365725461736B3E0A202020203C73657175656E6365466C6F772069643D22466C6F775F306F62763535362220736F757263655265663D224576656E745F30767A6B66397722207461726765745265663D2241637469766974795F306D6C6F6D3068223E3C2F73657175656E6365466C6F773E0A202020203C757365725461736B2069643D2241637469766974795F31326578336D3922206E616D653D22E5B9B6E8A18C2220666C6F7761626C653A61737369676E65653D22247B61737369676E65657D223E0A2020202020203C657874656E73696F6E456C656D656E74733E0A20202020202020203C666C6F7761626C653A666F726D446174613E3C2F666C6F7761626C653A666F726D446174613E0A2020202020203C2F657874656E73696F6E456C656D656E74733E0A2020202020203C6D756C7469496E7374616E63654C6F6F7043686172616374657269737469637320697353657175656E7469616C3D2266616C73652220666C6F7761626C653A636F6C6C656374696F6E3D2261737369676E65654C6973742220666C6F7761626C653A656C656D656E745661726961626C653D2261737369676E6565223E3C2F6D756C7469496E7374616E63654C6F6F704368617261637465726973746963733E0A202020203C2F757365725461736B3E0A202020203C73657175656E6365466C6F772069643D22466C6F775F317863343670392220736F757263655265663D2241637469766974795F306D6C6F6D306822207461726765745265663D2241637469766974795F31326578336D39223E3C2F73657175656E6365466C6F773E0A202020203C757365725461736B2069643D2241637469766974795F3165767165696E22206E616D653D22E4B8B2E8A18C2220666C6F7761626C653A61737369676E65653D22247B61737369676E65657D223E0A2020202020203C657874656E73696F6E456C656D656E74733E0A20202020202020203C666C6F7761626C653A666F726D446174613E3C2F666C6F7761626C653A666F726D446174613E0A2020202020203C2F657874656E73696F6E456C656D656E74733E0A2020202020203C6D756C7469496E7374616E63654C6F6F7043686172616374657269737469637320697353657175656E7469616C3D22747275652220666C6F7761626C653A636F6C6C656374696F6E3D2261737369676E65654C6973742220666C6F7761626C653A656C656D656E745661726961626C653D2261737369676E6565223E3C2F6D756C7469496E7374616E63654C6F6F704368617261637465726973746963733E0A202020203C2F757365725461736B3E0A202020203C73657175656E6365466C6F772069643D22466C6F775F306468653335732220736F757263655265663D2241637469766974795F31326578336D3922207461726765745265663D2241637469766974795F3165767165696E223E3C2F73657175656E6365466C6F773E0A202020203C757365725461736B2069643D2241637469766974795F303633616F333622206E616D653D22E680BBE7BB8FE79086223E0A2020202020203C657874656E73696F6E456C656D656E74733E0A20202020202020203C666C6F7761626C653A666F726D446174613E3C2F666C6F7761626C653A666F726D446174613E0A2020202020203C2F657874656E73696F6E456C656D656E74733E0A202020203C2F757365725461736B3E0A202020203C73657175656E6365466C6F772069643D22466C6F775F30677179716B672220736F757263655265663D2241637469766974795F3165767165696E22207461726765745265663D2241637469766974795F303633616F3336223E3C2F73657175656E6365466C6F773E0A202020203C656E644576656E742069643D224576656E745F31643234377839223E3C2F656E644576656E743E0A202020203C73657175656E6365466C6F772069643D22466C6F775F30616A707836352220736F757263655265663D2241637469766974795F303633616F333622207461726765745265663D224576656E745F31643234377839223E3C2F73657175656E6365466C6F773E0A20203C2F70726F636573733E0A20203C62706D6E64693A42504D4E4469616772616D2069643D2242504D4E4469616772616D5F6875697169616E223E0A202020203C62706D6E64693A42504D4E506C616E652062706D6E456C656D656E743D226875697169616E222069643D2242504D4E506C616E655F6875697169616E223E0A2020202020203C62706D6E64693A42504D4E53686170652062706D6E456C656D656E743D224576656E745F30767A6B663977222069643D2242504D4E53686170655F4576656E745F30767A6B663977223E0A20202020202020203C6F6D6764633A426F756E6473206865696768743D2233362E30222077696474683D2233362E302220783D223137322E302220793D223137322E30223E3C2F6F6D6764633A426F756E64733E0A2020202020203C2F62706D6E64693A42504D4E53686170653E0A2020202020203C62706D6E64693A42504D4E53686170652062706D6E456C656D656E743D2241637469766974795F306D6C6F6D3068222069643D2242504D4E53686170655F41637469766974795F306D6C6F6D3068223E0A20202020202020203C6F6D6764633A426F756E6473206865696768743D2238302E30222077696474683D223130302E302220783D223236302E302220793D223135302E30223E3C2F6F6D6764633A426F756E64733E0A2020202020203C2F62706D6E64693A42504D4E53686170653E0A2020202020203C62706D6E64693A42504D4E53686170652062706D6E456C656D656E743D2241637469766974795F31326578336D39222069643D2242504D4E53686170655F41637469766974795F31326578336D39223E0A20202020202020203C6F6D6764633A426F756E6473206865696768743D2238302E30222077696474683D223130302E302220783D223432302E302220793D223135302E30223E3C2F6F6D6764633A426F756E64733E0A2020202020203C2F62706D6E64693A42504D4E53686170653E0A2020202020203C62706D6E64693A42504D4E53686170652062706D6E456C656D656E743D2241637469766974795F3165767165696E222069643D2242504D4E53686170655F41637469766974795F3165767165696E223E0A20202020202020203C6F6D6764633A426F756E6473206865696768743D2238302E30222077696474683D223130302E302220783D223538302E302220793D223135302E30223E3C2F6F6D6764633A426F756E64733E0A2020202020203C2F62706D6E64693A42504D4E53686170653E0A2020202020203C62706D6E64693A42504D4E53686170652062706D6E456C656D656E743D2241637469766974795F303633616F3336222069643D2242504D4E53686170655F41637469766974795F303633616F3336223E0A20202020202020203C6F6D6764633A426F756E6473206865696768743D2238302E30222077696474683D223130302E302220783D223734302E302220793D223135302E30223E3C2F6F6D6764633A426F756E64733E0A2020202020203C2F62706D6E64693A42504D4E53686170653E0A2020202020203C62706D6E64693A42504D4E53686170652062706D6E456C656D656E743D224576656E745F31643234377839222069643D2242504D4E53686170655F4576656E745F31643234377839223E0A20202020202020203C6F6D6764633A426F756E6473206865696768743D2233362E30222077696474683D2233362E302220783D223930322E302220793D223137322E30223E3C2F6F6D6764633A426F756E64733E0A2020202020203C2F62706D6E64693A42504D4E53686170653E0A2020202020203C62706D6E64693A42504D4E456467652062706D6E456C656D656E743D22466C6F775F30616A70783635222069643D2242504D4E456467655F466C6F775F30616A70783635223E0A20202020202020203C6F6D6764693A776179706F696E7420783D223834302E302220793D223139302E30223E3C2F6F6D6764693A776179706F696E743E0A20202020202020203C6F6D6764693A776179706F696E7420783D223930322E302220793D223139302E30223E3C2F6F6D6764693A776179706F696E743E0A2020202020203C2F62706D6E64693A42504D4E456467653E0A2020202020203C62706D6E64693A42504D4E456467652062706D6E456C656D656E743D22466C6F775F30677179716B67222069643D2242504D4E456467655F466C6F775F30677179716B67223E0A20202020202020203C6F6D6764693A776179706F696E7420783D223638302E302220793D223139302E30223E3C2F6F6D6764693A776179706F696E743E0A20202020202020203C6F6D6764693A776179706F696E7420783D223734302E302220793D223139302E30223E3C2F6F6D6764693A776179706F696E743E0A2020202020203C2F62706D6E64693A42504D4E456467653E0A2020202020203C62706D6E64693A42504D4E456467652062706D6E456C656D656E743D22466C6F775F30646865333573222069643D2242504D4E456467655F466C6F775F30646865333573223E0A20202020202020203C6F6D6764693A776179706F696E7420783D223532302E302220793D223139302E30223E3C2F6F6D6764693A776179706F696E743E0A20202020202020203C6F6D6764693A776179706F696E7420783D223538302E302220793D223139302E30223E3C2F6F6D6764693A776179706F696E743E0A2020202020203C2F62706D6E64693A42504D4E456467653E0A2020202020203C62706D6E64693A42504D4E456467652062706D6E456C656D656E743D22466C6F775F31786334367039222069643D2242504D4E456467655F466C6F775F31786334367039223E0A20202020202020203C6F6D6764693A776179706F696E7420783D223336302E302220793D223139302E30223E3C2F6F6D6764693A776179706F696E743E0A20202020202020203C6F6D6764693A776179706F696E7420783D223432302E302220793D223139302E30223E3C2F6F6D6764693A776179706F696E743E0A2020202020203C2F62706D6E64693A42504D4E456467653E0A2020202020203C62706D6E64693A42504D4E456467652062706D6E456C656D656E743D22466C6F775F306F6276353536222069643D2242504D4E456467655F466C6F775F306F6276353536223E0A20202020202020203C6F6D6764693A776179706F696E7420783D223230382E302220793D223139302E30223E3C2F6F6D6764693A776179706F696E743E0A20202020202020203C6F6D6764693A776179706F696E7420783D223236302E302220793D223139302E30223E3C2F6F6D6764693A776179706F696E743E0A2020202020203C2F62706D6E64693A42504D4E456467653E0A202020203C2F62706D6E64693A42504D4E506C616E653E0A20203C2F62706D6E64693A42504D4E4469616772616D3E0A3C2F646566696E6974696F6E733E, NULL);
INSERT INTO `act_ge_bytearray` VALUES ('1540583141678825474', 1, 'source-extra', NULL, 0x89504E470D0A1A0A0000000D494844520000030A0000005C0806000000CE074256000000206348524D00007A26000080840000FA00000080E8000075300000EA6000003A98000017709CBA513C0000000467414D410000B18E7CFB5193000000017352474200AECE1CE900000006624B474400FF00FF00FFA0BDA793000000097048597300000EC400000EC401952B0E1B00001EDA4944415478DAED9D0B589465DAC7DF770ECC20A268FA85998AE8658775D36C6BDD2C252D3B6C229699B8B57DDAA7A65BF979684D590F9896747215BB485DB534CD55149334C1C38766AE6BAC59A65B6620272591C00330C01CBEE73FCCCBBE4C33301C6780FFEFBA6E98F79D9761E6E5CFF3DCF773DFCFF34812218410420821841042082184104208218410420821841042082184104208218410420821843402326F814F6214F61B615D85050B0BE22DA93385C2B285E5084B1566E62DA1FEA83FEA8FFA23D41FF5471828342B02030307B56BD72EE6F2E5CBF7949696EA79471A169D4E77DD6C36EF140F9708FB8E7784FAA3FEA83FEA8F507FD41F61A0E0EB0475EFDE7D576666E6FDCA89010306587AF5EA650B0E0EB6B66FDFDEC65B5437AE5CB9226767676BBEFFFE7BCD9933673476D1CBB2C566B3AD110FA70B33F12E517FD41FF547FD517FD41FF5471828F81C1D3B76FC9556ABFDBFBCBCBCCE010101B6E9D3A7974D9A34A9BC5BB76E6C9C1A98B367CF6A56AE5CA98F8B8BF3339BED19D063C24609CBA5FEA83FEA8FFAA3FEA83FEA8FFA230C147C894E82B3972F5FEE70C71D77583FFDF4D362E7062A313151B765CB165D7A7ABA263030D0367BF6ECB2A143875A78EBEACE37DF7CA3193162847F6666A6C6D1583DD04A4736A83FEA8FFAA3FEA83FEA8FFA236ED1F216788F9B6FBEF9486E6E6E4FA4390F1F3E5CD2B973E7CA46CA64324963C78EF57FFFFDF7FD8E1E3DAA158D99263838588E8F8FD7E5E7E7CB43860C616355476EBCF1469BB8B7E66DDBB6E9AE5CB9D20D1D86B0DDD41FF547FD517FD41FF547FD517F848182D7118DD2A3A2919A85FA47D11015DF70C30D554632A64E9D6ADCB3678FFED2A54BF6AC0F5275191919725E5E9E9C9E9EAE1D346890B96BD7AE4C8FD691C0C04069D8B06196356BD6E86D36DB9DE2D4366197A93FEA8FFAA3FEA83FEA8FFAA3FE48051ADE02EFA0D3E996E1FBFCF9F3CBBA74E952A5C1494E4ED67EF9E597BA9F7FFE59EADDBB37F2A3557EF6E2C58B724C4C8C8177B17E20DD2C3A8472FC398445517FD41FF547FD517FD41FF547FD11D5FF0B6F8157E8241A9B5B8C46A33471E2C472E7273FFFFC736D7171B1BC6EDD3A49A3D148E7CF9F97F2F2F250DB271D3F7E5C2A2D2D95B08A006F63FD79F1C517CB636363FDC4C3C71DFF0F66EA8FFAA3FEA83FEA8FFAA3FEA83FC240C15B0CC397071E78C08C0952CE4FCA82F0F070E9A1871E421D65E5F9DCDC5C29292949BA7AF5AA949D9D6DE56DAC3F7DFAF4B18686865E4F4B4BC3A63AD864E718F547FD517FD41FF547FD517FD41F61A0E02DECADCFADB7DEEAB2B1C1DACD93264DB2EA743A8DD379E9B9E79EB33F9E3F7F3EEB231B08FC1D444385875DA93FEA8FFAA3FEA83FEA8FFAA3FE48054C9F7987B6F882759B5D3DD9B76F5FEBFEFDFBDDAEAA60369B6D2693890D5503D1AB572FA3BA03A1FEA83FEA8FFAA3FEA83FEA8FFA230C147C92C183075B9293936D8585852EEBF5121212CC03070EE4F26C0D846AE7CD20DE0DEA8FFAA3FEA83FEA8FFAA3FE0803059F056B3877EBD64D5EBA74A9CBE56BB76FDF8EF587B5B88E10EA8F507F84507F8434069CA3E04360ADE6D8D858635151916EF6ECD9B25EAF7779DD962D5B64D148F94D9932452F1AB4F2975E7AA94CBD590C21D41FA1FE08A1FE08A92FCC28F85023B560C1823623468CD05B2C16B78D94FAFABE7DFBCA3366CCD08BC6CDB063C70E067D84FA23D41F21D41F210C145A1A717171C62953A668B1C1CBC30F3F2CAD5DBBB6DAEB972F5F2E3DF9E49352505090BC68D122FD4F3FFDA43B71E204FF9E84FA23D41F21D41F210C145A12F9F9F93A65CDE68103074A6DDBB695626262A4C2C2C22AD7612DE779F3E6D9AF090909A93C3F71E2446D7C7CBC9E7792507F84FA2384FA23A42160BACC47C0262FEAE3A79F7EDADE28BDF7DE7BF6C60A0D17080A0A9266CE9C69FF5EE50FA9D369B45A2DEB2409F547A83F42A83F421828B454525252A4B0B030FB062F5151511E5D4B08F547A83F42A83F421A12961EF920870E1D6A946B09A1FE08F54708F54788A730A340082184104248F300BB59070B0B1176A3E3F8BAB09F84653BCCECCB8142937E004208218410425A30F0A9470A8B10765F0DFE3B76034C11162F6CB7B05C5F0814823B74E8F084BFBFFF844B972EF5339BCD6E5F57ABD596C8B2BC575CB3DDF1010AF9F7278410420821A40A61C25E7304079E8201FA471C063E15364FD8496F040ABD7BF6EC19979E9EFE6041418104D3E97452F7EEDDAD212121B61B6FBCD166341A6DD7AF5F977FFAE927393B3B5BCECCCCF4173F370A2602068BCD668B138F97D437E269EE58AD56F382050BEC8FCF9F3F2F8BC71EADA0509B6B09A1FE08F54708F5477C9EBE8E0021A2015EEB7147D0F091B06848B72902854EA1A1A1CB333232224590208B60407AE8A187CC111111E611234698ABDBCE3C2B2B4B4E4C4CD46DDFBE5D7FF8F061ADD96C7E51A3D14C10FFA86F8AA7DF912ACA945A1DD1D1D125FCBF20D41FA1FE08A1FE48ABE67961EF57E7A3BB1B90177EB92627274776E3EFFFB7B0D1C2C64A15153D8D132874ECD8F157C2B1FF3C2D2DAD03B207CF3EFB6C794C4C4C69972E5D3C8AAABB75EB669B3A756A39ECECD9B39A59B3661944E0D0463CB5D011F58C905A7976811042082184B42AE0932F13F6A2AB27870E1D6A19397264F9A851A3CCF0A5DDBD087CEBF8F878DD279F7CA23B7EFCB8D6E9696C0AB2D3E1732F69F0404104034F1614146C31994CBA01030658D6AF5F6FBAE38E3BAC75BD237DFAF4B1EEDAB5AB049985F1E3C71B45F0F11B71FA2BA9A234E918354308218410425A41909028FD675E412583070FB6BCF5D65BA5F7DC738FC553DF7AEEDCB965B0E4E464ED2BAFBC62FCE69B6F344EBF6BB15431417A6283050A227A89BC70E1C2268BC52247464696AF5BB7CE8492A3860037213535B578F4E8D1FE070F1EC48A49FB843DC460811042082184B470E29C83848080001B7CED3163C6D479A5D0E1C3875B8415AD58B1423F73E64CA3D95CE5A5FE47AA98AF506D66C1A30DD7828282FAE5E5E56D40903067CE9CB2CD9B37375890A0D0A143075B525252314A99A48AD4488254B1CC2A2184104208212D91C90EA7BD92D0D050EBF1E3C78BEB1324A879F9E597CB0F1C38508C390D4E4F2D14F6FBFA060AC15AADF630CA8DE0C4BFFEFAEBA58D75A730E701D113EAB01C4142A22368208410420821A4253150D84AF509940E1D3972A4F8F6DB6FB736E42F42F5CEC183079D830554166D912ACA90EA1628848484ACCBCFCF6F87DA2838F18D7DC7102CC4C7C797209A128798B330933A2284104208212D8C3724D53480F6EDDBDB1212124A3C5D20A8B620F8D8BA756B097C6D1518905F50D740A17F5656D6232833DAB871A3C9E9851B0D942161A2B4E37096C412244208218410D27240C94F98FAC4860D1B4C0D9D497006998577DE79C779E0FF19F8FCB50E147AF4E8F137CC4B983871621952214D79F7F041B0278323D289A29E0821841042480B61A9FA003E6F7878B8B9297E31E62C38AD5A8A4CC06BB50D14FA666464DC8534487474749937EEE0DB6FBF5DAAD168F0415E1016444D352E478F1ED5D6F6674E9C38A18179726D7A7ABA867799780AF4E2B44283643299DCEAC8D5F58434840E2F5EBC28D7741DD62EE7DD2275E943D5C768C3DC69E9CC99339A6BD7AEC9BC6B2D02CC4DE85BE9A5EB74D2D2A54B4B9BF20DBCF5D65BCE5905EC65F68B0A1EB7B54437DD74D3B3172E5C909E78E209334A81BC711791C5B8FFFEFBCD870E1DF2932A52349BA8ADC6233232D22882C32257CF61692DD180C93366CC28DBBA75AB0EBB00E2FCCE9D3BED1AC2AEDCCAB513264C2877F51AA1A1A101369BED1AEF34F184D8D8587D7676B606F594CAB9B973E71ACE9F3FAFD9B16347959D54D1793EF2C823FEE2674C5AAD564A4949F945D07BE79D775AD19EF1CE92DAB06EDD3A5DCF9E3D6DEEDA35B07AF56AFD871F7EA8FFE28B2F8AE7CD9BE7E7EA1AD176967BAB2F25BE0BD6B87FFAE9A7CB274D9A64D7D79B6FBEE9F7EDB7DF6AB0BAA4F3B54F3DF594FFC68D1BD1F6C9D3A74FFFC5D293B367CF2E7BECB1C7CC18F42B29F94F13891D7B57AD5AE55297C2BF2AE65FC12B545969089BA83576C99133583A15F38F9D3665C3FB5AEB51A0209CC2A7F07DF4E8D15EED58C78C19631542B6FBA2CD2450C877DCE4F9C24CBEFA26318A91909050E5EF7FE5CA15D9B993139DA359749256114498EFBBEFBE36414141B6B66DDBD6BAB3CBCACA926FB8E1067692D49F475A4150FAC20B2F944F9C38D1880D19B10BE5A953A71034E877EDDA558C515E6C5B8F095F1881FBC31FFE601C3972A4190D1FB40DC7CEF9753B75EA44FD517F35F2EEBBEFFA6DDAB44927DA39FBB1084C65CCD3432080E3C2C242392A2AAA5459B610FA5CB264899F084EED9E992BEDD93BDB269AE347FD350FFD216B70E4C811EDB061C3CCD016F4818CE9EBAFBFEE87D5254580AA7FF4D147CDCAA4561CDF75D75D960103065871DD071F7C50F9F9FEFDEF7F6B44A061BCEDB6DBEC8EE6B163C7B4274F9ED47CFDF5D7DAF0F0707B00D2AF5F3F8B082ECA67CE9C69107E5DF9EF7EF73B0CC4B6A164BCA6C3D1EA83888888726FBC51F49B4E81C2684F0385E04B972EF5C4660F43870EF56AA0809AAD3FFDE94F78F888E3FDFAFA8860470C1248155B70AFF4D5064B3422DA7FFEF39F5A8C4028E7D6AC592385858555EEFC171313E38763D1F1499D3B77B62526269660444C7CD7299D263A514790A1571A2357BF0F0D193B4AEACF13B0290C46C0E09065646420783528CF5DBF7E5D1A3F7EBC3F0256684D3868650812A02DD1099621358F8E144629507F75A1A0A040127D4EB99241C0E0893AA3806325A3BA67CF1E9D386F44860B01AE0868A5EA320F84FA534090B07CF9723F38F2F0B3D2D3D3ED9A423B96979727AF5DBB56DFA3470FAB08142CC898E2DABD7BF716CF9831C3F0CC33CF942B6D1CDABC975E7AC9B079F3E6120CEAE11C32FF070E1CD08A7E5A7AEDB5D7CA106488405693969626A30DCDCDCDC5631B4B35BDA6C39B85DDAA1C602042F8BA166FBC512403A2A2A20CAA5361CEBEB63BCFCDFE0144F46A6DE88DD56A0B461285937A5DFCE3B475DCDCF3CD4428FEBEDE60050707DB860D1B56294E83C150E5583432F6910CD4E7A231C263040C68BCE6CF9F5FEAB8C61E203CF7DC73E5AA8E56764EB1A7A6A66AE1FC611B71A70934A495EACF1D4AA9113ABA458B1619D4A9F1214386B481F6149D429B212121D677DF7DB774DCB871FEFDFBF7B7DC7EFBED65FCF3537FF50125958AE376F8F061DDD75F7F6D531F0B87ACDC31E0A2D9B56B5709B25B8F3DF6589B53A74E15B1BC88FAF3140C76C09177F55C464646E53C05E1C8F9219BB06FDF3E9D6817756FBEF9A6BDFF4500101D1DED87ECD7B973E734F7DE7BAFC5DD801C5E0F2599A21FD608DDDA1010233341BCA2C3DEEA8B44D067090C0CF45A897FD7AE5D6D393939CADC17A3B3AFED2E50E86AFFD2B5AB4F387437DD749359040A52330B14AA138A4FF0C5175F68FFF8C73F564682F9F9F9B2FA18CF2300F8E1871F34080876ECD8A1131D61B1BAFE1B4103BEABCF858686DA9C3BCBDDBB77EB901DFAE8A38FF44A23475AB7FE1A02A4E557AC5851BA79F366DD8F3FFE28C7C4C498852603DC5DFFF1C71F9BD0995216D49F3B3097050354BD7AF5B22A0E160655946CAB68DBA4DEBD7BDB9F9B3B776E199CADDFFEF6B701428726E1F4F96DDFBEDD65BF2AAEB1AAE7DB10EACF53A037CCD79A3C79B21103271B366CD023C370CB2DB7D837E64270307BF66C03CE619E168206F4C9283D42060C9A1D3C78B0194109F48C7E1D832D781D4AC42B3A3CA37E52F1A3BC057EBF0814D4E5471E050AF659CF681C7DE10E8B8005B57678F892B061CD5C28D3855DF08537848E509D09484E4ED6A98F737373ED112696AA8589062A00A94D4CBA7135910A2C5BB6CCA4A43F15908D387DFAB406A36D98E7B068D1A2526F67AADC10D60A1A2A9FD19F2B94BA5D3CFEEEBBEF34D02046CDD49A4C4A4AD229A36DA8E1455601F5B948D9437BCE13F265590E6C2693E8A93F1FE0ABAFBEB26B2B2B2B4BAB040A8585853683C150D991EEDBB74F8B36118F517A844C2926CAC390DD52AE53E67CB91B35A6FE5AB7FE30F8867ED5D57318B853FA632C658992A33973E69462F439313151BB7EFDFA12758925D6DF4716F6F2E5CB3232AB28DD447B8900F7FBEFBFD788E7FD900DC363041028DFBC74E99286FAF38A0EABF848DEF6B59D766AB69F521FB80B14ECB3B83047C117EEAC10B47253C7B400A1E09E77577C186FBE114F4B8F9C416911AE55CF6F0098D380E79CAF5FB870A10175BB18A5C3EBA39C0493B57CB4A36CE98D95CFE8CF15A89F554A3CB2B3B3ED9348956380D15B747E427FF6735F7EF9A556040886169225A0FE7C80B8B8383F75D61365479808AF9EA4FCFCF3CF1BE1FC4F9932C52034D95296ABA4FE9A1038F370EE9595D8A025D13796A1BC570922909DC763644C31FA8FB90753A74E356232F2A851A3FC9D5F539DB5127DB105A571E873D1F70E1C38D01E58A06A40C928600543EACF2B5409D0BCED6B2368743EE549A0602F5C2B2D2DF589065044D64AA31D2FEC5B1F17C04237E72F392C4458A15491DAF1AA383C2D3D72F5B3A873745E8212E75C8D981C3C7850FBC30F3FD835151D1D5DFAEB5FFF3AE0F1C71F37FBA07397E2B0E64CB3D19F2B1C1391ED012896098483A61E8DC58898D2C929412B7671C7086F0BE83CA83F1F009DB67A42320255E7E5511128E03B26200E1F3EBC54AFD707527FD45F6DC08A6E58296BD0A0416DB0ACAEE817AD63C78EF54F4A4AB29712C5C7C7DB2794224B8AC9F3E3C68D2B87438789CCC866299953E7795BAEC072ABC89425242420F0B54F7256FAEFBBEFBE5BE35C0540FD35BA0EFB08AB5C61D2DBBEB6B23883FA94278142AEFD8BA3F4C4DBA836BB79AF1908C95920A7849D7644CAFB85C5089B5C8D909A042C718A8665CE9C39954E9870E875EACDF5DE78E30D3F7FFFAA831658460BAB256162329C36A740A18A5EB06C20020F8C9A28731630B281D1BA279E78C27FCF9E3DC53EB63A0DB415DDC21A289FD45F4D60350ECC8B41295B75D74157E8345B50A040FD79990B172E68D4F35CB06C341C374C1A75BE166BD64B2D07EAAF89C06A59582E1C13589139C5B9A953A7962B1391C78C19E33F6BD6ACB2A79E7ACA88C51A943D16E00BFDE31FFFD06279E89A9CFBA2A2221925BF22C0308A00C4ACCCB141FFDDBF7F7FABB242A18BD164EAAFF175B846D8F24A87DBCBBEB6B3EF86539E040A19F62FAA59F7DE2427274719E53EDF8C84A2160602AF3B9500CC17C01AE0CA3AE00A5AADD6A66E7C56AF5E5DE9A4617936641CC68F1F6F9C366D5AD9F0E1C3CD0800D43F8F0649798C5429EAC6914A75DEE40A8D1E46388483879190B2975F7EB9CC47E72C34677C5A7F35050948AF633105EC8B50D7D740A78B65062905EAAF366CDAB4A944DD363A2F8F0AD4F366DC690FA05E9CFB77507FCEAC5CB9528F7D62EC4E98D08A63695D1BFA46B459C299D76023ACD8D8D8D2FDFBF7EBE2E3E3654C9247B9F0A041832C8E9A76BB7F86724C387ACA8EF570FC478F1EED7FEEDC39F9E1871FB6207B8FFE5AE96351528C20A1BA0C0469741D865571B8BDEC6B2BCBDCAB4F791228D82F4234AA6EF4BC01FE697EFEF9676C0A626A2E1D8D604B73EC20AB038D11463C3011192549CA845380D427BE6392544C4C4C291AAC3FFFF9CF46041A22787039E286956AFAF6ED6BFDFBDFFFAE9F32654A399617649B42FD01A11DC3BFFEF52FCDDEBD7B4BEAF31ACB962DB38F0063F23D2541FDD56610A5A66BAADB2BA1A4A4446ED7AE9D7D9E5FFBF6ED6D583E9592A0FED4AC5AB5CA84C0008F67CE9C59161616D646D9D3000EFD82050BEC99FDF0F070B33094BF69505EA438FBEA1261AC7C24DA4A9D30FB7144440456172C51366AC306942260A8B2B11AE6090AB33F46D080FE98B269521D66AB2F447F071FCB1B03A60852333333D5818AD9F97FC66DA0E0E7E7F7637E7E7EAF43870E69BD19797EF2C92736019CD27D52F35887DBD45C3B482C1DE9EE394CB05226F8614443BD17828B2DE06D2242BD5E538089D11325A54AA83F0594C309ADD95CE9C7B1AAD62F82CA19336654D111569E51AF3E43A8BFBA82DDE96B1AC8484B4BAB5C690BE524CD64952DEACF4B284102C0001CACBAEB9DCB8C9CB3F9D581F25E177D34F1AE0ECF491503F22138409918569D4460D8D46F342121C1B9A33DE2EC6BBBF5E4CACACA3E16DFFE221C759D3703850F3EF8E02ADA5EA962227373A06773ED203D9D5C8CA8B7A68E93BB30537F754559F5C35DA7E7EA3C37B9A2FE1AED037930D1D34726839216A83FD26275B853D8FF561EECDCE9954041F8F87A17EFAB0AD5D545EDC697AD5BB7EABDB57B9F63E24E67F5FB6906B09122D41FA1FE08A1FE0875E8D647571F7CFCF1C77A940135E59BC4E2345895B2BAF75553A0704C96E52F304966C992257EDEB8D393264D2AB45AADF8DD1FB1012084104208212D0094F89C570E30201F15156568CA37F0CA2BAF18AA7B4F9E040A92CD66FB0BBEC7C6C6FAA996286D12B0D3E5EEDDBBBB4815132BA2A9294208218410D202806FBB507D025985A3478F36C952DFD86C0F4BD83B9D9EE7EADA9A96644A11B613EB482B1BCC340588ACC2C3C3AF392631AF942A267E104208218410D212F850D8C9CAC8C16CB6EFA1D1D803F367CE9CD14C9830C1D9A7DF29B9D9A7CC93B55B5F916539FFB3CF3ED3CD9D3BB749D22211111185191919C18E006109B54408218410425A18AFAA0F72727264E103FB63EFAAC6F8650842468C18E18F959654A791DD98E7EE673C0914CED96CB6D17821ECD4BB7AF56A7D63DEB169D3A65D4F4A4AEA26556C213D42D865EA881042082184B43092842D569FC024E3071F7CB0C1330BC82460CF8EB4B43467DFFF0561DFD627500029C25EC483C993271B1B23B380948B88720A57AC58A1CC4B182BEC3B6A881042082184B450309AFFA973B070F7DD770734D49C855DBB76E9EEBDF7DE3667CF9E75F6FB51DEBFB6BA9FADCD62F7AB94174566E1E4C9939AB56BD79A94DDFFEA03DEF8A38F3E7A5544394A26E119A9F92C874A0821841042485D8914F6B9B0FECA0994210D1932A44D646464F992254B4AD51BF5790AB208AFBEFAAA213131D195BF8FEDBCA7D7F41AB5DD150BC1C2F7C2B67DF6D9679D6EB9E516FF69D3A699A3A2A2CAEAB2F5744141813C63C68CAB1B366CE864B55A9149382F55941B7D4BCD104208218490560006C9EF1786CD8E1F574EA2DA66E3C68DFA6DDBB6E9113044444498870F1F6EAECEE7C6FC0611186877EEDCA9C7CECB780D17FC4DD814A9A282A74103059022EC77C2DE126F2662F1E2C5DAB8B838CDB871E36C23478E348BE8C752DDAEBC58D1E8E0C183BAB56BD716880FD2BEBCBCFC26C71BFD40D81C89FB25104208218490D6172C60B0FC35617F71F69DD7AF5FAF87050404D8EEBAEB2E6B8F1E3DACC1C1C13683C160C3E4E4DCDC5C3923234373E2C4096D351B25C3DFC65482559EBE295D1D3F0C56231A252C0C1F283F3FFFBED8D858FB7E0BEDDAB52BEBD3A74F49AF5EBDE4EEDDBB1BF101C4F345D9D9D9E6CCCC4CF9F4E9D38122BA4128E4EF782DD465A13EEB24354208218410425A31F089B1F9D95249558AA480A0C0B107426DE72FA4481503F2C76AF343BA7A7E18FC52A44A060AFBBDB0D157AF5EBD353535D54F98FA3AE7C9CF78126BB662AB689619114208218410524192C39E932A36660BA9C76BC1CFC632AC759AFBAB6BA00F74CC61F31C1F06D64318F64240F600E9149414E548152B19B1BC88104208218410F76053B64DC2EE13365258848741037CED78477070AC3E6F40D7081FEABCC3082184104208217507F30A521C86558A7A0BBB59723F208FE901D90DF5CB75BCFF841042082184340BCE39AC4960A0400869361C3870409B9292A20D0B0BB3E0D8D5E361C3865978A708218410060A849056048281C58B17637184521CBB7ACC40813445B05AD3750C5A09210C1408218490D619ACD604835642080305420821A4B5E028752BF5F03A420869D668780B08218410420821CE30A34008218478084B8F08210C1408218410F20B587A4408694DB0F488104208218410F20B985120AD9EFCFCFC22F10DA504D7793708F547AAA3A5951E517F84FA230C147C0F93BD17292D95792BBC4F5A5A5AB9E36136F547A83FEAAF3A5A5AE911F547A83FC240C1F7B0FF439C3B778EA55F3EC0D9B367950E2387FA6B1E4E9ACA0973F798FAA3FE1A0564095AD22465EA8F507F848182EF71085F929393B5269349321A8DBC235E222B2B4B4E4F4FFF2FA922ED994AFD352F27CDDD63EA8FFA23D41FF547FD91FAC388DA3B64EB74BA53454545F2E6CD9BF5BC1DDEE3AF7FFDEB55C7C3FD9223254DFD11EA8FFAA3FEA83F42FD11060A5EC36C362FC1F7F9F3E71BAE5DBBC65A492F80D18CE5CB9777701CC6507F84FAA3FEA83FEA8F507FE43F68790BBCC669618F8B46AA6B6A6AAA263232D2ACD1306E6B2AD039F4EBD7EFDAD5AB57D150C50B5B46FD517FD41FF547FD517F84FA230C147C857DB22C47FEF8E38FED8E1D3BA68D8888B0180C06DE9546E6E2C58BF2800103AEE5E4E4741187DF091B29B5CEB427F547FD517FD41FF547FD517F8481828F5228EC98B0C7D2D2D2DAAD5FBF5ED3B16347F9B6DB6EB3EA749C67DE18A3186FBFFD7691E8100C0505051DC5A9738E462A9BFAA3FEA83FEA8FFAA3FEA83FEA8F5485B579BE4188B06DC27E8303A3D1687EF0C1074DA2C1F233180C36DE9EFA810D5D4E9C3851929A9AFA5F168B4599BCB657D8B3C22EF30E517FD41FF547FD517FD41FF5471828F83A4F0B7B55587FDE8A46E388B085C20EF056507FD41FF547FD11EA8FFA230C149A1B370B1BE2F8CE459EEB0FD668CE76344E1CC1A0FEA83FEA8FFA23D41FF5470821841042082184104208218410420821841042082184104208218410429A88FF07D1BFA11EA333A3D30000000049454E44AE426082, NULL);
INSERT INTO `act_ge_bytearray` VALUES ('1540583155062849538', 1, 'source', NULL, 0x3C3F786D6C2076657273696F6E3D22312E302220656E636F64696E673D225554462D38223F3E0A3C646566696E6974696F6E7320786D6C6E733D22687474703A2F2F7777772E6F6D672E6F72672F737065632F42504D4E2F32303130303532342F4D4F44454C2220786D6C6E733A7873693D22687474703A2F2F7777772E77332E6F72672F323030312F584D4C536368656D612D696E7374616E63652220786D6C6E733A7873643D22687474703A2F2F7777772E77332E6F72672F323030312F584D4C536368656D612220786D6C6E733A666C6F7761626C653D22687474703A2F2F666C6F7761626C652E6F72672F62706D6E2220786D6C6E733A62706D6E64693D22687474703A2F2F7777772E6F6D672E6F72672F737065632F42504D4E2F32303130303532342F44492220786D6C6E733A6F6D6764633D22687474703A2F2F7777772E6F6D672E6F72672F737065632F44442F32303130303532342F44432220786D6C6E733A6F6D6764693D22687474703A2F2F7777772E6F6D672E6F72672F737065632F44442F32303130303532342F44492220786D6C6E733A62706D6E323D22687474703A2F2F7777772E6F6D672E6F72672F737065632F42504D4E2F32303130303532342F4D4F44454C2220786D6C6E733A64633D22687474703A2F2F7777772E6F6D672E6F72672F737065632F44442F32303130303532342F44432220786D6C6E733A64693D22687474703A2F2F7777772E6F6D672E6F72672F737065632F44442F32303130303532342F44492220747970654C616E67756167653D22687474703A2F2F7777772E77332E6F72672F323030312F584D4C536368656D61222065787072657373696F6E4C616E67756167653D22687474703A2F2F7777772E77332E6F72672F313939392F585061746822207461726765744E616D6573706163653D22687474703A2F2F666C6F7761626C652E6F72672F62706D6E222069643D226469616772616D5F50726F636573735F31363533363537363838333339223E0A20203C70726F636573732069643D226C6561766522206E616D653D226C656176652220697345786563757461626C653D2274727565223E0A202020203C73746172744576656E742069643D224576656E745F31666173683636223E0A2020202020203C657874656E73696F6E456C656D656E74733E0A20202020202020203C666C6F7761626C653A666F726D446174613E3C2F666C6F7761626C653A666F726D446174613E0A2020202020203C2F657874656E73696F6E456C656D656E74733E0A202020203C2F73746172744576656E743E0A202020203C757365725461736B2069643D2241637469766974795F3175763166646622206E616D653D22E794B3E8AFB7E4BABA223E0A2020202020203C657874656E73696F6E456C656D656E74733E0A20202020202020203C666C6F7761626C653A666F726D446174613E3C2F666C6F7761626C653A666F726D446174613E0A2020202020203C2F657874656E73696F6E456C656D656E74733E0A202020203C2F757365725461736B3E0A202020203C757365725461736B2069643D2241637469766974795F30703171676B7522206E616D653D22E5B08FE4BA8EE4B8A4E5A4A9223E0A2020202020203C657874656E73696F6E456C656D656E74733E0A20202020202020203C666C6F7761626C653A666F726D446174613E3C2F666C6F7761626C653A666F726D446174613E0A2020202020203C2F657874656E73696F6E456C656D656E74733E0A202020203C2F757365725461736B3E0A202020203C757365725461736B2069643D2241637469766974795F30366A686A6D6422206E616D653D22E5A4A7E4BA8EE4B8A4E5A4A9223E0A2020202020203C657874656E73696F6E456C656D656E74733E0A20202020202020203C666C6F7761626C653A666F726D446174613E3C2F666C6F7761626C653A666F726D446174613E0A2020202020203C2F657874656E73696F6E456C656D656E74733E0A202020203C2F757365725461736B3E0A202020203C6578636C7573697665476174657761792069643D22476174657761795F30723776337169222064656661756C743D22466C6F775F316E6932777A32223E3C2F6578636C7573697665476174657761793E0A202020203C73657175656E6365466C6F772069643D22466C6F775F316E6932777A322220736F757263655265663D22476174657761795F3072377633716922207461726765745265663D2241637469766974795F30703171676B75223E3C2F73657175656E6365466C6F773E0A202020203C73657175656E6365466C6F772069643D22466C6F775F316539616431352220736F757263655265663D22476174657761795F3072377633716922207461726765745265663D2241637469766974795F30366A686A6D64223E0A2020202020203C636F6E646974696F6E45787072657373696F6E207873693A747970653D2274466F726D616C45787072657373696F6E223E3C215B43444154415B247B656E746974792E6475726174696F6E3E322E307D5D5D3E3C2F636F6E646974696F6E45787072657373696F6E3E0A202020203C2F73657175656E6365466C6F773E0A202020203C706172616C6C656C476174657761792069643D22476174657761795F3138376A6E7161223E3C2F706172616C6C656C476174657761793E0A202020203C757365725461736B2069643D2241637469766974795F30736C6878396A22206E616D653D22E5B9B6E8A18C31223E0A2020202020203C657874656E73696F6E456C656D656E74733E0A20202020202020203C666C6F7761626C653A666F726D446174613E3C2F666C6F7761626C653A666F726D446174613E0A2020202020203C2F657874656E73696F6E456C656D656E74733E0A202020203C2F757365725461736B3E0A202020203C73657175656E6365466C6F772069643D22466C6F775F303972346570772220736F757263655265663D22476174657761795F3138376A6E716122207461726765745265663D2241637469766974795F30736C6878396A223E3C2F73657175656E6365466C6F773E0A202020203C757365725461736B2069643D2241637469766974795F30676D6C70686D22206E616D653D22E5B9B6E8A18C32223E0A2020202020203C657874656E73696F6E456C656D656E74733E0A20202020202020203C666C6F7761626C653A666F726D446174613E3C2F666C6F7761626C653A666F726D446174613E0A2020202020203C2F657874656E73696F6E456C656D656E74733E0A202020203C2F757365725461736B3E0A202020203C73657175656E6365466C6F772069643D22466C6F775F316E6D706364652220736F757263655265663D22476174657761795F3138376A6E716122207461726765745265663D2241637469766974795F30676D6C70686D223E3C2F73657175656E6365466C6F773E0A202020203C73657175656E6365466C6F772069643D22466C6F775F3167676D6F6D792220736F757263655265663D2241637469766974795F30736C6878396A22207461726765745265663D22476174657761795F30636464356839223E3C2F73657175656E6365466C6F773E0A202020203C706172616C6C656C476174657761792069643D22476174657761795F30636464356839223E3C2F706172616C6C656C476174657761793E0A202020203C73657175656E6365466C6F772069643D22466C6F775F30657A6D7664382220736F757263655265663D2241637469766974795F30676D6C70686D22207461726765745265663D22476174657761795F30636464356839223E3C2F73657175656E6365466C6F773E0A202020203C757365725461736B2069643D2241637469766974795F3068656C6D6D7822206E616D653D22E7BB84E995BF223E0A2020202020203C657874656E73696F6E456C656D656E74733E0A20202020202020203C666C6F7761626C653A666F726D446174613E3C2F666C6F7761626C653A666F726D446174613E0A2020202020203C2F657874656E73696F6E456C656D656E74733E0A202020203C2F757365725461736B3E0A202020203C73657175656E6365466C6F772069643D22466C6F775F317469783476382220736F757263655265663D22476174657761795F3063646435683922207461726765745265663D2241637469766974795F3068656C6D6D78223E3C2F73657175656E6365466C6F773E0A202020203C757365725461736B2069643D2241637469766974795F30716E6737616622206E616D653D22E58C85E5AEB931223E0A2020202020203C657874656E73696F6E456C656D656E74733E0A20202020202020203C666C6F7761626C653A666F726D446174613E3C2F666C6F7761626C653A666F726D446174613E0A2020202020203C2F657874656E73696F6E456C656D656E74733E0A202020203C2F757365725461736B3E0A202020203C757365725461736B2069643D2241637469766974795F3031687366366722206E616D653D22E58C85E5AEB932223E0A2020202020203C657874656E73696F6E456C656D656E74733E0A20202020202020203C666C6F7761626C653A666F726D446174613E3C2F666C6F7761626C653A666F726D446174613E0A2020202020203C2F657874656E73696F6E456C656D656E74733E0A202020203C2F757365725461736B3E0A202020203C73657175656E6365466C6F772069643D22466C6F775F30666F6635696C2220736F757263655265663D2241637469766974795F3068656C6D6D7822207461726765745265663D22476174657761795F31316261646576223E3C2F73657175656E6365466C6F773E0A202020203C696E636C7573697665476174657761792069643D22476174657761795F31316261646576223E3C2F696E636C7573697665476174657761793E0A202020203C73657175656E6365466C6F772069643D22466C6F775F30766C7239686B2220736F757263655265663D22476174657761795F3131626164657622207461726765745265663D2241637469766974795F30316873663667223E3C2F73657175656E6365466C6F773E0A202020203C73657175656E6365466C6F772069643D22466C6F775F316633353170722220736F757263655265663D22476174657761795F3131626164657622207461726765745265663D2241637469766974795F30716E67376166223E3C2F73657175656E6365466C6F773E0A202020203C73657175656E6365466C6F772069643D22466C6F775F3137676530786E2220736F757263655265663D2241637469766974795F30716E6737616622207461726765745265663D22476174657761795F30726A37753678223E3C2F73657175656E6365466C6F773E0A202020203C696E636C7573697665476174657761792069643D22476174657761795F30726A37753678223E3C2F696E636C7573697665476174657761793E0A202020203C73657175656E6365466C6F772069643D22466C6F775F316D356C6674692220736F757263655265663D2241637469766974795F3031687366366722207461726765745265663D22476174657761795F30726A37753678223E3C2F73657175656E6365466C6F773E0A202020203C757365725461736B2069643D2241637469766974795F306D367A33347722206E616D653D22E680BBE7BB8FE79086223E0A2020202020203C657874656E73696F6E456C656D656E74733E0A20202020202020203C666C6F7761626C653A666F726D446174613E3C2F666C6F7761626C653A666F726D446174613E0A2020202020203C2F657874656E73696F6E456C656D656E74733E0A202020203C2F757365725461736B3E0A202020203C73657175656E6365466C6F772069643D22466C6F775F316333666B63342220736F757263655265663D22476174657761795F30726A3775367822207461726765745265663D2241637469766974795F306D367A333477223E3C2F73657175656E6365466C6F773E0A202020203C656E644576656E742069643D224576656E745F3073746E797A78223E3C2F656E644576656E743E0A202020203C73657175656E6365466C6F772069643D22466C6F775F303636357A37332220736F757263655265663D2241637469766974795F306D367A33347722207461726765745265663D224576656E745F3073746E797A78223E3C2F73657175656E6365466C6F773E0A202020203C757365725461736B2069643D2241637469766974795F30636B3171623022206E616D653D22E78EAFE88A8231223E0A2020202020203C657874656E73696F6E456C656D656E74733E0A20202020202020203C666C6F7761626C653A666F726D446174613E3C2F666C6F7761626C653A666F726D446174613E0A2020202020203C2F657874656E73696F6E456C656D656E74733E0A202020203C2F757365725461736B3E0A202020203C73657175656E6365466C6F772069643D22466C6F775F306B62326B69362220736F757263655265663D2241637469766974795F3175763166646622207461726765745265663D2241637469766974795F30636B31716230223E3C2F73657175656E6365466C6F773E0A202020203C73657175656E6365466C6F772069643D22466C6F775F31777374756D702220736F757263655265663D2241637469766974795F30636B3171623022207461726765745265663D22476174657761795F30723776337169223E3C2F73657175656E6365466C6F773E0A202020203C73657175656E6365466C6F772069643D22466C6F775F303038336172722220736F757263655265663D224576656E745F3166617368363622207461726765745265663D2241637469766974795F31757631666466223E3C2F73657175656E6365466C6F773E0A202020203C757365725461736B2069643D2241637469766974795F3177396968676B22206E616D653D2274657374223E0A2020202020203C657874656E73696F6E456C656D656E74733E0A20202020202020203C666C6F7761626C653A666F726D446174613E3C2F666C6F7761626C653A666F726D446174613E0A2020202020203C2F657874656E73696F6E456C656D656E74733E0A202020203C2F757365725461736B3E0A202020203C73657175656E6365466C6F772069643D22466C6F775F30376E303675682220736F757263655265663D2241637469766974795F30703171676B7522207461726765745265663D2241637469766974795F3177396968676B223E3C2F73657175656E6365466C6F773E0A202020203C73657175656E6365466C6F772069643D22466C6F775F3039677A6571342220736F757263655265663D2241637469766974795F30366A686A6D6422207461726765745265663D2241637469766974795F3177396968676B223E3C2F73657175656E6365466C6F773E0A202020203C73657175656E6365466C6F772069643D22466C6F775F3130387A6D78612220736F757263655265663D2241637469766974795F3177396968676B22207461726765745265663D22476174657761795F3138376A6E7161223E3C2F73657175656E6365466C6F773E0A20203C2F70726F636573733E0A20203C62706D6E64693A42504D4E4469616772616D2069643D2242504D4E4469616772616D5F6C65617665223E0A202020203C62706D6E64693A42504D4E506C616E652062706D6E456C656D656E743D226C65617665222069643D2242504D4E506C616E655F6C65617665223E0A2020202020203C62706D6E64693A42504D4E53686170652062706D6E456C656D656E743D224576656E745F31666173683636222069643D2242504D4E53686170655F4576656E745F31666173683636223E0A20202020202020203C6F6D6764633A426F756E6473206865696768743D2233362E30222077696474683D2233362E302220783D222D39382E302220793D223133322E30223E3C2F6F6D6764633A426F756E64733E0A2020202020203C2F62706D6E64693A42504D4E53686170653E0A2020202020203C62706D6E64693A42504D4E53686170652062706D6E456C656D656E743D2241637469766974795F31757631666466222069643D2242504D4E53686170655F41637469766974795F31757631666466223E0A20202020202020203C6F6D6764633A426F756E6473206865696768743D2238302E30222077696474683D223130302E302220783D222D33302E302220793D223131302E30223E3C2F6F6D6764633A426F756E64733E0A2020202020203C2F62706D6E64693A42504D4E53686170653E0A2020202020203C62706D6E64693A42504D4E53686170652062706D6E456C656D656E743D2241637469766974795F30703171676B75222069643D2242504D4E53686170655F41637469766974795F30703171676B75223E0A20202020202020203C6F6D6764633A426F756E6473206865696768743D2238302E30222077696474683D223130302E302220783D223334302E302220793D2234302E30223E3C2F6F6D6764633A426F756E64733E0A2020202020203C2F62706D6E64693A42504D4E53686170653E0A2020202020203C62706D6E64693A42504D4E53686170652062706D6E456C656D656E743D2241637469766974795F30366A686A6D64222069643D2242504D4E53686170655F41637469766974795F30366A686A6D64223E0A20202020202020203C6F6D6764633A426F756E6473206865696768743D2238302E30222077696474683D223130302E302220783D223334302E302220793D223138302E30223E3C2F6F6D6764633A426F756E64733E0A2020202020203C2F62706D6E64693A42504D4E53686170653E0A2020202020203C62706D6E64693A42504D4E53686170652062706D6E456C656D656E743D22476174657761795F30723776337169222069643D2242504D4E53686170655F476174657761795F30723776337169223E0A20202020202020203C6F6D6764633A426F756E6473206865696768743D2235302E30222077696474683D2235302E302220783D223237352E302220793D223132352E30223E3C2F6F6D6764633A426F756E64733E0A2020202020203C2F62706D6E64693A42504D4E53686170653E0A2020202020203C62706D6E64693A42504D4E53686170652062706D6E456C656D656E743D2241637469766974795F30736C6878396A222069643D2242504D4E53686170655F41637469766974795F30736C6878396A223E0A20202020202020203C6F6D6764633A426F756E6473206865696768743D2238302E30222077696474683D223130302E302220783D223637302E302220793D2234302E30223E3C2F6F6D6764633A426F756E64733E0A2020202020203C2F62706D6E64693A42504D4E53686170653E0A2020202020203C62706D6E64693A42504D4E53686170652062706D6E456C656D656E743D2241637469766974795F30676D6C70686D222069643D2242504D4E53686170655F41637469766974795F30676D6C70686D223E0A20202020202020203C6F6D6764633A426F756E6473206865696768743D2238302E30222077696474683D223130302E302220783D223637302E302220793D223138302E30223E3C2F6F6D6764633A426F756E64733E0A2020202020203C2F62706D6E64693A42504D4E53686170653E0A2020202020203C62706D6E64693A42504D4E53686170652062706D6E456C656D656E743D22476174657761795F30636464356839222069643D2242504D4E53686170655F476174657761795F30636464356839223E0A20202020202020203C6F6D6764633A426F756E6473206865696768743D2235302E30222077696474683D2235302E302220783D223831352E302220793D223132352E30223E3C2F6F6D6764633A426F756E64733E0A2020202020203C2F62706D6E64693A42504D4E53686170653E0A2020202020203C62706D6E64693A42504D4E53686170652062706D6E456C656D656E743D2241637469766974795F3068656C6D6D78222069643D2242504D4E53686170655F41637469766974795F3068656C6D6D78223E0A20202020202020203C6F6D6764633A426F756E6473206865696768743D2238302E30222077696474683D223130302E302220783D223931302E302220793D223131302E30223E3C2F6F6D6764633A426F756E64733E0A2020202020203C2F62706D6E64693A42504D4E53686170653E0A2020202020203C62706D6E64693A42504D4E53686170652062706D6E456C656D656E743D2241637469766974795F30716E67376166222069643D2242504D4E53686170655F41637469766974795F30716E67376166223E0A20202020202020203C6F6D6764633A426F756E6473206865696768743D2238302E30222077696474683D223130302E302220783D22313133302E302220793D2234302E30223E3C2F6F6D6764633A426F756E64733E0A2020202020203C2F62706D6E64693A42504D4E53686170653E0A2020202020203C62706D6E64693A42504D4E53686170652062706D6E456C656D656E743D2241637469766974795F30316873663667222069643D2242504D4E53686170655F41637469766974795F30316873663667223E0A20202020202020203C6F6D6764633A426F756E6473206865696768743D2238302E30222077696474683D223130302E302220783D22313133302E302220793D223138302E30223E3C2F6F6D6764633A426F756E64733E0A2020202020203C2F62706D6E64693A42504D4E53686170653E0A2020202020203C62706D6E64693A42504D4E53686170652062706D6E456C656D656E743D22476174657761795F31316261646576222069643D2242504D4E53686170655F476174657761795F31316261646576223E0A20202020202020203C6F6D6764633A426F756E6473206865696768743D2235302E30222077696474683D2235302E302220783D22313035352E302220793D223132352E30223E3C2F6F6D6764633A426F756E64733E0A2020202020203C2F62706D6E64693A42504D4E53686170653E0A2020202020203C62706D6E64693A42504D4E53686170652062706D6E456C656D656E743D22476174657761795F30726A37753678222069643D2242504D4E53686170655F476174657761795F30726A37753678223E0A20202020202020203C6F6D6764633A426F756E6473206865696768743D2235302E30222077696474683D2235302E302220783D22313236352E302220793D223132352E30223E3C2F6F6D6764633A426F756E64733E0A2020202020203C2F62706D6E64693A42504D4E53686170653E0A2020202020203C62706D6E64693A42504D4E53686170652062706D6E456C656D656E743D2241637469766974795F306D367A333477222069643D2242504D4E53686170655F41637469766974795F306D367A333477223E0A20202020202020203C6F6D6764633A426F756E6473206865696768743D2238302E30222077696474683D223130302E302220783D22313335302E302220793D223131302E30223E3C2F6F6D6764633A426F756E64733E0A2020202020203C2F62706D6E64693A42504D4E53686170653E0A2020202020203C62706D6E64693A42504D4E53686170652062706D6E456C656D656E743D224576656E745F3073746E797A78222069643D2242504D4E53686170655F4576656E745F3073746E797A78223E0A20202020202020203C6F6D6764633A426F756E6473206865696768743D2233362E30222077696474683D2233362E302220783D22313439322E302220793D223133322E30223E3C2F6F6D6764633A426F756E64733E0A2020202020203C2F62706D6E64693A42504D4E53686170653E0A2020202020203C62706D6E64693A42504D4E53686170652062706D6E456C656D656E743D2241637469766974795F30636B31716230222069643D2242504D4E53686170655F41637469766974795F30636B31716230223E0A20202020202020203C6F6D6764633A426F756E6473206865696768743D2238302E30222077696474683D223130302E302220783D223132302E302220793D223131302E30223E3C2F6F6D6764633A426F756E64733E0A2020202020203C2F62706D6E64693A42504D4E53686170653E0A2020202020203C62706D6E64693A42504D4E53686170652062706D6E456C656D656E743D22476174657761795F3138376A6E7161222069643D2242504D4E53686170655F476174657761795F3138376A6E7161223E0A20202020202020203C6F6D6764633A426F756E6473206865696768743D2235302E30222077696474683D2235302E302220783D223535352E302220793D223132352E30223E3C2F6F6D6764633A426F756E64733E0A2020202020203C2F62706D6E64693A42504D4E53686170653E0A2020202020203C62706D6E64693A42504D4E53686170652062706D6E456C656D656E743D2241637469766974795F3177396968676B222069643D2242504D4E53686170655F41637469766974795F3177396968676B223E0A20202020202020203C6F6D6764633A426F756E6473206865696768743D2238302E30222077696474683D223130302E302220783D223437302E302220793D222D37302E30223E3C2F6F6D6764633A426F756E64733E0A2020202020203C2F62706D6E64693A42504D4E53686170653E0A2020202020203C62706D6E64693A42504D4E456467652062706D6E456C656D656E743D22466C6F775F30303833617272222069643D2242504D4E456467655F466C6F775F30303833617272223E0A20202020202020203C6F6D6764693A776179706F696E7420783D222D36322E302220793D223135302E30223E3C2F6F6D6764693A776179706F696E743E0A20202020202020203C6F6D6764693A776179706F696E7420783D222D33302E302220793D223135302E30223E3C2F6F6D6764693A776179706F696E743E0A2020202020203C2F62706D6E64693A42504D4E456467653E0A2020202020203C62706D6E64693A42504D4E456467652062706D6E456C656D656E743D22466C6F775F31777374756D70222069643D2242504D4E456467655F466C6F775F31777374756D70223E0A20202020202020203C6F6D6764693A776179706F696E7420783D223232302E302220793D223135302E30223E3C2F6F6D6764693A776179706F696E743E0A20202020202020203C6F6D6764693A776179706F696E7420783D223237352E302220793D223135302E30223E3C2F6F6D6764693A776179706F696E743E0A2020202020203C2F62706D6E64693A42504D4E456467653E0A2020202020203C62706D6E64693A42504D4E456467652062706D6E456C656D656E743D22466C6F775F306B62326B6936222069643D2242504D4E456467655F466C6F775F306B62326B6936223E0A20202020202020203C6F6D6764693A776179706F696E7420783D2237302E302220793D223135302E30223E3C2F6F6D6764693A776179706F696E743E0A20202020202020203C6F6D6764693A776179706F696E7420783D223132302E302220793D223135302E30223E3C2F6F6D6764693A776179706F696E743E0A2020202020203C2F62706D6E64693A42504D4E456467653E0A2020202020203C62706D6E64693A42504D4E456467652062706D6E456C656D656E743D22466C6F775F303636357A3733222069643D2242504D4E456467655F466C6F775F303636357A3733223E0A20202020202020203C6F6D6764693A776179706F696E7420783D22313435302E302220793D223135302E30223E3C2F6F6D6764693A776179706F696E743E0A20202020202020203C6F6D6764693A776179706F696E7420783D22313439322E302220793D223135302E30223E3C2F6F6D6764693A776179706F696E743E0A2020202020203C2F62706D6E64693A42504D4E456467653E0A2020202020203C62706D6E64693A42504D4E456467652062706D6E456C656D656E743D22466C6F775F316333666B6334222069643D2242504D4E456467655F466C6F775F316333666B6334223E0A20202020202020203C6F6D6764693A776179706F696E7420783D22313331352E302220793D223135302E30223E3C2F6F6D6764693A776179706F696E743E0A20202020202020203C6F6D6764693A776179706F696E7420783D22313335302E302220793D223135302E30223E3C2F6F6D6764693A776179706F696E743E0A2020202020203C2F62706D6E64693A42504D4E456467653E0A2020202020203C62706D6E64693A42504D4E456467652062706D6E456C656D656E743D22466C6F775F316D356C667469222069643D2242504D4E456467655F466C6F775F316D356C667469223E0A20202020202020203C6F6D6764693A776179706F696E7420783D22313233302E302220793D223232302E30223E3C2F6F6D6764693A776179706F696E743E0A20202020202020203C6F6D6764693A776179706F696E7420783D22313239302E302220793D223232302E30223E3C2F6F6D6764693A776179706F696E743E0A20202020202020203C6F6D6764693A776179706F696E7420783D22313239302E302220793D223137352E30223E3C2F6F6D6764693A776179706F696E743E0A2020202020203C2F62706D6E64693A42504D4E456467653E0A2020202020203C62706D6E64693A42504D4E456467652062706D6E456C656D656E743D22466C6F775F3137676530786E222069643D2242504D4E456467655F466C6F775F3137676530786E223E0A20202020202020203C6F6D6764693A776179706F696E7420783D22313233302E302220793D2238302E30223E3C2F6F6D6764693A776179706F696E743E0A20202020202020203C6F6D6764693A776179706F696E7420783D22313239302E302220793D2238302E30223E3C2F6F6D6764693A776179706F696E743E0A20202020202020203C6F6D6764693A776179706F696E7420783D22313239302E302220793D223132352E30223E3C2F6F6D6764693A776179706F696E743E0A2020202020203C2F62706D6E64693A42504D4E456467653E0A2020202020203C62706D6E64693A42504D4E456467652062706D6E456C656D656E743D22466C6F775F31663335317072222069643D2242504D4E456467655F466C6F775F31663335317072223E0A20202020202020203C6F6D6764693A776179706F696E7420783D22313038302E302220793D223132352E30223E3C2F6F6D6764693A776179706F696E743E0A20202020202020203C6F6D6764693A776179706F696E7420783D22313038302E302220793D2238302E30223E3C2F6F6D6764693A776179706F696E743E0A20202020202020203C6F6D6764693A776179706F696E7420783D22313133302E302220793D2238302E30223E3C2F6F6D6764693A776179706F696E743E0A2020202020203C2F62706D6E64693A42504D4E456467653E0A2020202020203C62706D6E64693A42504D4E456467652062706D6E456C656D656E743D22466C6F775F30766C7239686B222069643D2242504D4E456467655F466C6F775F30766C7239686B223E0A20202020202020203C6F6D6764693A776179706F696E7420783D22313038302E302220793D223137352E30223E3C2F6F6D6764693A776179706F696E743E0A20202020202020203C6F6D6764693A776179706F696E7420783D22313038302E302220793D223232302E30223E3C2F6F6D6764693A776179706F696E743E0A20202020202020203C6F6D6764693A776179706F696E7420783D22313133302E302220793D223232302E30223E3C2F6F6D6764693A776179706F696E743E0A2020202020203C2F62706D6E64693A42504D4E456467653E0A2020202020203C62706D6E64693A42504D4E456467652062706D6E456C656D656E743D22466C6F775F30666F6635696C222069643D2242504D4E456467655F466C6F775F30666F6635696C223E0A20202020202020203C6F6D6764693A776179706F696E7420783D22313031302E302220793D223135302E30223E3C2F6F6D6764693A776179706F696E743E0A20202020202020203C6F6D6764693A776179706F696E7420783D22313035352E302220793D223135302E30223E3C2F6F6D6764693A776179706F696E743E0A2020202020203C2F62706D6E64693A42504D4E456467653E0A2020202020203C62706D6E64693A42504D4E456467652062706D6E456C656D656E743D22466C6F775F31746978347638222069643D2242504D4E456467655F466C6F775F31746978347638223E0A20202020202020203C6F6D6764693A776179706F696E7420783D223836352E302220793D223135302E30223E3C2F6F6D6764693A776179706F696E743E0A20202020202020203C6F6D6764693A776179706F696E7420783D223931302E302220793D223135302E30223E3C2F6F6D6764693A776179706F696E743E0A2020202020203C2F62706D6E64693A42504D4E456467653E0A2020202020203C62706D6E64693A42504D4E456467652062706D6E456C656D656E743D22466C6F775F30657A6D766438222069643D2242504D4E456467655F466C6F775F30657A6D766438223E0A20202020202020203C6F6D6764693A776179706F696E7420783D223737302E302220793D223232302E30223E3C2F6F6D6764693A776179706F696E743E0A20202020202020203C6F6D6764693A776179706F696E7420783D223834302E302220793D223232302E30223E3C2F6F6D6764693A776179706F696E743E0A20202020202020203C6F6D6764693A776179706F696E7420783D223834302E302220793D223137352E30223E3C2F6F6D6764693A776179706F696E743E0A2020202020203C2F62706D6E64693A42504D4E456467653E0A2020202020203C62706D6E64693A42504D4E456467652062706D6E456C656D656E743D22466C6F775F3167676D6F6D79222069643D2242504D4E456467655F466C6F775F3167676D6F6D79223E0A20202020202020203C6F6D6764693A776179706F696E7420783D223737302E302220793D2238302E30223E3C2F6F6D6764693A776179706F696E743E0A20202020202020203C6F6D6764693A776179706F696E7420783D223834302E302220793D2238302E30223E3C2F6F6D6764693A776179706F696E743E0A20202020202020203C6F6D6764693A776179706F696E7420783D223834302E302220793D223132352E30223E3C2F6F6D6764693A776179706F696E743E0A2020202020203C2F62706D6E64693A42504D4E456467653E0A2020202020203C62706D6E64693A42504D4E456467652062706D6E456C656D656E743D22466C6F775F316E6D70636465222069643D2242504D4E456467655F466C6F775F316E6D70636465223E0A20202020202020203C6F6D6764693A776179706F696E7420783D223538302E302220793D223137352E30223E3C2F6F6D6764693A776179706F696E743E0A20202020202020203C6F6D6764693A776179706F696E7420783D223538302E302220793D223232302E30223E3C2F6F6D6764693A776179706F696E743E0A20202020202020203C6F6D6764693A776179706F696E7420783D223637302E302220793D223232302E30223E3C2F6F6D6764693A776179706F696E743E0A2020202020203C2F62706D6E64693A42504D4E456467653E0A2020202020203C62706D6E64693A42504D4E456467652062706D6E456C656D656E743D22466C6F775F30397234657077222069643D2242504D4E456467655F466C6F775F30397234657077223E0A20202020202020203C6F6D6764693A776179706F696E7420783D223538302E302220793D223132352E30223E3C2F6F6D6764693A776179706F696E743E0A20202020202020203C6F6D6764693A776179706F696E7420783D223538302E302220793D2238302E30223E3C2F6F6D6764693A776179706F696E743E0A20202020202020203C6F6D6764693A776179706F696E7420783D223637302E302220793D2238302E30223E3C2F6F6D6764693A776179706F696E743E0A2020202020203C2F62706D6E64693A42504D4E456467653E0A2020202020203C62706D6E64693A42504D4E456467652062706D6E456C656D656E743D22466C6F775F31653961643135222069643D2242504D4E456467655F466C6F775F31653961643135223E0A20202020202020203C6F6D6764693A776179706F696E7420783D223330302E302220793D223137352E30223E3C2F6F6D6764693A776179706F696E743E0A20202020202020203C6F6D6764693A776179706F696E7420783D223330302E302220793D223232302E30223E3C2F6F6D6764693A776179706F696E743E0A20202020202020203C6F6D6764693A776179706F696E7420783D223334302E302220793D223232302E30223E3C2F6F6D6764693A776179706F696E743E0A2020202020203C2F62706D6E64693A42504D4E456467653E0A2020202020203C62706D6E64693A42504D4E456467652062706D6E456C656D656E743D22466C6F775F316E6932777A32222069643D2242504D4E456467655F466C6F775F316E6932777A32223E0A20202020202020203C6F6D6764693A776179706F696E7420783D223330302E302220793D223132352E30223E3C2F6F6D6764693A776179706F696E743E0A20202020202020203C6F6D6764693A776179706F696E7420783D223330302E302220793D2238302E30223E3C2F6F6D6764693A776179706F696E743E0A20202020202020203C6F6D6764693A776179706F696E7420783D223334302E302220793D2238302E30223E3C2F6F6D6764693A776179706F696E743E0A2020202020203C2F62706D6E64693A42504D4E456467653E0A2020202020203C62706D6E64693A42504D4E456467652062706D6E456C656D656E743D22466C6F775F30376E30367568222069643D2242504D4E456467655F466C6F775F30376E30367568223E0A20202020202020203C6F6D6764693A776179706F696E7420783D223339302E302220793D2234302E30223E3C2F6F6D6764693A776179706F696E743E0A20202020202020203C6F6D6764693A776179706F696E7420783D223339302E302220793D222D33302E30223E3C2F6F6D6764693A776179706F696E743E0A20202020202020203C6F6D6764693A776179706F696E7420783D223437302E302220793D222D33302E30223E3C2F6F6D6764693A776179706F696E743E0A2020202020203C2F62706D6E64693A42504D4E456467653E0A2020202020203C62706D6E64693A42504D4E456467652062706D6E456C656D656E743D22466C6F775F3039677A657134222069643D2242504D4E456467655F466C6F775F3039677A657134223E0A20202020202020203C6F6D6764693A776179706F696E7420783D223434302E302220793D223232302E30223E3C2F6F6D6764693A776179706F696E743E0A20202020202020203C6F6D6764693A776179706F696E7420783D223435352E302220793D223232302E30223E3C2F6F6D6764693A776179706F696E743E0A20202020202020203C6F6D6764693A776179706F696E7420783D223435352E302220793D22302E30223E3C2F6F6D6764693A776179706F696E743E0A20202020202020203C6F6D6764693A776179706F696E7420783D223437302E302220793D22302E30223E3C2F6F6D6764693A776179706F696E743E0A2020202020203C2F62706D6E64693A42504D4E456467653E0A2020202020203C62706D6E64693A42504D4E456467652062706D6E456C656D656E743D22466C6F775F3130387A6D7861222069643D2242504D4E456467655F466C6F775F3130387A6D7861223E0A20202020202020203C6F6D6764693A776179706F696E7420783D223532302E302220793D2231302E30223E3C2F6F6D6764693A776179706F696E743E0A20202020202020203C6F6D6764693A776179706F696E7420783D223532302E302220793D223135302E30223E3C2F6F6D6764693A776179706F696E743E0A20202020202020203C6F6D6764693A776179706F696E7420783D223535352E302220793D223135302E30223E3C2F6F6D6764693A776179706F696E743E0A2020202020203C2F62706D6E64693A42504D4E456467653E0A202020203C2F62706D6E64693A42504D4E506C616E653E0A20203C2F62706D6E64693A42504D4E4469616772616D3E0A3C2F646566696E6974696F6E733E, NULL);
INSERT INTO `act_ge_bytearray` VALUES ('1540583155478085634', 1, 'source-extra', NULL, 0x89504E470D0A1A0A0000000D494844520000066600000156080600000073672238000000206348524D00007A26000080840000FA00000080E8000075300000EA6000003A98000017709CBA513C0000000467414D410000B18E7CFB5193000000017352474200AECE1CE900000006624B474400FF00FF00FFA0BDA793000000097048597300000EC400000EC401952B0E1B000020004944415478DAECDD097C94C5F9C0F1778F241B92D42041C21F908888808888CA2D060F90CB52414411894211148AC8A18240101422A2452A54C4A2AD28671544E4A8182E2B7288112D0242B84A80448E40B249F6F8CFB3D9375D6212726E76B3BFEFE733648F770F66E79D79E77DDE99D1340000000000000000000000000000000000000000000000000000000000000000000000000000000000000000000000029C812C000000708954A98D4A2D54B2901D656653699F4A892AA5921D0000000000E4223003000002DA35D75CD3D96C36BF96929272B3C3E1309223E54FE5EF169BCD3649CB0DD2000000000010D008CC0000804055B74E9D3ACB4F9C38D15AEE84858539DBB56B676FD6AC9943DD2677CAE8D2A54B5A7272B271FDFAF526755B3FE65CABD208950E9243000000008040456006000004A2989A356B7E77E6CC99C81A356A38870D1B96336EDCB8EC888808275953BED2D3D30D73E7CE0D9A397366705A5A9A1C7B1E57E94E9592C91D0000000040202230030000024DDD9A356BFE2041998E1D3BDA3FFCF0C3CC7AF5EA5D169099366D5AF0CA952BCD8A66341AB5C18307E73CF1C41339645DE9A9FC36F4EFDFDFB261C306B3961B9CE9A43172060000000010804C64010000082475EAD4599F9292D2508232AB57AFCEAC59B3665E50C666B369B7DF7E7BD8D6AD5BCD070E1C301E3D7AD4E8743A8D870E1D32AE59B3C6FCE0830FDA2450839293E9E11E79E411DBCE9D3B4D070F1E8C540F3552691139030000000008340466000040C0B8E69A6B3AA7A4A4BC20D3976DDCB83143FE7A3EDFA74F9FD06FBFFDD6949A9A6A70381CAEC72E5CB8A01D3B76CC909191E11A69DCB66D5B3B39593A12D4EADCB9B37DE1C28546959F1298D9A431A5190000000020D0FAC764010000081466B3F935F93B7CF8F0ECDAB56B5F169459B16285F9E8D1A3B250BDD6BC79731939A3592C96BCE78F1C3962F8F8E38F83C8C5B291114A63C68CD1835B93C9110000000040A03193050000204044A6A4A4DC1C1616E61C3D7AF46FD68BD9BE7DBB04650C4F3FFDB456BB766D2D2A2A4ADBBA75AB76F6EC59D75F193973FAF469D6E72B072A8F73A64C99A2656666C6AABB512AA5922B0000000080404160060000048A360E87C3D8B163475B44448433FF932121215A8B162DB48484042D3C3CDCF5D8D0A1435D419983070F6A274E9CD09293939D6463D949FE77EAD4296BCD9A3521EA6EAC4ACBC9150000000040A0602A33000010285AC83F8D1B377614F4646464A473E1C2850E3D28A3EBD0A183161717A74D983041CB3FFD194AEFC61B6FD4E7896B4C6E000000000002098119000010285C8180B0B0B0029FECDAB5AB6DD5AA55F6A2DEC0E9743AC8C6F2E1F13B30821B00000000105008CC000000284D9B36759C3973C67EF1E2C59C829E3F79F26476787838811900000000005026046600000094F4F47483DD6E370D1F3EBCC0111C13274E0C3A7DFAB469FFFEFD1C3F0100000000805263EA08000010D06C369B367FFE7C4B46468679CC983186C2B65BB060813C671E356A94A96EDDBA393D7BF6CC69D4A81123680000000000408970C5270000085856AB551B3E7C7858B76EDD82CE9F3F6F9020CD958487871B468F1E1DBC7DFBF690D9B36707938B0000000000A02408CC00008080F5E69B6F568B8F8F37C6C4C46803070ED4162F5E5CE4F69F7EFAA9D6BD7B77D7ED010306983B77EE6C4C484820380300000000008A8DC00C00000858595959A6E8E868D7ED860D1BCA68186DDAB4695A6A6AEA65DB9D3B774E9B31638666369BB5366DDAE43DDEA44993A08B172F1AC8490000000000505CAC31030000E0D6AB572F2D363656D693D1D2D2D2B4909010D7E39191915A5C5C9CA607710000000000004A8BC00C000080929898E80ACA481066CC9831C5DA160000000000A0A498CA0C000040CB0DB654C4B60000000000009E08CC000000000000000000780981190000000000000000002F2130030000000000000000E02566B200000004AAB367CFDA274D9AE4BABD69D32683C3E17016E7759EDB9E3F7F9E8C040000000000C5466006000004ACD9B36767900B0000000000C09B98CA0C0000000000000000C04B08CC000000000000000000780981190000000000000000002F2130030000000000000000E0250466000000000000000000BC84C00C000000000000000080971098010000000000000000F01202330000000000000000005E4260060000000000000000C04B08CC000080AA209A2C000000000000FE80C00C0000A80A4EAAF4894A31FEFE1F494A4A327EFDF5D7A6D2BEFEA79F7E327EFEF9E7668A040000000000BE89C00C0000A82A7AA97448A5959A1F07685E7FFDF5E0FFFCE73FA53E469B316346F037DF7C63A2380000000000E09BB89A120000542506951E50A9874AAB541AA552B2BF7CF9CD9B379BB66DDB66FAE5975F8C919191CEDEBD7BDB64F4CB3BEFBC1374E9D225C3E38F3F9E3370E0C01C7DDBBFFEF5AF41274E9C30DE76DB6DF6B163C7661F3870C028AFFFFEFBEFB5162D5AD8E5F5140900000000007C0B2366000040553DC6D147D07CA652437FF8D237DC7083E3FAEBAF77B46FDFDEDEB2654BC7BA75EB4C4F3FFD74C84B2FBD94BD60C102EBDCB973831212128265DBBE7DFB864A90E6FDF7DFB7A6A4A4189E7FFEF910FDF5B7DC728BEBF5140300000000007C0F23660000F01F312AC5910D2522236864F44C77957EF5F52F5BBB766D677474B4F3C61B6F745C77DD758EB8B8B86A43860CC9A959B3A6539EFFD39FFE94FDEAABAF863CFFFCF3D956AB55DBBA75ABB969D3A6D9EFBCF34E96CD66D3AA57AFEE7A7DFDFAF59DF27A7E7E00000000007C0F81190000FC479C4A93C9865291004D0DB9E1743A0DFEF2A59393930D1F7DF451D0FAF5EBF38ED96EBAE92657C065C9922599B366CD0A7EFDF5D7C3AFBDF65AC7B871E3B2070D1A94C34F0D00000000806F23300300807F9A42165CA6B080D52995CEA9749D4AE755AA6930189CFEF29F8A89897176EAD4C9161F1F9F2DF78F1D3B66387CF8B0313D3DDD60369BB5F5EBD767CA4899254B9698E3E2E24209CC0000000000E0FB08CC0000E07F2428134F365C267F60E67B958EA914ABD21695FAB893CF8F38B2582CDA975F7E69BAE38E3BECE3C78FCF1A34685068B76EDDEC919191CEE1C38787D4AD5BD7D9AA552BEB9021432CAFBEFA6A96BAED48494931366FDEDCAEBFFEC71F7F34262525C9634C670600000000808F3191050000F88D5877DAA45222D9719978F7DFDD2AED54A9954AFB551AA4D26C954EEBF9D7B16347FBDD77DF6DF7D5FF48FDFAF51D3B77EE34399D4EEDE1871FB6C97A333367CE0C5EB9726550870E1DECD3A74FCF92E04BA74E9DECEFBDF75ED03FFEF18F201935F3FAEBAF67C95A34F2FA3D7BF6B85E7FFBEDB7FB6C60E6ABAFBE326FDEBCD944790600000000041A46CC000080AA62B54A1D543AA4525B95F6F8E37F4246B9FCED6F7FB3EAF7BB77EF6E9354D0761F7DF491F54AAF070000000000BE85C00C0000A82A247871A74A7BC90A0000000000E0AB08CC000080AAA0B64A2964030000000000F07546B2000000540104650000000000805F2030030000000000000000E0250466000000000000000000BC84C00C000000000000000080971098010000000000000000F01202330000000000000000005E4260060000000000000000C04B08CC000000000000000000780981190000000000000000002F2130030000000000000000E0250466000000000000000000BC84C00C000000000000000080971098010000000000000000F01202330000000000000000005E4260060000000000000000C04B08CC000000000000000000780981190000000000000000002F2130030000AA8268B2000000000000F80302330000A02A38A9D2272AC590150000000000C09799C90200005045F452E9F72A7DA6D2489592C9120000000000E06B08CC000080AAC4A0D2032AF55069954AA33402340000000000C087109801000055914CD7AA8FA0F95CCB0DD0000000000000543A02330000C09FC4A8145782ED65048D8C9EE9AED2AF641F0000000000A86C04660000803F89536972295E27019A1A72C3E9741AC8460000000000505908CC0000007F35C5E37661C19A532A9D53E93AF7DF6B3232329C645DE54B4D4DBDA0FE44A964233700000000008184C00C0000F047129489F7B89F3F30F3BD4AC7548A55698B4A7D54AAABD217FBF6ED33927D952F2929490FCCEC233700000000008184C00C0000A84A76AB7442A5FB543AAC52279576BA9F3B6E3018EC9B376F36A5A7A71B2222221839534924FF77ECD851CB7D37911C01000000000412AE1805000055C56A951AA894A5525B95FEA0FD2F2823CE198DC64D972E5D32CC9A352B88ECAA3C2AFF2FE5E4E48469B9419954720400000000104808CC000080AA42D62AB953A58754DA53D00676BB7DAAFCFDCB5FFE127CF2E4490359E67D67CE9C3124242404BBEF4E214700000000008186C00C0000A80A6A6BB92364F65E61BB449556A7A5A519FAF5EB172A536A9175DE63B3D9B4AE5DBBA659ADD6EAEAEE5A8D69CC00000000000188C00C0000A80A524AB0ED30950ECA5A333D7AF40895111C645FC5937C6ED3A6CDAFBB76EDAAAFEE1E576904B90200000000084426B2000000BF11EB4E9BB4C01D69501E797041A5CF54EA71E4C891A8050B16983233330DB7DD769B232424845256CE6454D2F4E9D333FAF4E9633876EC58B4961B949129E70E913B00000000804064260B000040004A56A9934AF3CE9E3DDB63CA9429A619336618DBB76F6FBDE5965B42C2C2C2C8A1324A4D4DBD9094947461C78E1DB57272726AB91F96E9CB46B8F31F0000000080804460060000042A19B9D153CB1D8133212B2B2B76E3C68D112A9133E523CA9D44A24A5334D694010000000080C00C0000087889EE14A9521B955AA864F1E1EF1BABD25D9AEF4F696753699FFB3BA652CC0000000000C8456006000020D7392D77AAADB53EFE3DE3B5DCC04CA2FB360000000000F02346B2000000000000000000C03B08CC000000000000000000780981190000000000000000002F2130030000000000000000E0250466000000000000000000BC84C00C000000000000000080971098010000000000000000F01202330000000000000000005E4260060000000000000000C04B08CC000000000000000000780981190000000000000000002F2130030000000000000000E0250466000000000000000000BC84C00C000000000000000080971098010000000000000000F01202330000000000000000005E4260060000000000000000C04B08CC000000000000000000780981190000000000000000002F2130030000000000000000E0250466000000000000000000BC84C00C000000000000000080971098010000000000000000F01202330000000000000000005E4260060000000000000000C04B08CC0000000000000000007889992C0000408B54A98D4A2D54B2F8F0F78CF5F81BEFC3DFD3A6D23E9512554AA57801D493A09E0400DA4BD05E02C0FF1098010004AC6BAEB9A6B3D96C7E2D2525E56687C3E14FA348EF7227DF3FD0309BB7D86CB649EECE1400EA49504F0200ED25682F0150AF910500800054B74E9D3ACB4F9C38D15AEE84858539DBB56B676BD6AC9943DD2677CAE8D2A54B5A7272B271FDFAF52675FB4EF5D0572AAD5569844A07C921807A927A927A1200682F417B09209011980100049A989A356B7EA73A4F91356AD4700E1B362C67DCB871D91111114EB2A67CA5A7A71BE6CE9D1B3473E6CCE0B4B4B4FBDD1D29E95025933B00F524A8270180F612B497000295812C00000490BAAAF3F4C3993367223B76EC68FFF0C30F33EBD5AB7759C769DAB469C12B57AE342B9AD168D4060F1E9CF3C4134FE49075A5A7F2DBD0BF7F7FCB860D1BE48290E32A75D24A7F855BBC4A93559AA2F9F63A3B15893C00F524F5240080F692F692F612801F33910500804051A74E9DF52929290DA5F3B47AF5EA4CD599CAEB3CD96C36EDF6DB6F0FDBBA75ABF9C08103C6A3478F1A9D4EA7F1D0A143C6356BD6981F7CF0419B74A85072328DC3238F3C62DBB973A7E9E0C183B2206A23951695F2ED62DD699316B8F34B9307A09EA49E0400D05ED25ED25E02F06304660000014116E4549DA717649A818D1B3766C85FCFE7FBF4E913FAEDB7DF9A5253530D0E87C3F5D8850B17B463C78E193232325C234CDBB66D6B27274B473A9F9D3B77B62F5CB8D0A8F2533A501254482EC55BC56A0425C803504F524F0200682F692F692F01F8737D461600000281D96C7E4DFE0E1F3E3CBB76EDDA97759E56AC58613E7AF4A82C28A9356FDE5CAE70D32C164BDEF3478E1C317CFCF1C741E462D9C8958463C68CD13BA193C911807A12D49300407B09DA4B0001D99E900500800010999292727358589873F4E8D1BF99D779FBF6EDD279323CFDF4D39AEA5C69515151DAD6AD5BB5B367CFBAFECA156EA74F9F665DB672A0F23867CA94295A666666ACBA1BA5522AB902504F827A1200682F417B092090109801000482360E87C3D8B163475B44448433FF932121215A8B162DB48484042D3C3CDCF5D8D0A1435D9DA783070F6A274E9CD09293939D6463D949FE77EAD4296BCD9A35215AEE745CCBC915807A12D49300407B09DA4B008184A9CC000081A085FCD3B8716347414F4646463A172E5CE8D03B4FBA0E1D3A68717171DA840913B4FCD314A0F46EBCF1467D3E87C6E406403D09EA4900A0BD04ED2580404360060010085C07EC616161053ED9B56B57DBAA55AB8A5C80D3E9743AC8C6F2E1F13B307217A09E04F52400D05E82F61240C02130030008784D9B36759C3973C67EF1E2C59C829E3F79F264767878381D2800D493D4930000D05E0200CA8CC00C0020E0A5A7A71BEC76BB69F8F0E1055E693571E2C4A0D3A74F9BF6EFDF4FBB09807A927A120000DA4B00409930D40F0010B06C369B367FFE7C4B46468679CC983186C2B65BB060813C671E356A94A96EDDBA393D7BF6CC69D4A81157BA01A09EA49E040080F61200506244E8010001C96AB56AC3870F0FEBD6AD5BD0F9F3E70DD299BA92F0F070C3E8D1A383B76FDF1E327BF6EC60721100F524F5240080F692F6120050520466000001E9CD37DFAC161F1F6F8C8989D1060E1CA82D5EBCB8C8ED3FFDF453AD7BF7EEAEDB03060C3077EEDCD998909040270A00F524F5240080F692F6120050220466000001292B2BCB141D1DEDBADDB06143B96A4D9B366D9A969A9A7AD976E7CE9DD366CC98A199CD66AD4D9B36798F3769D224E8E2C58B06721200F524F5240080F692F612005012AC31030080D2AB572F2D363656E67DD6D2D2D2B4909010D7E39191915A5C5C9CA677B600807A927A120000DA4B0040591098010004BCC4C44457E7493A4B63C68C29D6B600403D493D090000ED2500A03498CA0C0040074A758A2A625B00A09E040080F692F61200901F81190000000000000000002F2130030000000000000000E0250466000000000000000000BCC44C16000002D1D9B367ED93264D72DDDEB46993C1E170388BF33ACF6DCF9F3F4F4602A09EA49E0400D05ED25E02004A84C00C002020CD9E3D3B835C0000EA490000682F0100DEC654660000000000000000005E4260060000000000000000C04B08CC000000000000000000780981190000000000000000002F2130030000000000000000E0250466000000000000000000BC84C00C000000000000000080971098010000000000000000F0120233000054309BCD4626004039D6A145D5ABD4B90080406D2F4BD3061E3B76CC40EE0180F711980100F8BB685FFF829B366D32FDE94F7F0A296A9B93274F1A0E1F3E6CCC9F3EF8E083A077DE792748DF2E3D3DBDC0ED3CD34F3FFD647CFCF1C72D67CE9CC9EB6415B6ED975F7E79C5EF06807AB2321D3B76CC387BF6EC60FDFED75F7F6D1A376E5CA1F5D6030F3C102A756AFEC7A5CEE3E41300A0AAB6978B162D0A9A366D5A70495F27ED6A424242303F3F007897992C0000F8B9932A7DAAD22895927DF54B5E75D555453E6FB55AF34E162E5DBAD4D53EF7EDDBD7D6B16347BBE776414141CECCCC4C436868A8EB7EBF7EFD2C8B172FB6CAC9C6E5CB979B478D1A9523CF4D993225DB6CFE5F33AF5EA3E9AF193D7A74C8B3CF3E9B5DAF5E3D6783060D9CF21AB9BACE737B00D493BEE2BAEBAE731C3972C42081E47BEEB9C7BE65CB16D38B2FBE985DD0B6EFBDF75ED0C89123B36BD7AEED9420B5D48D7ADD76EEDC3943CD9A359DAAEEBBAC5E959351172F5E344C9D3A358BA20200B497FEDA5ECE9F3F3FE8B9E79ECB96F6D2F3F13D7BF698D4F17F5EBB29172ABCFBEEBB41D75F7FBD437FEC975F7E314A1BAADFDFB66D9B69EEDCB9568BC5427B0900158433300080AAA0974ABF57E9339546FA4A47AA24C10E39F1A8DF8E8A8A72E67F4C279DA3A64D9B3A3CEFBBB7334AF0476E17F4B99EAF090F0F971393CE82DE1F00F5A4AF90517FAB56AD725566356AD4701E3C78D0284902CDF2787272B2313535559B376F9EEB04919C688A8E8E764A7DB764C912F3C30F3F6C53B78BACA3A74C99123263C68CE0175E78219B220200F0C7F652485065FCF8F1D9DDBB77FFCD5C666FBFFD76F0E8D1A3F3EE4F983021B87FFFFEB6DAB56B3B0E1C386094F672D0A04139EBD6AD33B56AD5CAF1C30F3F183DFB12B49700503108CC0000AA0A1971F2804A3D545AA5F9C0956E4F3EF9A445757A72F48E8D9C644C4A4A32CA15DF257DAFFDFBF71B1B356AE40AA4C8D4661290A95BB7AE43AE0097ABE25252520CFA15E52A99EBD7AFEF78EAA9A7720A7A2FD9563A62FAFDB367CF1AAC56AB265798538C00EA495F21A35BA40E95FA4EA6679C306182551E9F387162C8DD77DF6DBBEEBAEB2EABE324E82C27A41E7DF451CBB3CF3E9B23819AFCEFF9C1071F989F79E6991C79EFA79F7EDA2275E8E0C18339C90400F0DBF652DABB9D3B771AEFBDF75EBB3E5A462E5EB8F3CE3BEDD27F90F6D173FBF8F8F8ECEAD5AB3B557B68494848C8D247CAC8687D19592F8198D9B36767E9A365682F01A06210980100543572224EBFD2ED737747CAEB2408F3F3CF3FBB8230B2C68C3C262702A593A43A43A6975E7AC935D5980445D6AF5F6FD247C908799DFCD53B56C78F1F37EEDAB5CBF8DA6BAFB93A48F23A09CAC87B4B0046FECA943D070E1C70DD96CF88898971055E24E0B262C50AB35C45AEBFFFF9F3E70D4B962C0992F790FBAA236792C75E7EF9E52CA63303A8277D89E7142A572275AC9C5C0A0F0FD79A376F6E3F74E89051A670F49CEA71E0C08136BD9E7BEBADB75C53B448A087220100F0C7F6528EF5376EDC681A366C58CEB265CB82F469C654DB666EDBB66D811783050505491B18FCF6DB6F5BA52F2253A03DF9E493AE8B1DD46D6BDFBE7D435353530D1111114EDA4B00A8389C7D010094871895E27CEC3BC9956E72955B77957EF5F687CF9C393378CE9C39BF0974C834017235B7CCD13C61C204D7D56A327D80E736125891BF1E236BEC03070EFCCD67E88B5BCB894809ECFCFAEBAF86FC0B5B4B274AA62AD0EFCB1570F5EBD77775B2EEBAEB2EBB7CBFD28CE00102BC7EA92A2AB59E2C2B3919F5CA2BAF84A8BAD415B4969185722249AEEACD37ED63DE548FF9EB473F10AB523C45F537DED7FC70FD0780F6DC6FDB739F6D2FD3D3D30DD2BF286894A85C9C20C7FEF94546463A2580234199679F7D3644D6AB94D1F4E3C78F0FE9D5AB976DE9D2A599B497B483002A1E8119004079904ED6641FEE48D5901B4EA7D3E08D0FFCFAEBAF4D37DD7493A355AB5605063C646A80264D9A844960A62C9F236B2CCC983123EBE38F3F0EDAB66D9BE195575EC97AECB1C742DBB56B67D747CC14F4DD5AB76E6DEFD8B1A37DD1A2454103070ECCA1F882FA25E079BD9E2C8ECF3FFFDC6CB1585C81E423478E18F55184326DA3AACB643D19436C6CAC4D4E2CC92819094CCB342C3FFEF8A3B10AFD3677B9137E2B9E2C0068CF03BDBD94D1A2FAEDEFBFFFDEA84F4BF6CB2FBF18CC66B353B58D46CF91F3422E0C93D1F603060CB0BCFAEAABAE1136274F9E348E183122272E2ECE22176EC994A18F3EFAA8CD8FD6A40CC4F6927610F07304660000E56D8A973FAFB00EDE2995CEA9749D4AE7A5DF6230182A7C0D15B96A4D4E121615F0900ED4AC59B3B2CAF23932BD997E4578CF9E3D6D070E1C9075639C93274FCEDAB16387A9A0D7C81573D3A64D0B5EB1628555A62658BA74A959A65CF3ECD001D42F55924FD593C5A52F602C75D7F5D75FEFD047F72526269ADBB56BE7C87FB2489E2FE88A613FB749FECB14E12B966500B4E701DB5EEA6EB9E516878C9E91DBF277DDBA75261905F3F2CB2F676FDEBCD9241766493F45A63E93B6B54B972EF6BD7BF79ACC66B3DDB3BF3067CE1CEB0F3FFC60F4A3A04C20B597B48340154260060050DE9DACF84A3E38FD5EA5635AEE70F62D2AF57127AF1CC44AC0433F995894B28E5491ABC8650A340904C9743EFA7465D2E13A70E0408127262528238B5EEBF3450F193244D65BB0C87A37858DEE0102BC7EA9AA9DF84AAD274B4AA67E8C8B8B0BD4D17D8994FB2B966700B4E7B4970590C04BCB962D33DD178505CBA87A192DD3BB776F57BF4182322D5AB4B07B4E6BFCC1071F389A376FEE4AB497B483002A168119004055B15BA5132ADDA7D261953AA9B4D3FD5C9FCAF84272459A4C3726D3EFC8F46157DA5EA6E191E907366CD8601E3F7E7CA1D39C4920262626C6155C91208B0463E4B6AC39B366CD1AF3A64D9B4C37DC7083C373FB1933660477EEDCD92E1D32FD71E998C9B46A3D7AF4086DDFBEBD7DCC9831D98D1A3572509400EA495FB162C50AB3CC85AFD773222BAB78030EF5058D4F9C3861B8FAEAAB0BBDB2594E4A51340000FEDC5ECA7A933FFFFCB371E5CA95E6F0F0F0CBDABC8B172F1AFEFEF7BF07356BD6CC2EC11ACFE7F6ECD963CAD7CF30D05E028077109801005405AB55EAA0D22195DA4A1FC317BE94043E64648C044664DD832B6D5FAF5E3D677C7C7CB64C49E67912323F9927BAA0008ABCEEC1071FB4C9E7E90118B9BD7BF76ED3E8D1A3F346CA7892290AB66EDD9A21A36C08CA00D493BE42A652F9E0830F829A3469E2D0AFECD5D5AF5FDF91FFA4934E461376E9D2C5A6D7C1AAEECB9611378F3FFE78A1236EF2BF3F0080F6D25FDA4B9D1CE7BFFDF6DBD66FBFFDD6949C9C7CD9E879593366DEBC79D69B6FBEF9B263FDC68D1BDBA55FD1A04183BC36552ED6A2BD0400EF20300300A80AA49370A74A7B7DF1CB3DF5D45339E5B97D519D22391129D395E9F7651D1ACF513285BD86A9CC00EA499FEAA498CD9A3E4F7E7E9E755C7E12A0D6A776D4DF67C28409D9FCFC0080AAD85E7A9229CB8A33A5B2CEB3BDD48D1C3992361300BCD5E7210B00007EAEB64A29640300504F0200407B0900F00746B20000E0E7E83C0100F524DE5B7FE100002000494441540000B4970000BF4160060000000000000000C04B08CC000000000000000000780981190000000000000000002F2130030000000000000000E0250466000000000000000000BC84C00C000000000000000080971098010000000000000000F01202330000000000000000005E4260060000000000000000C04B08CC000000000000000000780981190000000000000000002F2130030000000000000000E0250466000000000000000000BC84C00C000000000000000080971098010000000000000000F01202330000000000000000005E4260060000000000000000C04B08CC000000000000000000780981190000000000000000002F2130030000000000000000E0250466000000000000000000BCC44C16948B4895DAA8D442250BD951663695F6A994A8522AE58A7245B902000000E857D0AF0000D0BED1BE55150466CAE09A6BAEE96C369B5F4B4949B9D9E17030FAA8220AA8D9BCC566B34D72570A942B50AE00000000FA15F42B0080F68DF68DF6CDBFF3992C2895BA75EAD4597EE2C489D672272C2CCCD9AE5D3B5BB366CD1CEA36B95346972E5DD29293938DEBD7AF37A9DB77AA87BE5269AD4A23543A48B902E50AA560D5CB012A5F6A6AEA05F5274ACBBD220700F524A82741BF827E05682F417B09DA37DAB7804260A6E4626AD6ACF99DAA04226BD4A8E11C366C58CEB871E3B22322229C644DF94A4F4F37CC9D3B3768E6CC99C1696969F7BB2B04A918922957A05CA184F6C83FFBF6EDE36A1A1F909494A477A0F6911B00F524A82741BF827E05682F417B09DA37DAB7404360A664EA4A2570E6CC99C88E1D3BDA3FFCF0C3CC7AF5EA5D56014C9B362D78E5CA956645331A8DDAE0C183739E78E2891CB2AEE4A4727DFEF9E7B39F7CF2C99CFEFDFB5B366CD850573DBC45A54E5AD58AD452AE2857A878DF180C06FBE6CD9B4D7290C1C15BE51EE4EDD8B1A396FB6E223902504F827A12F42BE85780F612B497A07DA37D0B3426B2A0F8EAD4A9B33E2525A5A15402AB57AFCE5495425E2560B3D9B4DB6FBF3D6CEBD6ADE603070E188F1E3D6A743A9DC643870E19D7AC59637EF0C1076D5231A0E46438E2238F3C62DBB973A7E9E0C183B2B05723951651AE2857942B9F12EB4E9B7CF4A0D86A3299EECACACA6A101C1CEC8C8D8DB5F393558EE9D3A7676CDCB8B1BABB9CCCAB82658DFD8DFFAFBFA29EAC3AF524F501FD55FA15F42BD87F692F692FD98F68DF68DF68DF7C1C8199629285A55425F0820C9753157F86FCF57CBE4F9F3EA1DF7EFBAD293535D5E070385C8F5DB870413B76EC98212323C320F7DBB66D4B835D4A528976EEDCD9BE70E142A3CACF46EE4628997245B9A25CF9EC01A234DA7D549AA2D20C956657F61754076747D59FB8BD7BF79A060C1890131111C1AFE66567CE9C31A87ACDA00E9E43D5DD274AB9BF05646724C0F380DF9C7A927A323045AB94AE52BC478AF5A817E2F3A57754BA487F957E05FD0ADA73DA4BDA4BDA41DA37DA37DA37BFC85FB2A078CC66F36BF277F8F0E1D9B56BD7BEAC1258B16285F9E8D1A3B23092D6BC797389D46A168B25EFF923478E183EFEF8E32072B16C24223E66CC18BD329D4CB9A25C51AE7C5273953E51E9984AFD55FA5CA53B7CE4BB490770755A5A9AA15FBF7EA132F49D9FCB7BE44AA6AE5DBBA659AD56B9AA6DADC60976C017514F524FFA92149596AA74A56982BE5069B97B7BFAABF42BE85780F692F6927690F68DF68DF6CD2F1098299EC89494949BC3C2C29CA3478FFECDFC84DBB76F974AC0F0F4D34F6B0F3DF4903668D020AD77EFDE5AB76EDDB4DFFDEE77AE6D4E9F3E4D435D0E541EE78486866669B957074451AE285794ABCA2FC72A3DA6D2C3EEFB376BB9C198EB54EAAAD20295527DE8FB0E53E9A0CC09DDA3478F50B9D28A9FB0E2493EB769D3E6D75DBB76D557778FAB34825C017C16F524F5A42F19AD157D426AB74A6D557A85FE2AFD0AFA15A0BDA4BDA41DA47DA37DA37DF32766B2A058DA381C0E63C78E1D6D052DEC161212A2B568D1424B4848D0C2C3C35D8F0D1D3A54DBBA75AB76F0E041EDC489135A7272320BC29503C9FF4E9D3A65AD59B326C45D192CA75C8172E5FD8323957AA8D45BA57B55DAAAD201951A6BB9F38D2EF0E1EF2E07EFF7A9B44175A21ADE78E38DA17FFAD39F6C7290C7C29DE54FAE1E9C356BD625558F055BAD56BDF374A7C6D067C097514F524FFA5A795CA2D223853C2F57071F52690FFD55FA15F42B407B497B493B48FB46FB46FBE64F08CC144F0BF9A771E3C68E829E8C8C8C742E5CB8D061B1582E1B81D4A14307571293264DA2222827EA80C7A22A02D74F42B9A25C51AE2AC50F2AED5569854A7FD47247C4C4ABD4D34FBEBF1CBC775269DED9B3677B4C9932C53463C60C63FBF6EDADB7DC724B882C7087B2494D4DBD9094947461C78E1DB57272726AB91F96690646689C6C04A827413D5932E354EAA752FE2B5EBF57E96ECD77A64CA55F01FA15B497B497B497B483B46FB46F28360233C5E39AA0B0B046B56BD7AEB655AB5619FBF6ED5BE8D4704EA7D34136960F8FDFC14CB9A25C51AE2A45BD2AF07F902B8F249014ABD284ACACACD88D1B3746A8C4AF5B3EA2B4FF0D6F4E54698AC65A0900F524A8274B5F1697A9F49076F9492959CFEEB0967BB108FD55FA15F42B407B497B493B48FB46FB46FBE657C8C872D0B46953C7575F7D65BF78F1A20C9DFBCDA252274F9ECC568F13A105E50AF03D89EE24D3B3B5D172AFC8B1902D656653699F3B6F53C90E807A12D493653452CB9D42D5E4BE7F4ACB9D4EB52D5943BF02A0BDA4BDA41DA47DA37D833F2230530E64AE4BBBDD6E1A3E7CB8F9FDF7DFFFCDF313274E0CBAEAAAABECFBF7EF37366AD488482D285780EF39A7E50E895F4B560000F5247C8ECCA1FF894A7DDCF7CFAAB445636D19FA1500ED25680769DF68DFE0A708CC9481CD66D3E6CF9F6FC9C8C8308F1933C650D8760B162C90E7CCA3468D32D5AD5B37A767CF9E395408A05C01000000C5364AA5075592E94A1A6AB953BA807E0500D00ED2BED1BEC12F19C982D2B15AADDAF0E1C3C3BA75EB1674FEFC7983540A57121E1E6E183D7A74F0F6EDDB4366CF9E1D4C2E8272852AE477EEBF91640500EA17001540E6D83FE4BE2D7F595B867E0568CF01DA41DA37DA37F82D0233A5F4E69B6F568B8F8F37C6C4C46803070ED4162F5E5CE4F69F7EFAA9D6BD7B77D7ED010306983B77EE6C4C4848A03200E50A5541746464E460F7ED47558A214B0050BF00A880FAA0B6FB764DEA03FA15A03D07680769DF68DFE0CF08CC9452565696293A3ADA75BB61C386127DD5A64D9BA6A5A65EBE16D9B973E7B41933666866B3596BD3A64DDEE34D9A3409BA78F1A2819C04E50AFE7E7058B366CD6F55998CF03840FC42A528B20600F50B8072AE0FC2DCF7AB531FD0AF00ED39403B1878FB11ED1BAA12D6982927BD7AF5D262636365FE422D2D2D4D0B0909713D1E1919A9C5C5C5697AA50150AE5085D4AD5EBDFA7767CE9C89BAEAAAAB9C2B56ACC87CEEB9E72C4949498DD5735FA9D455CB1D6E0D00D42F00A80FE85780FD97FD17603FA27D03DC08CC9483C4C4445725203BFD9831638AB52D40B9829F9361D44967CF9EAD5EA74E1DE79A356B329A376FEE5065314395C56AEA20B199DAE6DF2ADDA1520AD90580FA0500F501FD0AB0FFB2FF02EC47B46F402EA6322BA78AA022B605E58A72051F15E51E465DFDDA6BAF756CDCB8D17570284F54AF5EDDB976EDDA0C795CDDADAB314D0100EA1700D407F42BC0FECBFE0BB01FD1BE0197213003002889187510F89F3367CED4AB51A386F38B2FBEC86CD4A891C37383DAB56B3BBFF9E61BFDA0B1854A1BE86C01A07E01407D00B0FFB2FF02EC47800F93B9EF62551AAA52BC471AEA7EBC5CE7C6AB88C04C94FB8B0E2EE03F70BF961BC90500F89FBA919191BBCF9E3D1B25C3A8D7AF5F9FD1B4695347411BCA41A20CAF6ED9B2A59D834400D42F00A80F00F65FF65F80FD08F0416D549AA3D261954E6AB96B37CD5369B2479AE77EFCA47BBB77B5DCF84799945760A661FDFAF5DF5615C22F46A3F194FB8BBE5BC07F4086D61DB3582CFBD5DFE92A35E6B70700BF10A56CD787516FD9B2450EFE1C45BD408657FFEB5FFFCAE4201100F50B00EA0380FD97FD17603F027C482F957668B9EB340D5729A698AF93ED64408AC43F7E50A99F4AE6D27C017359BE7D4444447B95E69F3A75AAC99123470CF2D855575DE5BCFEFAEBED2A391B366CE830994CAE6DE5F95F7EF9C5F8F3CF3F1BD3D2D26E500FBD20C960306C773A9DB242D3567FFAE5CE9E3D6B9F346992EBF6A64D9B0C0E87C3599CD7796E7BFEFC79760150AEE00F626AD4A8F14D6A6A6A2D1946BD61C386CCEBAEBBCE519C17EA0789F7DE7B6FE8EEDDBBF583C4FB544A255B0150BF00A03EA05F01F65FF65F80FD88F60D5E74BB963B42A64D39BC5733953E5669824A7F54E99B92BCB8B48199A8FAF5EB2F3D72E448A7F4F474CD62B1687FFCE31FB3FBF4E9636BDFBEBD5DEE17455512C6C58B1707CD9D3B37E8D2A54BADD5435B545AAED2307FA93466CF9E9D413906E50A01A0EED5575FBD332D2DAD46AD5AB59CAB56ADFACDDCB6A53848943ABFAB4AC9642F40FD42FD0280FA807E05D87FD97FC17EC47E44FB062F90812232B35781C10BB3D9AC356FDEDC7ED34D3739A2A2A29C6161615A56569696929262F8F1C71F8D494949269BCD56D04B25402323685E5169864AB6E27C99120766D417BA273434F4B323478E844A00E6F9E79FCF1A3972648E5400C57D0F1986A752D6CB2FBF9C356BD6ACE0E9D3A7075FBA74A98FC160E8E4743A651D9A9D941300A87491328C3A3535B586CC6D2BC3A88B7BC54E410789AB57AF9683C46A3FFDF4536377832557F01C249B01EA97C2EA17756C1851D08BD5F1623AF50B407D407D00D05F00D88FD88F80629018C842951EFBCD1366B3D6B3674F5BEFDEBD731E78E0017B444444A1310EABD5AAAD5CB9D2BC62C58AA0CF3EFBCC2CF73D48B067AA4AB7A8F488568CE04C89023337DD74D3D3870E1D7A4B5516A68E1D3BDADF7FFF7D6B692B0BD7B7B558B4091326640F193224A75FBF7EA11B376EACA1E5CEEBD653A5B5941900A83479C3A8E58A1D5970B02CF5BD908509B76EDD9AE1BE822746CB1D5EDD49E34A3880FA85FA05A03EA03E00AADCFEBB7FFF7EE3175F7C61FEFEFBEF8D72B5F1A54B970C6161614EB90A59AE46BEEFBEFB6C9EEB67B0FF82FD88FD08A80012FFF844A51EF99F183A7468F6A851A3728A3B424D62190F3FFCB04DD2C993270D2FBFFC72F05FFFFAD7E07C9BF5512952CB8D6F58AFF4C58A458232870F1F9E939999691C316244F61B6FBC912511A5F250B3664DE7975F7E99317EFCF810193D633018563B9D4EC92C82330050090787919191BBD3D2D2AAEBC3A89B366DEA288F37CE37BC5A0E126578F59D1C2402D42FD42F00F501F501E0FFFBAF4CF1F2DE7BEFC9D4F5C1494949C6A2DEE485175E0891D7C9C5BACF3CF34CB69C6362FF05FB11FB1150CE64A4CC6541996BAFBDD6317FFE7C6B972E5DECA57D530982CE9B372FEB91471EB13DF1C4139643870E79EEABF7AAF40FED0A23678CC5F92099BE4C46CA646464185F7AE9A5ECB7DE7AABDC82329E5E7DF5D52C797FA7D36952773FD37217E30100784FA45CB173EEDCB9EAD250FDFBDFFFCE68D5AA95BD3C3F403F486CD9B2A5BC6F5DF741620C590F50BF50BF00D407D40780FFEEBF2B56AC30376CD8307CE8D0A116CF93C99191915A870E1DB4D8D858578A8E8ECE7BB39F7EFAC9F8ECB3CF86C4C4C4842F5AB4C8CCFE0BF623F623A01CC99A32974D5F26FBC4CE9D3B33CA1294F124B38AC9FB15702CDBC7FDF9852A4E74252A383878F5D9B3674D325266EAD4A95915995BF2FE76BB5D939133EAEE172ADDAC520AE508002A5C5DF7DCB6AE61D489898999659D4EA4A8932532F7AD3AA0ACB67FFF7E394894E1D577A8748E9F01A07EA17E01A80FA80F00FFDA7FC78D1B17F2E69B6F06EB8B22B768D142EBDDBBB7D6AF5F3F2D262646CB7F716F7272B2B67CF9726DD1A245DA9E3D7BB413274E181E7BECB1D0EDDBB7BB666861FF05FB11FB11504632E063B2E7031294917DAEA875644A7BCCB96DDBB68CF6EDDB57FBF6DB6F4D1E4F4D502951A5AD05BDEE8A811955392C3F7CF8B045A23FB2537B23D764E48CAA444C1B376E8C5277E7A8F4106509002A54CCD5575FBD53161C9483C3356BD6E4CD6D2B73DADE78E38D619E1B4B83D3AE5DBB22AF2E3876EC98E1DA6BAF0DCFFFF8A64D9B32A44D91619FDF7CF34D861C2426252535D4FEB730612A3F071018F54B45A17E01A80FA80F00EFEDBF0F3EF860E8279F7CE23ABF2457F54F9F3E5D1B3C78B056D44C2B729279CC9831AEF4FEFBEF6B63C78ED5D47B6B73E6CC093E7EFCB871E9D2A599ECBF603F623F02CA609E4A16FD8E8C4E5BBB766DB9076574B2AFCAFBB769D34602A1FA68378BFB7BDCAA1530A559915399A92FDAFEF0E1C377C9C2366A07B756C4F4658559BC787166B56AD5A47292613FB1942500A83051328CFAD75F7FAD51A74E1DE7E6CD9B333C170F9445D0962D5B9619121292F7827BEEB9A79A0C972EEA4D7BF6EC59CD64CABD5040FE5E75D555CE050B16582528A36FE3BE8227A3418306F2792DB4DC2B78A2F84980C0A85F2A12F50B407D407D0054FCFE2B57F8EB27939B356BA6EDD8B1431653D64A72FE282E2ECEF5BADB6FCF9DCD5EDEEFB9E79E0B61FF05FB11FB11504ABDB47C4BA4FCED6F7FB3CA3AF7157DCCF9EEBBEFE68FA134D372E31BBF71A5C0CC7CF9FBFCF3CF6755F4954CF949464D9A3429C77D773AE509002A445D55DFCA8283AE61D45BB66CC990404CFE8DFAF4E9238B99E5E88D8BD56AD5BA74E9127AE6CC1943416FFAD24B2F85FCF2CB2F06999A525C7DF5D5CEB163C7660F1A342827FFB6F5EAD5735DC1E3FE5C0E128100AB5F2A12F50B407D407D0054DCFE2B6B61C8B44B725B4E267FF6D9675AC3860D4BF52172E5FF860D1BF24E2ACB15FFFA5A19ECBF603F623F024A6882E79DA1438766DF73CF3D766F7CB05C8C3C78F0E0EC02BECF6F22AD4505661A9E3A75AA898C96193972644E65E4A0FADCECF0F07019E6D346A5C694A9CB157642F44AAFD1E7AA2C4A71B601E0F7622223239354BD50AF468D1A579C4E64DEBC795675A068371A739B8ED3A74F1BEFBFFFFED0FCF5C5BFFFFD6FD3AC59B3822F5EBCE8AAA3E4BD7BF7EE9D3361C284ECC2DE5B82F132E49383442030EB978A44FD02501F501F54BED2F42FE54220F8EEFE2BBFE9E8D1A32DF257A65DFAE4934F5C2785CB42DE67D9B2655A5454EE6EF9FCF3CF5BF472C0FE0BF623F6235F939E9E6E20177C92C411F246CBC805C6A3468DF26A6C63D2A449D91253F120A3663AE4DFAED0C04CFDFAF547D9ED76435C5C5CB60CC3A98C5C94FFC0B061C3F483F64115F431D1FE5ACA060E1C6891351C0A7B5EA2EE67CF9EBDEC795980484E98EA07BA851DEC6EDAB4C974D75D7755A39209BC7225A4DC2C59B2C42CE5EBF0E1C346CF141F1F1F7CF2E4C9DF948BBE7DFB86EAE52521212178F3E6CD268A814F97B52855B7EF3877EE5C759967F3EBAFBF2ED674221B376ECC54077AAE36213B3B5B3B70E080B17FFFFE16BDB32D65A07BF7EEA17ADD121616E66CD3A68D7DCE9C39575CA34C0E4EE50A1E8FE1D55BE420969F18088CFAA52251BF009586FA20C0FB15BAF7DE7B2F48BF6AFBCB2FBF3479A6891327861414B8C9DF1F95E34B5983217F1F1795D39EBFF3CE3B41478E1C71FD16B2164669AFF0CF4F4E4ACF9C39D3755B1632579F134C7B8EAADA0E06F87EE477ED9B4CE72EE7BBF4FB23478E0C29ECDCD7BA75EB4CFAB6EA77CF6BF3E45CADA4C23E43DA43D9CEF33C9C7CAE3CC6EE54EC72D3DFF34ECF9E3D6DDE1EA92D6B3BC9E716F5BD44A1811975D0D34DFECAF4359599DBFDFAF5D3235AF757D0479C54E9137F68CC65E120CF03D3A8A828A70C45D4775CD9E9F3773AA4929003D7952B579A6527DEB76F9F312D2DCD20B7DF7EFBEDE0CF3FFFBCD0CAE0F8F1E3868A5A102900F84DB9D2E9E5E4F1C71FB7AC59B3C6D4AA552B476666A6ABBCFDF39FFF347FF4D147AEB23270E0409B044DA52C7A361452065353535D8F49C32FDB26252519E5FDF28FEE92C6493A6014934A2B6BD1B56AD5DAA17EF32899DB36313131B3B88D9404EAD7AE5D9B111C9C7B2C22E5E08B2FBE304F9932C5F57BF6EAD5CBA27796E5AA047560E958BE7C796671E7C695F757DF27430E5AB5DC919274B68000A95F2A1AF50BE0FD8E33F54160F62B0AB26DDB3653EFDEBD5DE71654DE9B838282B4060D1A3825FDF8E38FC6828E15A5CFA1F7472528F3E4934F5A9E7AEAA94ABB7094F6FCF2FD77FEFCF9AE0E418B162D5C0B949727592B439F8A497D4E9067E08EF61C55A91D0CF0FDC8EFDAB7A64D9B3AE47CAA044AE48265C93FCF35743D2D59B224A86FDFBEAE4C6FD9B2A55DA6D192248F7BAE73A25F182D17D17FF0C1074112AC938B19E4B9A54B97BA2E9896736D7BF7EE253053FC72D3C3F38ECCE052195FB480CFBD37FF36850566A2CE9C3973AD2CD47CD75D77D92B33B72592AC0EC6E44A6B19F253B7823E4616043AA4D24A5FAE10B66CD9629A3A756AB01E654D494931E8B765279E3D7B76B0E7F637DC7083F3A5975E721DB8AADB0ECF4A581DD81A0E1E3C68F8FDEF7F5F60E04DB68D8E8E7632A559D52F579E0DB39487FAF5EB3BE5B797C09E1C34C8DF5DBB7619870C199223B725C9B6AA33E5CCCCCC2CF4FD727272A423A54D9932255BEF68497992808CAC3F42F1A8B4B256373232F2A753A74EC594763A913BEEB8C33179F2E42CE9500B09CEFCE52F7F09EADAB56BA8EA74E7F5AA2578BC61C386CC7CC337AF489FFBB679F3E60E77BDFF954A0DF99981AA5FBF5434EA17C06BA80F02B85F919FCCDAA09F57507D0A8B9EFF7ADF223C3CBCC8408B1C6B8E1A352A243E3E3EBB4B972E7676AFCA6FCFE5A4A45C8427B71F7EF8E1122D505E5CF2BEFA67EDDEBDDB447B8EAAD60EB21FF957FB267928C193C68D1B3BE4FCECF4E9D383655484CC2A937F348BCA6BA3B47BF29B4BBB77F4E851D7EF2C8117D58ED93C8339727E4DFD4EB673E7CE19E4F1679E79C6B5B6AFBC56BF205FD295DA4ADAB43CD19E8F495E3EF0C0039572EC20E758F39D0F8BD1F28DF8296CAF6FE670388CD75F7FBDBD222A86926AD8B061D677DF7D272772253873BC823E46AEF07E40CB8DAAAD5269944AC9BE56F26EBCF14687BE5891DAA19DFA6D19A5B06EDDBABC9D5422AA2A1925F22A27D725AAAB92AB402627271BBB77EF6E53AFB549C5DCAA55ABDF14D0949414E36DB7DD662FEC7954AD72959F04EE64A865BB76EDEC5296D6AF5F6FBE78F162B667545F2A172957FA7D2953FA8186543ED2B8CB4819CF6D9E7EFA698B3436052C8205EF94B568D5B0EF4A4D4D750DA3FEE28B2F323D7F9F92183F7E7CB62A172675406256ED859691916158BB766D5E8351AD5A35E7A64D9B323CCB4C49C801CEEAD5AB33626363AB1D3A74481A2F99FBF63E950EF25303FE59BF180C868872FB42257C2FA7D3994EFD02780DF501FD0ACF7E85F6E1871F9AD5F17F8E3A7E0C917EC237DF7C63527D0DA3CA7383DEF728ECF572724B8E375F7DF55546CAF8507F61C3860D79C7FD7DFAF4A9902F2BEF3B76EC58D7EDAFBEFAEA37E72568CFE1CFED20FB91FFB56FA1A1A19A9CCF7AEBADB72E9BA65D46B7785ED42EE76157AD5A6596D1321288B9E5965BEC725E56662C9211A2725E57A632D3479116D276BA2EC4FFF9E79F8D168B85B6AF64E5E6B235EA9B376F6EAFACD9A0E4BCA97CBE5CA0E2F1B07CBF14FD4E6123665C11D2EBAFBFDE277EFC264D9A04B96FC678E1E3244FF4C8DB679A8F5D752143C065A797F4CB2FBF18F5DB32BCCD733B9982EAF0E1C30699BA4C0A803E9599ECDC127195DBEBD6AD33CB36057DCEF7DF7FEF0ADE7CFAE9A766F6F5AA5FAE74D250C8FCA6526EF4C7E6CC99137CD34D3739F406C6737B0908BEFDF6DB79C32C1F78E08150B92DC13F6988060C1860F15CC748356056555633F545E8E0D5B226C3A8FFAD0E0EAF9161D43292A5B44119DDBFFEF5AFCC6BAEB9266FBD199DC964723D57D6E94AE4AA909D3B7766B8DF473F488CE12706AA7EFD52D1A85F800A437D40BFA2C0131332E58B8CB6973EA63CD6AE5D3B873EAD8BE74927B9B04B9F15424E80C97A86CD9A35930B068DFAE3D2DF907E07B33B545E7B2EE70BE4AF2C325ED685CA0B23EF1B1D9D7B61B19CCCA43D47556B07D98FFCBF7DD3790E6AB878F1A2F6DFFFFED7281739CBFADD4F3DF5548EACB1266DD66BAFBD963568D0A01CB9ADDABF6AB2BD9C33939138521EDE7DF7DD20198123EDA2B48F12C491F652126D5EB1CBCD9D9E4FEAE7332B4B019F7F59E0A8B093EEAE29C3646D005FC8E1060D1AE891A57E9AF716879213D01275EBAED2AFBE52DADAB76F6F979D586ECB0EAEDF9613E493274FCE9BCA4C2A54A904D40EEE9488B81CC04A70E6965B6E71FDA672E25C76FABFFDED6FD6823E47DEFBC5175FCC5EB1628541767E5F183955805895E2FDACC2F0C972A5938E925CC1D6A2450BBB8C96910E50FDFAF51D326D9E8C8691C6429ED3476AC963CF3CF38CC3B3DCE86552BFEF396CAFA4535A51AECAADAC1D52077BD1A74E9D0A93292A65187579CCF12EF5C2AA55AB32541D13E6F9F8B3CF3E9BDDB66DDB721969E75ED32633363636F4E8D1A37270B8C5DDD02673FC016893AB6AFDE20DD42F40B993695B92547D50BD0AD407DFAAF4914AE7E857948D1CFFCB89A8575E792558FDBDE2A879196D2D7D5E799D2A4FAEE95DE4424379DC631A20BB679F837E85F7DB73E91FCADF66CD9A55E8B982C68D1BCB67B9D632A53D47556B077D7C3FAACC76D027DB37B9B840CEA3EA1726EBE402FA989898BCDF59025DF3E7CFB7CADACAB366CDCA9229D0BA75EB66F71CF529E7DBA2A2A2B2F47672F4E8D1D9E7CE9D0B79F2C9275D4B08F4EDDB3734FF88998B172F1A68DF8A556E2E5B5F46062754E6972AE0F38B3595998B5CF5EC63EE72276FFFB035E486D3E9ACF49D40764A7DEE427D8D19CF0ABD30125C919D5DAF2C64FB3A75EA14F81AA934640E4C39F895A1E652E94884D7071BBDCA280F55B25CE577FCF871991A4F3B78F0A0517EFBEDDBB7BBCAD933CF3C937DD34D3785C9D51455782A017F2E578595B5EB5523EFBAB364C9924CF71CB2E5E2B9E79EB3C85A33B2A690EEC30F3F0C9A306142B94D37210726CB962DB3B66EDD5AAE28910B07DE54E90F1CF7032E932BF1B32BB47EF106EA17A05CCD54F541F52A521FD4546924FD8AF22127A7E4A4E33FFFF94FF3ADB7DEEABA7847667CD04F56E43FD994FF622EB9D050A6419B346952969F5CE8E56FFD8A12B7E7972E5D72FD66DEBA8053FF3CDA7354A576D0C7F7235F68077DAA7D93A9CCE4A200394F2A6B7C3FFAE8A33972DE542E4A9529E13CB71D376E5C48AD5AB59C32FDBB6AF71CFFF9CF7F8CE9E9E9AE913890BE0000200049444154596AE4F5324B8D3C5ED867BDFDF6DB56796FB9A85E46CBD4AB57CFD78EA9FCE6BC59585858A57E7E4848D14B6C17B9F7DBEDBEB1B488FA1E72658D8C06D9A452A2974E689CD27223C3D7A9745E2A2583C150A927A2E58A215917A6A0356664687861D15309AC488455822D0D1A3470FD1FE444AAAA080AFC9C3FFFF9CFC1D3A64D735DCD2423283A77EE1CDAAD5B379B447D7D6CFFAA88F21070E54A27D30648074986B7B669D346A2F99A04653C0F12A423F4C61B6F64A906A9C8EF2CA3B5F2374C7EC497CB5569CBDA11A942A4BC4920253131B1D46BBF7892C5EE76EDDA65F40CCA88B4B43483AA3B42376FDE9C511E079932855EAF5EBD647F91034459676C14C7FC0870EF57F5FAC55BA85F80722593D8DFAE52C32A501F9CD17C67C48CDFF52B7E73D2411D0F3EF8E08379EB512E5BB64C93B9F7F5FB32CAFE4AEF11171797230B28CBD5C77E54AE7CA55F51EEED79585898EB396F4DADA37F1EED39AA523BE8E3FB9137DA41BF69DFE47C99AC8B76FCF87183CC46244199912347867CF4D1475669E3A64E9D1A2C6BA9E9D3D6C9146412B0D1EF376AD4C8F53E8B162D0AD2A7F12CE873D6AC59636ADCB8B17C8E51CA858CC691914E723B3C3C5C539FE92BEB355766FB76A5722353E0E51D575CBA74A952332A2B2BABE863A4421E9786CC75B5BC2FFCDAFBF6EDCB507FC2555AACD25F2BF807FD5EA5635AEEB02C1902DBC79D2657763E14B530949C042F6854CB1B6FBC113C6FDE3CAB9C38553BF6153F4316A692A1E39E0B82CD9831234B55CEA1EFBEFBAEB565CB96BE14A5954A20DE471B64BF29579E0D8D04F7640D98A24EA64B74FF4AEF75ECD831A3EA3C85C834687E7830E5CBE5AAB4656DAF963B47EC173FFDF453E30E1D3A549361CA1ED34194988CAC93830F59CF4AEEFFEE77BF73FEDFFFFD9F53AEFC908386DDBB779B264C98109290909055D69324CD9B373F7FF2E4C93AD21CA8D455635A0220D94BF554A5D42FDE42FD02943BE96CDC477D40BF22BF214386E4FCF0C30FC6CD9B3707DD70C30D252E0F494949AEF3122FBCF042768F1E3D42E58456BF7EFD72648A201F1F41E32BFD8A726FCFA3A3A35D2749F7EEDDAB55E4D4E7FAC5A4454D45437B0E7F6D07D98FFCA77D9B397366B0B43BD2E6848787BB66189A3D7BB6EB5CC777DF7D671C3A74684ECF9E3D437FFEF9675714402E46900B96D7AD5BE79A8A53464F15F6FBCA7653A74E758DB079E08107F48BE2F3CEC9DE7DF7DD761F3C96AACCF6ED4AE566A94A13F527AF34C354452B600AC114CF3B85EDF507E51F5904DC177E6D55B03D4F445494DD2A9D7057A28755EAA4D24EF7737DFCB1459003553908EED8B1A36B8D19A984656796397AE5247CFEED65312AD9465F905127C198575F7D354B5506D564ED083920F6B321E495C96FCA9544F2552A34FA9E9E9E6E88888828F22A05FD4A0F992FF3F3CF3F2F74B484AC5343D1F06A59D3EBCFB62A7DB57FFFFE1632776C626262A94E96C8EFDCA54B97503D2853AD5A35AD4F9F3E32EDA1551D4C849F3E7DDA205705CC9D3B37A875EBD676392829CD7F484602DE7AEBAD974E9D3A55C77D90DB297F2306C07FEA17A7D3995ED20F36180C11053D5E9AF7A27E01BC82FA807EC5655439303EF1C41396F1E3C767CB31A1EA8B1AE53CC3D75F7F6D94AB8FF593268F3EFAA845A688F1BC8A58AE4C9E38716248CF9E3D6DFA8583729253466D2F5EBC3868ECD8B1D9FADCFBF06E7F415FBB56A63F4B4E4E96F589CBBF3251EF2BEB6288C2166FA63D87BFB683EC47FED3BE49FEC87454726EF4871F7E30AD5BB7CE2C538CE9CFCF9F3F3F68D3A64D199F7CF249A6DC97408B6ACF2CCF3CF34C8E9C5F9573B0FAC850CF252964E48D0474E45C9C6AEBB2242023E7DDF4E785BEC68CB497B2FD638F3D66F3BC909E36ADC07213AB7904667EFCF1C74A5DA7456625CAF7D065D357151698D96B341A1D52007C61E1775500ABE9DFAB823E62B54A1DE4A3DC15E81E7F28810D1A3428F284AAECD4FA303759EB212828C8B5BDAA4CEC6BD6AC097EE49147F246D8A8036353FEC5A83C75E9D2C5AE2A930CF9CCCA2E0F7EC42FCB55418A1AADE5A975EBD67965B2A8E05D71DF0FE55ED66458674F39483C7AF468C3FBEFBF3F74EBD6AD259E66E4A9A79EB2A8831357E3226B91C9DA553207AADE5996396965949E8CC0928E78E3C68D33F421BCC52557ECDC76DB6DE9EAE0B0B6FBE0F04E3A5940D5AF5FBC81FA05A870D407F42BF2C8C582DBB66DCBD0EFB76AD5CA71CF3DF7583DB751F7330B7AEDCB2FBF9CF5F0C30FDB3CFB9FD25F7DEDB5D7B2D8CD2AB73DBFEFBEFBA43FE79A387FF9F2E5329AA9DCBFB0BCAFAE53A74E76DA7354B57690FDC83FDA3799A168EAD4A9AE76A77FFFFE39F9A7DF9C33678E6BFD33FD9C879C8B5DBF7E7D5EBB26E760F5F3639EED9DE78508FAD2117231B4CC62E4B1BDBDA0ED5164B9B92CF021B3BD14E742F38A60B55A65D46FFEC0D065DFAFB0A9CA525521F8E9FCF9F372254BA5469676EFDE6D54FF1199C66CAFBB92A8083677E5F3903F1DE4C6C7C7177B6E4189ECCAC819B92D07B6F25ACF13A532C2E14A0B75CB41354199AA5FAE0A22D39715A712F3A1F92E296B853BEE6EB876CA158CF7DE7B6FB58246D015E6934F3E31FFFDEF7F0FD2D7209329CC962D5B96A91F38C882AE3207B85E575CB870C120A36BE480AF242749DCC3A86BBBFF3F77684C470054F9FAC51BA85F00AFA13EA05F51A0929C18E9DFBFBF8DFEA76FB6E7722E415FD87CC9922515B246C6E2C58B9DFA67C9894DDA7354B57690FDC8FFDA376993F43562F474A5112C259D7188198ACA5C6E523CCBB1EC57AB56ADAA94D8868C7292E08C87642D5FE0B3D035643232323E95BF1F7FFC71A51E09CD9F3FFFACFBE6DA0AFA08A980FEA055DC681C0426CA157CB9ACA56AB9C33D77CA9CDDC53D59225719A80EB2453F60942B7E640DABFCA361E6CE9D6B8D8E8ECE7B4CA636EBDBB76F68710E34F583C3E3C78FD77137B0F7695CF90654F9FAC51BA85F00AFA33EA05F812ADC9E0F1932C47551DE9E3D7BB4050B1694EB177EFFFDF7B55DBB7619DC9F93E319A0A33D47556A07037C3FA27D4345959BD59E7756AC581154195FB480CFFD57FE6D8C45BCFE0383C160573B727049AE742E4F12555AB870E1D5EEBBEF55D0C7D080837285402C6BE7B4129E2C69DFBE7D357D5D1919612723A9647A89FCDBC901DFA2458B64BD19D7D539D9D9D90675A0698C8F8F0FBED24992962D5B5E721F1CEE757FBF547E62A0EAD72F158DFA05A834D407F42B5045DBF3A79E7A2AE7DA6BAF755D8CF5E28B2F6A070F1E2C972F2B6B628C1D3BD675BB4E9D3A4EF539D9B4E7A8AAED6080EF47B46FA8A872B3C8F3CE679F7D6696B57FBCF925656D22F9DCA2BE97282A3023B5C156098ECC9E3DBB52224B09090999D9D9D9B2BECC375ABE39D80000E57B90181B1B5BEDF0E1C305B60BE3C68D0BF9E1871F5CCF55AB56CD29077773E6CCB116F6C6327562972E5D6C75EBD6751D64A6A6A61AE6CE9D1B2C43390B3B4972EBADB75E540790B5B4DC2B763AD1C90202A37EA968D42F00F501F50150FEFBAF5C8CF5C61B6F64C95F59BCFCA1871E9263FE327D988CB07FECB1C79CFAFB24242458F5697DD87FC17EC47E041493C411767AEE1313264C08F1E61778F9E59783F34D632641D0ADF9B72BF280D8E974BA569E7AFDF5D78325D2E3CDFF804490A74D9BF63BF7DD1729530050B10789B2289A2C4C98FF4A56991377E6CC9979A35D3232320C4B962CC9BCD2DCA77FFEF39FB38E1F3F6EF43C19D2AB57AF50F99C824E921C3972245AFBDF306A0E0E8100A85F2A1AF50B407D407D0054DCFEDBBB776FDBA851A3F2A662BAEFBEFB4A7DC5BF5CE1DFA14307E7B66DDB5CEF3D62C4886C596788FD17EC47EC474029BCE279E71FFFF847D0975F7EE995B566366FDE6C5AB060417001DFE73733CE5CE90BC962558D7372726EDEB1638769C080013946A3772E6EBAF3CE3B33FEFBDFFF46AA9BCB559A59C93F66AC24B902FCEEBBEFB653B62BD7575F7D659642AE6E6E5229D18FFF2B942BCA95AF9030FE32957AA4A5A5D55AB76E9DB94F9F3EB6B0B030D793356AD470C6C7C7677B26595FE64A6F1A1A1AAAE57F5DFED7EAC3A839384449EBCE00DD57AB5CFD722553A64C29F0CA26A94BAEF45AEA1780FA2080EA03FA15F42B2A6DFFBDEFBEFBEC494949A67DFBF619535252E4E497161919A9B568D1422BEEF923590B43460A1C3870C07532F90F7FF8836DC1820556793DED3902A11D643FA27DA37D2B7732F3560F95FE4F7F203131D1F4D8638F15FBD8B334645FFBFDEF7F9FFF0224192D33522547FEED8BB3778F502945327EFCF8F15E19F63362C4880BDF7DF75D2D77253182A20F00154EAEE0E9AA52B2B7E6804F4F4F37DC7EFBEDE91EC3A8E96401D42FD42F00F501F501E067FBEF3FFFF9CFCCB163C766EBD3310D1B364CBBE38E3BB4193366147AE5FFF1E3C76576164DED9FCE279E78226FFA26B9C27FE9D2A599F25EECBF603F623F02CA6098961B1075397AF4A86BB49AEC1315F16132659ABCBFCC3AE3F1B0D5FD3D6C05BDC65C8CF7959DB5ABC160D83A73E6CCB09090106DEAD4A959159563AA12B2FEE52F7FA9E3FEC25259B118140078878C92BC53A52DEA2031460E12D7AE5D9B51BB766D67797F903484EDDAB53B7DE8D0A1061C1C02D42FD42F00F501F501E0DFFBEF6BAFBD96D5BA756BFBC891232D274E9C30C8944CFFDFDE9D405959D68F03BF77E6CE826052A2D2510EB8646A6EA525622A94C92F05F2A768A5296E7F3D6EC705CB93A4026280661E0CF597E951324FA05169692E6588CB5147CD70392888107886625C9065F699FFFB9DB9178771B00186CB2C9FCF390F73D7E1F2F2BEDFEFFBDCEFF33C6FB4B8A0798CFCDF77DF7D9BAEA711E6CF9F9F8A5901594D5F90C5352CAFBBEEBAEA3163C6D43A7E711C398EA003C4756626246D72EE81975F7EB970E8D0A1BD9263AEB23D2BC1B457CC9489A2CC0B2FBCD07A75B258C2ECE90DBDAFBDEB92BDD2D8D8383A9D4EAF99346952715C043AAA401D2D66CAFCEC673FDB21D55C9419996A71A11E00F276921817005C98BB3061478F648D84B5FFFEFBAF79EDB5D7E2E470B19343105FC417100FC403E8FAC76F5C2B63F1E2C5ABA74F9F5E951C7FEB966C89D1FF4F3FFD742C23D3D45A7C999CDA679F7D1AE2DA940B172E5C9DFB32D9F18BE3C871041D644AD27ED3F28128CE1C7CF0C1DB74D435676295B1C183076FD34651E677D9BF7F83321BF1F73C12C599E4E7FD37DC70439FE79F7FBE70E6CC99951D31B22982CFF0E1C3D7FCE31FFFC8CD9489A2CC23F61D80AD2277D2F6F85B6FBDB5479C24C6089E0103066C76BCCFAD6D6B1A35882FE20B8807E20174BFE33746F35F70C105B5D1E222E77FF9CB5F32AFBFFE7A5C3723BD66CD9A74EFDEBD1BFBF5EBD7F8A52F7DA961D8B061F5C9B15A9F9B01E0F8C571E438822DE08CA4C575EC47E41E8865CD62B6DA19679C513B61C284EA4D39FF2C2F2F4F4F9C38B1F8EEBBEF2EAEAAAA6AFDF45F93766A6A034B98E56436F2EF8C62494CB7FBCBDCB973FBEFB1C71EDBFCF0873FAC1D3B766CEDB6DB6EBBD1FF80F8D053A74EAD9C3469D267EAEAEA72D79489E5CBCC9401E81C27897F494E04F73AF4D0437B979595ADD99C627C9C1C7EF9CB5F5EEDC29D20BE882F807800DDFFF88D51FC49AB71FC82E308B6A2288EFC6FD2EE49DAF75A3E71D75D7715DD73CF3D4523478EAC3BE184136A63C65A6969E9067F51D4321E7AE8A1CCAC59B38A1E7EF8E1C22894B6F1B29829134599AAFFF6C1329BF08F89837ABFA4DDB676EDDAD113264C28993C7972D139E79C537BE28927D60F193264BD2A6D5B5E7EF9E582DB6FBFFD83E41FFFB99A9A9A1D5B7CE84B53CDD3F900E81C27898726EDF177DF7DF7E0EC089ECA5D77DDB5C19724403EE24B6363E32AF105C403F100F417C071E43882CD10C599EF27ED9F49BB2669EBAA2F71B9963FFCE10F9968A79F7E7A6AFFFDF7AF8FD968FDFBF76F2C292949555757A72A2A2AD2316B6DDEBC79856DCC8EC98927E29A325352FF65A64C4E6613FF3171509F98B4C149BBA1A6A666F0F4E9D34B9296DA669B6D6A76DF7DF7EA3DF7DCB368EFBDF76EBA864D7D7D7DCDC2850BD724FF80F4A2458BB649FE01BD93877B677FD77349BB2AD53CC50780CEE5C3D4C7D3ABE324B1D773CF3DB75117E8CD4DA3767208882F8078008E5FC72F388E602B89A249D4207E95B4035B3F19459AB8064DB48DFCBDAF25EDBCA43DBD316F2AD8CC7F4C14556269B3BD933629692FAE5DBBB6E0D5575FDD76F6ECD9A593264D2A8E3679F2E43EF7DF7FFF4E6FBCF1C68E5555557DB21FF667D9F71D9A529401E80A27892FC63A9C7151B3E464B15DF9237BC1C195D6B605C417403C00C7AFE3171C47B095C52554BE9C6A5EDEEC95CDFC5D51E3F87EF6F73DBDB16F2EE8A07FD0C254F3AC97AF26EDF3491B96B4FF97B4092D5A548DE2FA310352CD4BA1FD3069F3ED0B005DEF24F15BDFFA56AFA54B97A6DB7372B86CD9B29DB3C9CAC92120BE00E201387E1DBFE03882ADED8FA9E6824A4C1A999E6A5E56B03DE27577A49AEB1FF1FE99A9762E5DD65AC116F847C5C13F27FB01C7B768FF97B44752AE2103D0D54F125F8993C4A38E3A6A832378CACBCB5B9E1CBE924D584E0E01F105100FC0F1EBF805C7117416B122D84549DB35F5F184939860D27AC2C9B0ECF3F1BA98903227B58905999C02DB1E808D3C491C99B4857172182378E264B0E50BB2171C5CD3E2E4D0881D407C01C40370FC3A7EC171049DD9F25473C12526988C4FAD3FE1644EF6F90EA33003C0C65A963DE95B9C5BFBF69D77DE29C89D1CC6889D7FFFFBDF3B655FF76D278780F8028807E0F875FC82E308F898C20C009B6271D20ECF9D240E1D3AB4D7DCB9730B5B4CA35E967D7EB94D05882F8078008E5FC72F388E808F29CC00B0A996B53C493CF2C823B7C99E1CCE4FDA5753EDBF701A80F8028807E0F8051C47D06328CC00B0B927897101B477B3F757A49AA7511BB103882F4047C783F7B2F73F100F403E0779D071045D99C20C009B6B71D2EECBDE9E99326207105F802D130F8AB3B72BC40390CF411E04BA328519003AC247D99FEFDB1480F8026C01A392B66DF6F66E49DBD72601F91CE441A0AB5298010000A0B3BBA9C5EDAAA45D639300200F025D55C626008054DFA40D4EDA81492BB539365B5DAAF962947352CDD3EC0171127172730C4F358F0ECEE99DB4FF4D358F167ECDE601E44BF9521E04BA1A8519007AAC1D77DCF1E84C2673FDF2E5CBF76B6868308B744B9C6864324FD5D5D55D9DED4C01E224E2E4A6F8BF361E8B0B204F4ADA71360F205FCA97F220D0E5E29A4DD02E314530B566CD1A5BA213A8A8A888B569FBA59A474ED8AFB05FB12976D979E79D7FF7EEBBEF1E12777AF7EEDD3864C890BA7DF7DDB721B96DEB6CA6886B8B172F2E78ECB1C70A93DB87270FFD3D698F24EDA2A42DB485409C1427C5C98D704CD206B5F1F88ED9E78C16D6AFD0AF40BE942FE541F90DF9ADCB5198699F57E28FF9F3E71BF5D009CC9B372F1708E6DBAFB05FB10906EDB0C30EFF483A4F7DB7DF7EFBC6F3CE3BAFF6473FFA51CDB6DB6EDB68D374AC55AB56A56FBDF5D6A21B6EB8A1F8BDF7DEFB9F6C472A3A548B6D1D10271127DBE9964F792E460BC71AFB27EAAFEA57E857205FCA97F2A0FC86FCD69528CCB4CF73E974BA7EEEDCB985910C24D9AD9B8CCBCACA76CADE9D63BFC27EC546DA253A4F2B56ACE87BC41147D4FFE637BFA91C3060C07AC7DEA449938A1F78E0814C22555050903AFBECB36BCF38E38C5A9B6EE3455CBBE28A2B6ACE3CF3CCDA534E39A5F4F1C71FDF2579F8A9A40D4B19110EE224E2E47FB7A151C239FD93362265D68C7E857E05F2A57C290F76C73C28BFC96FDD5AA14DD02E5585858547565757EF565C5CDC3874E8D07A9B64EB983C79F2DA279E78E2B3D920709BFD0AFB55A73134DB9EECCC497AE79D777E6CF9F2E57B44E7E9CF7FFE7365D2995A7762575757973AF8E0837B3FFDF4D399050B1614FCEB5FFF2A686C6C2C58B46851C1C30F3F9C39FEF8E3EBA243C5C68B651CBEFFFDEFD7BDF8E28B850B172E8C0BA2EE99B47BBBF3BE46CF8B2FDD8538D92DE26477F258AAF942DA9FE68354F39756F7EBAFEA57E857C8E7F2A57C290FCA6FC86F5D854CD04EF5F5F5D7C6CFE9D3A717979797A76D91FC5BB162457AEAD4A9C5D9BB13EC57D8AFD8187141CE58FB3996199839736665EBD136279D7452AFB7DE7A2B3A4EE9E84C8565CB96A59E79E6998238F1BFF9E69B8B6DC54D17230567CC9851D5AF5FBFD8B8FF93ED9803E224E2E486C428E041ED78DD0E491B9D7DBDFEAA7E857E05F2A57C290FCA6FC86F5D821933EDB73869075756567EB1ACACAC70F4E8D175252525B64A9EC4C9CCB061C3DE5FBA7469249AB8D0DB75F62BEC579DCAD054271F01B7DD76DBCD5EB56A55FF58F779E4C891EB8DB4993D7B76E6A1871E2A5EB264497AFFFDF74F0D183020F5FEFBEFA7721DA9952B57A693FB05E79C738EA50736438C708BD1827FFDEB5F33D94EC68CEEB8AFD1F3E24B77214E769B38D95DACCE76FE5BB674361EC4ED61AD9E5BADBFAA5FA15F219FCB97F2A53C28BF21BF751566CC6C9CF392B630D6361C316244AFA818DA245B5E6CE7C18307BFFFD24B2F0D4CEE2E4BDA45F62BEC576CA4BECB972FDF2F39816F1C3B76EC273A41CF3FFF7CE19A356BD2E79F7F7EEAC4134F4C9D75D659A9134E382175CC31C7A43EF399CF34BDE63FFFF98F63B30324DBB8B657AF5ED5D90E453F5B04C449C449F42BF42B902F912F91DFE4B79EC68C998DF351D2FE94B4114B962CE977C71D7714565656A60F3AE8A006D5DA8E1717968A350C478F1E9DCE566623081C9EB445F62BEC579DCED054E71E0137B4B1B1F1D4A38E3AAA3E2E18D9FAC9E4042F535C5C1CCB0AA492D7C49AD0A9E38F3F3E3570E0C0D421871C92FAEA57BF9A8AA50A468D1A6564DB668AB8F6ECB3CFD62D58B020025C59D2DEE866FB1A3D2FBE749BED2C4E769B38291EE8AFEA57E857387EE54BF9D27124BF21BF7572199B60A32D4E354F17BCED830F3E183161C284C22953A6141C76D86155071C7040494CA764F35454547C346FDEBC8FCACACA76AAADADDD29FB704C97BB28BBFDED57D8AFD85807C61F7BEDB557435B4FF6EDDBB7F1AEBBEE6A282D2D5D6F26E9D7BFFEF5A616AEBEFAEA469BB1637CF18B5F2C7DF8E1879BFE4B6C0D10271127D1AFD0AF40BE44BE447E93DF7A1A85994D1395C291A9E62AF5B8EAEAEAA14F3CF1C4B649B3653A46BFD4C7D350E7A49AD7CA9C63BFC27EC566288D3F3674B2F6ED6F7FBBEEC1071F2C38E9A49336B8C46763636383CDD8315AFC3F380F0171127112FD0AFD0AE44BE44BE437F9ADC711B836CF9C6CEB9BB4C1A9E69113A536CB668BABE2CDCF6EDB0AFB95FDCA7EC596B6CF3EFB34FCFDEF7FAF5FBD7A75AA4F9F3E45AD9F2F2F2FAF491E37B20D1027C549D0AF40BF02F912E437F98DCDA630D3313E4C354FED7AC4A6C07E055D4FACA15A5F5F5F78E1851766EEBEFBEE4F3C7FD55557156DB7DD76F56FBDF556C19E7BEE69841B204E8A93A05F01C89720BFC126539801A0C7AAABAB4BDD7EFBEDA56BD7AECD5C7EF9E5E90DBDEE8E3BEE88E732975E7A69E12EBBEC523B72E4C85A1D29409C14270140BE04605314D80400F444555555A90B2FBCB0F731C71C53B472E5CA7474A6FE9B3E7DFAA4C78E1D5BFCFCF3CF974C9B36ADD85604C449711200F952BE04606329CC00D023DD74D34DDB8C1F3FBE60D0A041A93163C6A466CE9CF9A9AFFFE31FFF983AF6D8639B6E9F7AEAA999A38F3EBA60EAD4A93A518038294E02205FCA97006C148519007AA4EAEAEAC2FEFDFB37DDDE638F3D62D45A6AD2A449A98A8AF5AF71F7E1871FA6A64C9992CA6432A9C18307AF7B7CEFBDF72E5ABD7A75DA9604C449711200F952BE046063B8C60C00248E3BEEB8D4D0A14363DDE7D47BEFBD972A2929697ABC6FDFBEA9D34F3F3D95EB6C018893E22400C897006C0E8519007ABC3973E634759EA2B374F9E597B7EBB500E2A4380900F225009BC2526600E840259DA22DF15A00711200E44BF91280D61466000000000000F24461060000000000204F1466000000000000F224631300D0137DF0C107F5575F7D75D3ED279F7C32DDD0D0D0D89EF7B57CEDCA952B6D48409C142701902FE54B00368AC20C003DD2B469D3D6DA0A00E22400C89700E49BA5CC000000000000F24461060000000000204F1466000000000000F24461060000000000204F1466000000000000F24461060000000000204F1466000000000000F24461060000000000204F146600600B5BB16245DA5600D834757575ED7AAC3DCF014077CE979B9203972E5DAAAF02B015646C0200BAB8FE495BDE993FE0CD37DF5CBCC71E7B348C1933A67643AF292F2F4F5755557DA2533477EEDCC2E4F1D4B9E79EDBF4DE55AB56A52B2A2A3EB5F3545959999A32654AF18D37DE58BDC30E3B34C663EFBCF34E9B8331162D5A947EE0810732C967ACB62B8138D9192D5DBAB4E0C1071FCC5C7CF1C53571FFD9679F2DFCDDEF7E97F9F9CF7FDE66DC1A356A54AF3BEFBCB3EAF39FFF7C63CBC7230E663299C601030634DA2500E86EF9F2DE7BEF2D4A725D7AFCF8F1351BF3BEC8AB8B172F2EB8E28A2B6AEC0200F9A330034057579EB43F26EDD2A42DEEAC1F72975D7669F8B4E75B1665EEBBEFBEA6FC7CD24927D51D71C411F52D5F575454D458595999EED5AB57D3FDEF7DEF7BA53367CEAC8A916EF145E5A5975E5A1BCF4D9830A12693F938CD47B126F79EB163C7965C72C92535F1E5E46EBBEDD618EF89D1752D5F0F88939DC5AEBBEEDAB064C992F4DFFEF6B7C26F7EF39BF54F3DF554E18F7FFCE336BF3CBAF3CE3B8BA28013459937DE78A32062632EB67DF8E187E9285627B1AF29AECE9A352B3371E2C492D5AB57A7FAF6ED9BBAFEFAEBAB860F1F5E6F7701902FBB62BEBCFDF6DB8B2EBBECB29AC8972D1F7FE595570A93F3FF757933062AFCEA57BF2ADA7DF7DDD7F54FDE7EFBED82C8A1B9FBCF3CF34CE1ADB7DE5A555A5A2A5F026C21BE8101A03B382E69DF49DA9F92767167EF48C50C98193366149D75D659B5B92F0CE38BC7DCF3FDFAF56B6CFD584E748EF6D9679F8696F7B3AF2BD86EBBED9A6EB7556469F99E3E7DFA348D186FEBF703E2646711CB40C64C99B8BDFDF6DB372E5CB8B0205A149AE3F118DD5B515191BAEDB6DB9A66CEC4174DFDFBF76F8C78175F227DF7BBDFAD4B6EB7F9BBE3B563C78E2D2D2B2B5B13459C871E7A285EDF6BE9D2A56BB6DD765B336A00E4CB2E932F431455AEBCF2CA9A638F3DF6136B99DD72CB2DC549CE5B777FDCB871C5A79C724A5D92FF1A162C585010F932FA258F3EFA68E1D7BEF6B586575F7DB520D797902F01B61C851900BA8B9871322A692392F6606A2B8D748BA24BD2A9C944F123F7D89B5A86180800000B3B494441546FBE5990DC2F6CF19AA611DCB13C4F7B8B236FBDF556C19E7BEED9F4DA5FFEF29745519089593831023C46C52D5FBE3C9D1B519EB4CCC081031B72CB9FB516AF8D8E58EEFE071F7C10CBA8A55A2FFB0388935B53CC6E39E594536A23DE9D76DA69A5E3C68DAB8AC7AFBAEAAA926F7CE31B7549FC5C2FC645DC8D2FA44E3EF9E4D24B2EB9A4B6AD251C67CC9891B9E0820B6AA3B873D14517D5E4E25EBC6FE5CA954D4B45FAA20940BEEC4AF932F2DD8B2FBE5870D45147D5E766CBC4E085C30F3FBC3EFA0F2DFB2521963AFBEC673FDB98E4C3D2A953A756E766CAC46CFD98591F83BCA64D9B561DF957BE04D872146600E86EE28BB8DC48B787B21DA9BC890ECC77BEF39DF546AADD7BEFBD8D7DFBF66D8C25785ABF3E8A228F3DF658616E964C88424EFCCC75AC962D5B56F0D24B2F155C7FFDF54D1DA428EA4451267E5F1460E2672CD9B360C182A6DBD1111B34685053E1250A2EB367CFCEC428F2DCEF8FCED4AC59B38A72CBAB251DB9C2786CE2C489D596330371B2338998D75E51C8892F97FAF4E993DA7FFFFDEB172D5A54104B38B65CEA71CC98317511E762564DD2D62DEB72CB2DB71425EF691830608099840074997C19E7FA4F3CF144E179E79D577BFFFDF7175D7BEDB54DB348AFBAEAAACCA1871EDAE672634545454DD7C04C725F55F4456209B433CF3CB369B04372BBEAA4934EEA952BBCC897005B8E6F5F00E848D774A2CF1223DD6294DBB1497B7F6B7E90254B96141C72C821F56D2D3116A3D562F980968F4561257EB628E4D48F1933E613BFB7BCBCBCE9BA34F145641476DE7FFFFD747C01D9F235F1A5662C5590BB1F9F61E0C0814D459A238F3CB23E3E4F5B05A33C199AB4F15D781FA3E7C697EEA2D3C4C94D115F465D77DD7525E3C68D6B2A5AC7CCC2F822296612B65AF671DD528F6DFD9E585AF2DA6BAF2D993B77EEDA4E589CDE9438290E008EE31E922F57AD5A958E65C8DA9A251A8313E2DCBFB5183016059C28CA5C72C9252571BDCA984D7FE59557961C77DC7175F7DD775FA57CE9F801B63C851900BAFBC96274A4B68F1B8D8D8DE97CFFE5718D84B8B0E6F1C71F5FF7C0030F644E38E184BA8EFADD718D852953A654FFF6B7BF2D7AE69967D2D75D775DF50F7EF0835E43860CA9CFCD9869EDD9679F2D8C22D111471C517FEFBDF7168D1933A6762BFEDF1C996DA033DA83E3E486C43AF6A5A5A54D85E42870E76611C6B28D492C8BEBC9A4870E1D5A175F2CC52C99284CC7322CAFBFFE7A417BFF8EF1E3C717DF73CF3D45BFFFFDEF2B73CB457632E224209FCB971B14B34573B7FFF9CF7F16E496257BFBEDB763E9E4C6583AB9E5CCF91003C362B6FDA9A79E5AFAD39FFEB469864D797979C145175D547BFAE9A79746D125960C3DF9E493EB72831AE44B808EA730034047B8BB1376ECFE9DB40F93B66BD25646BF259D4EE77D1DE4C99327179F7DF6D9B5D1698A6BBBBCF0C20B7151CDCD9EA112CB9BE546848F1C39B26EC1820571DD98C66BAEB9A6BAACACACB0ADF7C488B949932615CF9E3DBB2A9626B8EFBEFB3251386AD9A1CBB3279336A70BEE73F49CF8D25D74EA38B921B90B1847EC8A02776E76DF9C39733243860C69683D03269E6F6BC4F0865C76D96525714DAEE79E7B6EED568C835B324E8A0B80E3B607E4CB9C030E38A02166CFC4EDF8F9E8A38F16C62C98891327D6CC9D3BB7300666C5608658FA2C72EBF0E1C3EB5F7BEDB5C24C2653DFB2BFF08B5FFCA2EAD5575F5D772D4CF9D2F1046C190A33007484C5A9AD3775BC7507EA9F495B9A6A9ECEFE54D246675BDE47E6C588B59D77DEB9315788890B4EC79ACD175E78614D748C36E777C728F258022D962F88E57C72CB95C5EF5DB060419B5F4C4651263E43EE429DE79C734E5C6FA1F4273FF9494D47148B36C19C94257AE8DCF1A5BBE8B471B23DA64E9D5A7CFAE9A777E8ECBE59B366656EBAE9A6E2987518B30F738FC78C9B4E763163711290CFE5CB4D128597AF7CE52B95514CB9F1C61B8B63567DCC96C9CDE08FA2CC81071E58DF7259E319336634C43564A2C997005B96C20C00DDC5CB497B3769DF4ADA3B491B96B417B3CF8DCEE707899166F145622C1B3076ECD89A96CFDD79E79D5523468CE8B5FDF6DB374E9B36AD6AC08001EB3A34B10C4F14731E7FFCF1CC95575E59B3A1DF1F859841830635BD2F3A44B9224F5C73E6E1871FCE3CF9E493855FF8C2171A5ABE3EE94C151F7DF4D1F5D121CB3D1E1DB3E43354C7E739ECB0C3EA2FBFFCF29A4EBA3401D0CDE2647BCD9E3D3B136BE1B72C66575757B7EBBDB90B1ABFFBEEBBE9CF7DEE73EB7D79B47AF5EAF4A9A79E5ADB7AD9B351A346C5174DF61400F9B24BE5CBB8DEE49B6FBE59104B27F7E9D3E71339EFD7BFFE75D1BEFBEE5B1FC59A96CFBDF2CA2B85ADFA1969F912203F146600E80EFE9CB4AF276D51D20E8D3EC6D6FA20F145E00B2FBC5070FEF9E7D746E1A3F5F3514879F2C927D7C6BACE2D8B3221EE8F1F3FBE269624FBB4193551F069AB8012EF8B6BD9442126578089DB2FBFFC72E1D8B1636BDB1AD5164B143CFDF4D36B63968DA20C88939D4514B8E322C37BEFBD7743EB6B730D1C38B0A1F5974E39319B70F8F0E14DAF8F181CC5F128949F76DA69EBCDB889255E72CBBD004057CD972DFB18B7DC724B552C9BBC78F1E2F58A2871CD98DB6EBBAD6ABFFDF65BEF5C7FAFBDF6AA8F7EC56EBBEDB62EA7C6602DF912203F146600E80EE24BB8C393F6DAD6FE20F14560EB91686D896BC36CE8B973CF3DF7533B3FADBFA46CFDF7C77265B9FB711D9A96B36436F49EADB49419D003E364BB3A29994C6A435F04B58C71AD45813AB7B463EEF78C1B37AEC67F3F00DD315FB6144B96E5AECFD61E2DF365CEC5175F2C6702E4ABCF631300D0C57D3E69CB6D0600711200E44B00BA82029B00802E4EE709409C0400F912802E4361060000000000204F1466000000000000F24461060000000000204F1466000000000000F24461060000000000204F1466000000000000F24461060000000000204F1466000000000000F24461060000000000204F1466000000000000F24461060000000000204F1466000000000000F24461060000000000204F1466000000000000F24461060000000000204F1466000000000000F24461060000000000204F1466000000000000F24461060000000000204F1466000000000000F24461060000000000204F1466000000000000F24461060000000000204F146600E809AAE28F356BD6D8129D404545C547D99B75B6068893889300F225F225D0D328CC00D013BC127FCC9F3F5FDEEB04E6CD9B97EB40CDB735409C449C04902F912F819E462201A027782E9D4ED7CF9D3BB770D5AA55699B63EB89ED5F5656B653F6EE1C5B04C449C44900F912F912E869146600E8093E2C28287872CD9A35E91B6FBCB1C8E6D87A92EDBFA6B6B6B677B6F354618B8038893809205F225F023D8DC20C003D427D7DFDB5F173FAF4E9C5E5E5E546B76D052B56AC484F9D3AB5387B77822D02E224E224807C897C09F444853601003DC4E2A41D5C5959F9C5B2B2B2C2D1A347D7959494D82A79525757971A366CD8FB4B972EED9FDC7D2469D7D92A204E224E02C897C897404FA43003404FF254D2462D59B2A4DF33CF3C533862C488BADEBD7BDB2A5B588C688BCED34B2FBD3430B9BB2C69DF4DDAFBB60C8893889300F225F225D01329CC00D0937C94B43F256D4474A2EEB8E38EC2CACACAF441071DD460945BC78B0B724E9E3C79EDE8D1A3D3D9116DD1793A3C698B6C1D1027112701E44BE44BA0A7B21626003DD12E49BB2D3A527127E93CD51E76D86155071C704089916E9BAFA2A2E2A379F3E67D545656B653F6829C219619B828690B6D211027C549711240BE44BE047A328519007AB2A1491B97FD99B139B68839A9E60B72CEB129409C449C04902F912F0114660020F44DDAE0A41D98B4529B63B3D5256D7EB6D35461738038893809205F225F0200000000000000000000000000000000000000000000000000D015FC7F456447366412B3940000000049454E44AE426082, NULL);
INSERT INTO `act_ge_bytearray` VALUES ('1540583167985500161', 1, 'source', NULL, 0x3C3F786D6C2076657273696F6E3D22312E302220656E636F64696E673D225554462D38223F3E0A3C646566696E6974696F6E7320786D6C6E733D22687474703A2F2F7777772E6F6D672E6F72672F737065632F42504D4E2F32303130303532342F4D4F44454C2220786D6C6E733A7873693D22687474703A2F2F7777772E77332E6F72672F323030312F584D4C536368656D612D696E7374616E63652220786D6C6E733A7873643D22687474703A2F2F7777772E77332E6F72672F323030312F584D4C536368656D612220786D6C6E733A666C6F7761626C653D22687474703A2F2F666C6F7761626C652E6F72672F62706D6E2220786D6C6E733A62706D6E64693D22687474703A2F2F7777772E6F6D672E6F72672F737065632F42504D4E2F32303130303532342F44492220786D6C6E733A6F6D6764633D22687474703A2F2F7777772E6F6D672E6F72672F737065632F44442F32303130303532342F44432220786D6C6E733A6F6D6764693D22687474703A2F2F7777772E6F6D672E6F72672F737065632F44442F32303130303532342F44492220786D6C6E733A62706D6E323D22687474703A2F2F7777772E6F6D672E6F72672F737065632F42504D4E2F32303130303532342F4D4F44454C2220786D6C6E733A64633D22687474703A2F2F7777772E6F6D672E6F72672F737065632F44442F32303130303532342F44432220786D6C6E733A64693D22687474703A2F2F7777772E6F6D672E6F72672F737065632F44442F32303130303532342F44492220747970654C616E67756167653D22687474703A2F2F7777772E77332E6F72672F323030312F584D4C536368656D61222065787072657373696F6E4C616E67756167653D22687474703A2F2F7777772E77332E6F72672F313939392F585061746822207461726765744E616D6573706163653D22687474703A2F2F666C6F7761626C652E6F72672F62706D6E222069643D226469616772616D5F50726F636573735F31363533373238353337353130223E0A20203C70726F636573732069643D2273756222206E616D653D22E5AD90E6B581E7A88B2220697345786563757461626C653D2274727565223E0A202020203C73746172744576656E742069643D224576656E745F30306731396278223E0A2020202020203C657874656E73696F6E456C656D656E74733E0A20202020202020203C666C6F7761626C653A666F726D446174613E3C2F666C6F7761626C653A666F726D446174613E0A2020202020203C2F657874656E73696F6E456C656D656E74733E0A202020203C2F73746172744576656E743E0A202020203C757365725461736B2069643D2241637469766974795F316C3932796F7022206E616D653D22E794B3E8AFB7E4BABA223E0A2020202020203C657874656E73696F6E456C656D656E74733E0A20202020202020203C666C6F7761626C653A666F726D446174613E3C2F666C6F7761626C653A666F726D446174613E0A2020202020203C2F657874656E73696F6E456C656D656E74733E0A202020203C2F757365725461736B3E0A202020203C73657175656E6365466C6F772069643D22466C6F775F313476306E6B372220736F757263655265663D224576656E745F3030673139627822207461726765745265663D2241637469766974795F316C3932796F70223E3C2F73657175656E6365466C6F773E0A202020203C73657175656E6365466C6F772069643D22466C6F775F317935716930732220736F757263655265663D2241637469766974795F316C3932796F7022207461726765745265663D2241637469766974795F30343274327930223E3C2F73657175656E6365466C6F773E0A202020203C73756250726F636573732069643D2241637469766974795F3034327432793022206E616D653D22E5AD90E6B581E7A88B223E0A2020202020203C657874656E73696F6E456C656D656E74733E0A20202020202020203C666C6F7761626C653A666F726D446174613E3C2F666C6F7761626C653A666F726D446174613E0A2020202020203C2F657874656E73696F6E456C656D656E74733E0A2020202020203C73746172744576656E742069643D224576656E745F3070646B793462223E0A20202020202020203C657874656E73696F6E456C656D656E74733E0A202020202020202020203C666C6F7761626C653A666F726D446174613E3C2F666C6F7761626C653A666F726D446174613E0A20202020202020203C2F657874656E73696F6E456C656D656E74733E0A2020202020203C2F73746172744576656E743E0A2020202020203C757365725461736B2069643D2241637469766974795F306463706A773922206E616D653D22E5AD90E6B581E7A88B312220666C6F7761626C653A61737369676E65653D223131223E0A20202020202020203C657874656E73696F6E456C656D656E74733E0A202020202020202020203C666C6F7761626C653A666F726D446174613E3C2F666C6F7761626C653A666F726D446174613E0A20202020202020203C2F657874656E73696F6E456C656D656E74733E0A2020202020203C2F757365725461736B3E0A2020202020203C73657175656E6365466C6F772069643D22466C6F775F3066327A6376692220736F757263655265663D224576656E745F3070646B79346222207461726765745265663D2241637469766974795F306463706A7739223E3C2F73657175656E6365466C6F773E0A2020202020203C6578636C7573697665476174657761792069643D22476174657761795F3134396972396D222064656661756C743D22466C6F775F31366370746875223E3C2F6578636C7573697665476174657761793E0A2020202020203C73657175656E6365466C6F772069643D22466C6F775F3166767164686E2220736F757263655265663D2241637469766974795F306463706A773922207461726765745265663D22476174657761795F3134396972396D223E3C2F73657175656E6365466C6F773E0A2020202020203C757365725461736B2069643D2241637469766974795F31766F6164703622206E616D653D22E5AD9028E68E92E4BB963129223E0A20202020202020203C657874656E73696F6E456C656D656E74733E0A202020202020202020203C666C6F7761626C653A666F726D446174613E3C2F666C6F7761626C653A666F726D446174613E0A20202020202020203C2F657874656E73696F6E456C656D656E74733E0A2020202020203C2F757365725461736B3E0A2020202020203C73657175656E6365466C6F772069643D22466C6F775F31376F3735633122206E616D653D22E5A4A7E4BA8E32E5A4A92220736F757263655265663D22476174657761795F3134396972396D22207461726765745265663D2241637469766974795F31766F61647036223E0A20202020202020203C636F6E646974696F6E45787072657373696F6E207873693A747970653D2274466F726D616C45787072657373696F6E223E3C215B43444154415B247B656E746974792E6475726174696F6E3E322E307D5D5D3E3C2F636F6E646974696F6E45787072657373696F6E3E0A2020202020203C2F73657175656E6365466C6F773E0A2020202020203C757365725461736B2069643D2241637469766974795F3165387376616522206E616D653D22E5AD9028E68E92E4BB963229223E0A20202020202020203C657874656E73696F6E456C656D656E74733E0A202020202020202020203C666C6F7761626C653A666F726D446174613E3C2F666C6F7761626C653A666F726D446174613E0A20202020202020203C2F657874656E73696F6E456C656D656E74733E0A2020202020203C2F757365725461736B3E0A2020202020203C73657175656E6365466C6F772069643D22466C6F775F313663707468752220736F757263655265663D22476174657761795F3134396972396D22207461726765745265663D2241637469766974795F31653873766165223E3C2F73657175656E6365466C6F773E0A2020202020203C757365725461736B2069643D2241637469766974795F3039656979706C22206E616D653D22E5AD90E6B581E7A88B32223E0A20202020202020203C657874656E73696F6E456C656D656E74733E0A202020202020202020203C666C6F7761626C653A666F726D446174613E3C2F666C6F7761626C653A666F726D446174613E0A20202020202020203C2F657874656E73696F6E456C656D656E74733E0A2020202020203C2F757365725461736B3E0A2020202020203C73657175656E6365466C6F772069643D22466C6F775F303979326861372220736F757263655265663D2241637469766974795F3165387376616522207461726765745265663D2241637469766974795F3039656979706C223E3C2F73657175656E6365466C6F773E0A2020202020203C73657175656E6365466C6F772069643D22466C6F775F3165786832306B2220736F757263655265663D2241637469766974795F31766F6164703622207461726765745265663D2241637469766974795F3039656979706C223E3C2F73657175656E6365466C6F773E0A2020202020203C656E644576656E742069643D224576656E745F30393270753537223E3C2F656E644576656E743E0A2020202020203C73657175656E6365466C6F772069643D22466C6F775F306869696776642220736F757263655265663D2241637469766974795F3039656979706C22207461726765745265663D224576656E745F30393270753537223E3C2F73657175656E6365466C6F773E0A202020203C2F73756250726F636573733E0A202020203C757365725461736B2069643D2241637469766974795F30746165716F3222206E616D653D22E680BBE7BB8FE79086223E0A2020202020203C657874656E73696F6E456C656D656E74733E0A20202020202020203C666C6F7761626C653A666F726D446174613E3C2F666C6F7761626C653A666F726D446174613E0A2020202020203C2F657874656E73696F6E456C656D656E74733E0A202020203C2F757365725461736B3E0A202020203C73657175656E6365466C6F772069643D22466C6F775F3178376D3374312220736F757263655265663D2241637469766974795F3034327432793022207461726765745265663D2241637469766974795F30746165716F32223E3C2F73657175656E6365466C6F773E0A202020203C656E644576656E742069643D224576656E745F30777378667068223E3C2F656E644576656E743E0A202020203C73657175656E6365466C6F772069643D22466C6F775F313876706A38702220736F757263655265663D2241637469766974795F30746165716F3222207461726765745265663D224576656E745F30777378667068223E3C2F73657175656E6365466C6F773E0A20203C2F70726F636573733E0A20203C62706D6E64693A42504D4E4469616772616D2069643D2242504D4E4469616772616D5F737562223E0A202020203C62706D6E64693A42504D4E506C616E652062706D6E456C656D656E743D22737562222069643D2242504D4E506C616E655F737562223E0A2020202020203C62706D6E64693A42504D4E53686170652062706D6E456C656D656E743D224576656E745F30306731396278222069643D2242504D4E53686170655F4576656E745F30306731396278223E0A20202020202020203C6F6D6764633A426F756E6473206865696768743D2233362E30222077696474683D2233362E302220783D2238322E302220793D223139322E30223E3C2F6F6D6764633A426F756E64733E0A2020202020203C2F62706D6E64693A42504D4E53686170653E0A2020202020203C62706D6E64693A42504D4E53686170652062706D6E456C656D656E743D2241637469766974795F316C3932796F70222069643D2242504D4E53686170655F41637469766974795F316C3932796F70223E0A20202020202020203C6F6D6764633A426F756E6473206865696768743D2238302E30222077696474683D223130302E302220783D223137302E302220793D223137302E30223E3C2F6F6D6764633A426F756E64733E0A2020202020203C2F62706D6E64693A42504D4E53686170653E0A2020202020203C62706D6E64693A42504D4E53686170652062706D6E456C656D656E743D2241637469766974795F30343274327930222069643D2242504D4E53686170655F41637469766974795F3034327432793022206973457870616E6465643D2274727565223E0A20202020202020203C6F6D6764633A426F756E6473206865696768743D223335302E30222077696474683D223633302E302220783D223330302E302220793D2235302E30223E3C2F6F6D6764633A426F756E64733E0A2020202020203C2F62706D6E64693A42504D4E53686170653E0A2020202020203C62706D6E64693A42504D4E53686170652062706D6E456C656D656E743D224576656E745F3070646B793462222069643D2242504D4E53686170655F4576656E745F3070646B793462223E0A20202020202020203C6F6D6764633A426F756E6473206865696768743D2233362E30222077696474683D2233362E302220783D223333312E363636363636363636363636372220793D223139322E30223E3C2F6F6D6764633A426F756E64733E0A2020202020203C2F62706D6E64693A42504D4E53686170653E0A2020202020203C62706D6E64693A42504D4E53686170652062706D6E456C656D656E743D2241637469766974795F306463706A7739222069643D2242504D4E53686170655F41637469766974795F306463706A7739223E0A20202020202020203C6F6D6764633A426F756E6473206865696768743D2238302E30222077696474683D223130302E302220783D223430302E302220793D223137302E30223E3C2F6F6D6764633A426F756E64733E0A2020202020203C2F62706D6E64693A42504D4E53686170653E0A2020202020203C62706D6E64693A42504D4E53686170652062706D6E456C656D656E743D22476174657761795F3134396972396D222069643D2242504D4E53686170655F476174657761795F3134396972396D223E0A20202020202020203C6F6D6764633A426F756E6473206865696768743D2235302E30222077696474683D2235302E302220783D223532382E302220793D223138352E30223E3C2F6F6D6764633A426F756E64733E0A2020202020203C2F62706D6E64693A42504D4E53686170653E0A2020202020203C62706D6E64693A42504D4E53686170652062706D6E456C656D656E743D2241637469766974795F31766F61647036222069643D2242504D4E53686170655F41637469766974795F31766F61647036223E0A20202020202020203C6F6D6764633A426F756E6473206865696768743D2238302E30222077696474683D223130302E302220783D223538302E302220793D2238302E30223E3C2F6F6D6764633A426F756E64733E0A2020202020203C2F62706D6E64693A42504D4E53686170653E0A2020202020203C62706D6E64693A42504D4E53686170652062706D6E456C656D656E743D2241637469766974795F31653873766165222069643D2242504D4E53686170655F41637469766974795F31653873766165223E0A20202020202020203C6F6D6764633A426F756E6473206865696768743D2238302E30222077696474683D223130302E302220783D223538302E302220793D223235302E30223E3C2F6F6D6764633A426F756E64733E0A2020202020203C2F62706D6E64693A42504D4E53686170653E0A2020202020203C62706D6E64693A42504D4E53686170652062706D6E456C656D656E743D2241637469766974795F3039656979706C222069643D2242504D4E53686170655F41637469766974795F3039656979706C223E0A20202020202020203C6F6D6764633A426F756E6473206865696768743D2238302E30222077696474683D223130302E302220783D223732302E302220793D223137302E30223E3C2F6F6D6764633A426F756E64733E0A2020202020203C2F62706D6E64693A42504D4E53686170653E0A2020202020203C62706D6E64693A42504D4E53686170652062706D6E456C656D656E743D224576656E745F30393270753537222069643D2242504D4E53686170655F4576656E745F30393270753537223E0A20202020202020203C6F6D6764633A426F756E6473206865696768743D2233362E30222077696474683D2233362E302220783D223836322E302220793D223139322E30223E3C2F6F6D6764633A426F756E64733E0A2020202020203C2F62706D6E64693A42504D4E53686170653E0A2020202020203C62706D6E64693A42504D4E53686170652062706D6E456C656D656E743D2241637469766974795F30746165716F32222069643D2242504D4E53686170655F41637469766974795F30746165716F32223E0A20202020202020203C6F6D6764633A426F756E6473206865696768743D2238302E30222077696474683D223130302E302220783D223936302E302220793D223138352E30223E3C2F6F6D6764633A426F756E64733E0A2020202020203C2F62706D6E64693A42504D4E53686170653E0A2020202020203C62706D6E64693A42504D4E53686170652062706D6E456C656D656E743D224576656E745F30777378667068222069643D2242504D4E53686170655F4576656E745F30777378667068223E0A20202020202020203C6F6D6764633A426F756E6473206865696768743D2233362E30222077696474683D2233362E302220783D22313039322E302220793D223230372E30223E3C2F6F6D6764633A426F756E64733E0A2020202020203C2F62706D6E64693A42504D4E53686170653E0A2020202020203C62706D6E64693A42504D4E456467652062706D6E456C656D656E743D22466C6F775F313876706A3870222069643D2242504D4E456467655F466C6F775F313876706A3870223E0A20202020202020203C6F6D6764693A776179706F696E7420783D22313036302E302220793D223232352E30223E3C2F6F6D6764693A776179706F696E743E0A20202020202020203C6F6D6764693A776179706F696E7420783D22313039322E302220793D223232352E30223E3C2F6F6D6764693A776179706F696E743E0A2020202020203C2F62706D6E64693A42504D4E456467653E0A2020202020203C62706D6E64693A42504D4E456467652062706D6E456C656D656E743D22466C6F775F3178376D337431222069643D2242504D4E456467655F466C6F775F3178376D337431223E0A20202020202020203C6F6D6764693A776179706F696E7420783D223933302E302220793D223232352E30223E3C2F6F6D6764693A776179706F696E743E0A20202020202020203C6F6D6764693A776179706F696E7420783D223936302E302220793D223232352E30223E3C2F6F6D6764693A776179706F696E743E0A2020202020203C2F62706D6E64693A42504D4E456467653E0A2020202020203C62706D6E64693A42504D4E456467652062706D6E456C656D656E743D22466C6F775F31793571693073222069643D2242504D4E456467655F466C6F775F31793571693073223E0A20202020202020203C6F6D6764693A776179706F696E7420783D223237302E302220793D223231302E30223E3C2F6F6D6764693A776179706F696E743E0A20202020202020203C6F6D6764693A776179706F696E7420783D223330302E302220793D223231302E30223E3C2F6F6D6764693A776179706F696E743E0A2020202020203C2F62706D6E64693A42504D4E456467653E0A2020202020203C62706D6E64693A42504D4E456467652062706D6E456C656D656E743D22466C6F775F313476306E6B37222069643D2242504D4E456467655F466C6F775F313476306E6B37223E0A20202020202020203C6F6D6764693A776179706F696E7420783D223131382E302220793D223231302E30223E3C2F6F6D6764693A776179706F696E743E0A20202020202020203C6F6D6764693A776179706F696E7420783D223137302E302220793D223231302E30223E3C2F6F6D6764693A776179706F696E743E0A2020202020203C2F62706D6E64693A42504D4E456467653E0A2020202020203C62706D6E64693A42504D4E456467652062706D6E456C656D656E743D22466C6F775F30686969677664222069643D2242504D4E456467655F466C6F775F30686969677664223E0A20202020202020203C6F6D6764693A776179706F696E7420783D223832302E302220793D223231302E30223E3C2F6F6D6764693A776179706F696E743E0A20202020202020203C6F6D6764693A776179706F696E7420783D223836322E302220793D223231302E30223E3C2F6F6D6764693A776179706F696E743E0A2020202020203C2F62706D6E64693A42504D4E456467653E0A2020202020203C62706D6E64693A42504D4E456467652062706D6E456C656D656E743D22466C6F775F3165786832306B222069643D2242504D4E456467655F466C6F775F3165786832306B223E0A20202020202020203C6F6D6764693A776179706F696E7420783D223638302E302220793D223132302E30223E3C2F6F6D6764693A776179706F696E743E0A20202020202020203C6F6D6764693A776179706F696E7420783D223730302E302220793D223132302E30223E3C2F6F6D6764693A776179706F696E743E0A20202020202020203C6F6D6764693A776179706F696E7420783D223730302E302220793D223138302E30223E3C2F6F6D6764693A776179706F696E743E0A20202020202020203C6F6D6764693A776179706F696E7420783D223732302E302220793D223138302E30223E3C2F6F6D6764693A776179706F696E743E0A2020202020203C2F62706D6E64693A42504D4E456467653E0A2020202020203C62706D6E64693A42504D4E456467652062706D6E456C656D656E743D22466C6F775F30397932686137222069643D2242504D4E456467655F466C6F775F30397932686137223E0A20202020202020203C6F6D6764693A776179706F696E7420783D223638302E302220793D223239302E30223E3C2F6F6D6764693A776179706F696E743E0A20202020202020203C6F6D6764693A776179706F696E7420783D223730302E302220793D223239302E30223E3C2F6F6D6764693A776179706F696E743E0A20202020202020203C6F6D6764693A776179706F696E7420783D223730302E302220793D223234302E30223E3C2F6F6D6764693A776179706F696E743E0A20202020202020203C6F6D6764693A776179706F696E7420783D223732302E302220793D223234302E30223E3C2F6F6D6764693A776179706F696E743E0A2020202020203C2F62706D6E64693A42504D4E456467653E0A2020202020203C62706D6E64693A42504D4E456467652062706D6E456C656D656E743D22466C6F775F31366370746875222069643D2242504D4E456467655F466C6F775F31366370746875223E0A20202020202020203C6F6D6764693A776179706F696E7420783D223535332E302220793D223233352E30223E3C2F6F6D6764693A776179706F696E743E0A20202020202020203C6F6D6764693A776179706F696E7420783D223535332E302220793D223239302E30223E3C2F6F6D6764693A776179706F696E743E0A20202020202020203C6F6D6764693A776179706F696E7420783D223538302E302220793D223239302E30223E3C2F6F6D6764693A776179706F696E743E0A2020202020203C2F62706D6E64693A42504D4E456467653E0A2020202020203C62706D6E64693A42504D4E456467652062706D6E456C656D656E743D22466C6F775F31376F37356331222069643D2242504D4E456467655F466C6F775F31376F37356331223E0A20202020202020203C6F6D6764693A776179706F696E7420783D223535332E302220793D223138352E30223E3C2F6F6D6764693A776179706F696E743E0A20202020202020203C6F6D6764693A776179706F696E7420783D223535332E302220793D223132302E30223E3C2F6F6D6764693A776179706F696E743E0A20202020202020203C6F6D6764693A776179706F696E7420783D223538302E302220793D223132302E30223E3C2F6F6D6764693A776179706F696E743E0A20202020202020203C62706D6E64693A42504D4E4C6162656C3E0A202020202020202020203C6F6D6764633A426F756E6473206865696768743D2231342E30222077696474683D2234302E302220783D223534382E302220793D223135302E30223E3C2F6F6D6764633A426F756E64733E0A20202020202020203C2F62706D6E64693A42504D4E4C6162656C3E0A2020202020203C2F62706D6E64693A42504D4E456467653E0A2020202020203C62706D6E64693A42504D4E456467652062706D6E456C656D656E743D22466C6F775F3166767164686E222069643D2242504D4E456467655F466C6F775F3166767164686E223E0A20202020202020203C6F6D6764693A776179706F696E7420783D223530302E302220793D223231302E30223E3C2F6F6D6764693A776179706F696E743E0A20202020202020203C6F6D6764693A776179706F696E7420783D223532382E302220793D223231302E30223E3C2F6F6D6764693A776179706F696E743E0A2020202020203C2F62706D6E64693A42504D4E456467653E0A2020202020203C62706D6E64693A42504D4E456467652062706D6E456C656D656E743D22466C6F775F3066327A637669222069643D2242504D4E456467655F466C6F775F3066327A637669223E0A20202020202020203C6F6D6764693A776179706F696E7420783D223336382E302220793D223231302E30223E3C2F6F6D6764693A776179706F696E743E0A20202020202020203C6F6D6764693A776179706F696E7420783D223430302E302220793D223231302E30223E3C2F6F6D6764693A776179706F696E743E0A2020202020203C2F62706D6E64693A42504D4E456467653E0A202020203C2F62706D6E64693A42504D4E506C616E653E0A20203C2F62706D6E64693A42504D4E4469616772616D3E0A3C2F646566696E6974696F6E733E, NULL);
INSERT INTO `act_ge_bytearray` VALUES ('1540583168392347649', 1, 'source-extra', NULL, 0x89504E470D0A1A0A0000000D49484452000004220000016A0806000000CFE2FBF5000000206348524D00007A26000080840000FA00000080E8000075300000EA6000003A98000017709CBA513C0000000467414D410000B18E7CFB5193000000017352474200AECE1CE900000006624B474400FF00FF00FFA0BDA793000000097048597300000EC400000EC401952B0E1B000020004944415478DAECDD095C5455FB07F07B67864D219724F175D7EA35F52D333333F7B54C945C32CDC23D53CBCC4CCD15979216F725732F1317DC422D174CD4CCDCF555D35E03542CDC4214641BE6FECFEFC2E53F8C802CB301BFEFE773646618063C33F7DC739E7BCE73248988888888888888888888888888888888888888888888888888888888888888888888888888888888289DCC2A20725AEEA23410A5A2283EA294669510111111D9DD1D51A244B926CA31518CAC12A282612082C8C9787979BDF4C8238F04DEBA75AB615252920B6B84888888C839180C8638A3D1B845DC9C2ECA05D60851FE301041E43C4A57A952E5872B57AE34D51EA85FBF7E6ACD9A35151F1F1F53A952A5145611111111917DC5C6C6CA515151BA8B172FEACE9F3FAF530751B29CAA28CA127173842889AC25A2BC612082C809942D5BB68E5EAFFFF9E6CD9BDE254B9654468C18913C68D0A094CA952B33F840444444E424FEF8E30FDDFCF9F35D162D5AE46A34AA2B340E8BF29A28D1AC1DA2DC632082C8F1CA097FDCBA75ABCCD34F3F6DDAB66DDB7D0620888888889CD799336774BEBEBE1E57AE5CC10C0904235A4A9C1941946B7A5601916355AA54E960747474752CC3D8BF7F7F82B7B7378310444444444EAC7CF9F2CA1B6FBC61DCB06183213636B6B278A89C28DB593344B9A3631510398EB7B7F72B515151CF22FFC3B66DDB12BCBCBC188420A222E7EAD5AB9C814944454E850A159490909004BD5E8FFEDB00516AB1568872C7C02A2072E0016830CCC2D789132726E364C61A2122673373E64CD79898981C9FD3AF5F3F63F5EAD54D782E92EBF6EAD52B636B3BACA1EED8B16389CF3EFB2CA943870E991EBF7AF5AA0E418A53A74EE9CE9E3DAB1F3C7870F2ECD9B35D2D5FBF499326A9C89BC37783889C0D96D50E19322465DEBC7968BBC689F2166B852817E320560191C394FBFBEFBFFFEDEEEE2E0D1C38901D6C222A7456AC58A1266B7BEBADB7D40043CF9E3D535AB46851222E2E4E3E78F060C6F24F4F4F4F253030D075EDDAB519FD8E6FBFFD3671F4E8D16ED7AE5D931F7DF45165F8F0E1C9B76EDD92A3A3A365F178B2F6BC9D3B771AF05A0C441091B31A366C981688E8983EBE32B2568872C6400491E3B4C63F2D5BB6347249061139AB0F3FFC30D9F2B19B376FCA6FBEF9A67BEDDAB55357AD5A95A8CDE8C2D763C78EDD8F8B8B936AD6AC69C2631F7FFCB15BEBD6AD53DBB76F6F4C4D4D557F5EAF4F8B51AC5FBF3E61F9F2E52E111111329E131A1AAAF7F1F151705BFB5D972F5FD645474733A7151139AD279F7CD254A3468DB8F0F0F0D2E26E03292D792511311041E4942AE19F5AB56A995815445458ECDAB54BDFAF5F3F8FF7DF7F3FF9E38F3FCE0852DCBB774FEED1A387FB82050B92B04CA342850AA9E2396E55AB56553EFDF4D32483C12089AFAE77EEDC913FFFFCF3240433468E1CE9F6E79F7FEA30830201878E1D3B1A376DDA64080B0B2BA9BD6E7C7CBC6CBEA48388C819A13F171E1E8E9B15591B440FC7400491E378E29F92254B72360411151AD3A74F77FBFCF3CF13CDF3400066762183FCF3CF3F5FE2BFFFFD6F3C820CBB76ED326049C5C48913DDA2A2A2E4C4C4441919E6EBD5AB97FAFAEBAF1B03020292870F1FEEF6DC73CFA58E1831224550976C74E9D225E3B54F9C38A18B8C8C64726D22726A356BD6744FBF5989B541F4700C441011115196AA56AD5AD2F2B11B376EE82E5EBCE83E76ECD84C41D42FBEF822E9EDB7DF4E69DAB4692A9668B469D3261525FD75D4995F494949F280010392BFFEFA6B570432C4F34C870E1DD2DFBE7D5B8E89894959B972A5CBE9D3A7F573E6CC7145E002CB343093025E7CF1C55426F5252267851DD0D26F96666D103D1C031144444494A5CB972FC75B3ED6BC79F31213274E4C32CFE360EEBFFFFDAFAE74E9D24ACB962D53FDFCFC3C4E9F3E1D8F9F59B97265E2A449935CFCFDFD53366DDA9480E7AE59B3C6A562C58A0A4AF7EEDD3DF6EDDB77BF72E5CA6A671E4190D5AB5727629907DF092222A2A2858108222222B29A214386B81F3870E03E9659202091DDF3121313A5AFBEFACAB57FFFFE29D81E74F2E4C9497FFCF187EE9B6FBE511353C6C6C6CAB366CD72C155C6EAD5AB2BFDFAF5E3AE194444444504031144444464151111113A373737040E4CEBD7AF3754AC5831CBD90CD81D03492A3B77EE6C44B022262646AE5DBBB6C9C3C303B920D499164B962C911A356A945ABE7C79A54C99325C92414444548430104144444456F1E38F3FEAB164C368344A8B172FC66C87E4AC9E77EEDC391D12574E993225E9DB6FBF75D11E47004314F536021A2FBEF8A2894B338888888A1E0622888888284748283963C60C57777777E9C891237A2D8F83A52D5BB618B07346870E1D3CB0A4C272670D24ADC40E1AD1D1D1F237DF7C93A825A284BFFFFE5B163FEBA1DDAF56AD9AD2A74F1F2D0BBD84DC125C9E4144445434301041444444397AEAA9A74C7DFAF449898B8B9391CBE1C9279FCC7296C2FCF9F393B0B345A54A954CAD5AB5CA4866B976EDDA046F6F6F65D2A449C9BEBEBEA99E9E9E0A9662E07BD8CAB36AD5AA327E2E2C2CEC3E6B9B8888A8E863208288888872841C0D5DBA74313EEC795A80A25DBB769976D430DF76B361C38699BE57BF7E7D2EBD2022222A6674AC0222222222222222B217062288888888888888C86E18882022222222222222BB61208288888888888888EC86810822222222222222B21B062288888888888888C86E18882022222222222222BB61208288888888888888EC86810822222222222222B21B062288888888888888C86E0CAC022222A2E2253131513A72E4883E2A2A4A8E8E8ED6C5C4C4B052F2A94C993252A54A954CA2280D1B364C3518D8B52222227A189E2D8988888A8943870EE9030303DDF6EEDDAB8F8B8B63855859A952A5940E1D3A18C78F1F9F5CBB766D136B848888286B0C441011111571313131F28001033C366DDAA4D71E6BD0A081F4F8E38F4B3E3E3EEA009AB5943FB1B1B17254549474E1C205E9ECD9B372505090CB860D1B5CFAF6ED9B3277EEDC4477777756121111910506228888888AB0F3E7CFEBBA74E952E2E2C58BB2A7A7A73472E44865C08001584EC0CAB18E8C20CEA54B97A4050B16C8F3E7CF97962C59E272FAF469DD962D5B122A54A8C0400F1111911906228888888AA89B376FCA9D3A752AF1E79F7FCAF5EAD59342424214CB00C48E1D3BA4A0A02029222242F6F2F252C68C1923356FDE9C95970F9861326BD62CA57FFFFE92AFAFAF8C3C1C7E7E7E1E616161F73933828888E8FF71D70C2222A222AA77EFDE1E08426019C681030732052190B0B27BF7EED2A04183E4D5AB57CBC78F1F97121212E461C386C99F7EFA292BAF00EAD6AD2BFDFAEBAF4AB56AD5D4A4A0EFBFFF3EA3104444446618882022222A8276EDDAA547295DBAB43A1302CB32CC7DF0C107F2DEBD7BE56BD7AEA9F71198080B0B439E0369E9D2A56A6082F20FB93750EFD84563C58A152E5822C35A2122224AC3932211115111141010A05E859F3C79B28241B1B9D0D0505CA997FEF9E71F753941B972E5327D1FC189CF3FFF9C9558409819316CD830C968344AD3A64D73658D101111A5618E082222A22206B9210E1D3AA4435E02E42BB074E0C001293E3E5E5ABE7CB9A4D3E9A4C8C848FC8C74E6CC193540919494845D2064C92C1123E5CFD0A14395D9B367CB3B76EC302020811912444444C51DCF8644444445CCEEDDBBD56D3ADBB46923592EC9D074EAD4496ADBB66DA6DD33A2A3A3A59D3B774A77EFDEC5AC080621AC00334EEAD4A9A39C3B774E4D5ED9B871E354D60A111115770C441011111531515151EAD2CB5AB56A65F9FD0A152AA833252CAFCE630987BFBFBF7A7BF2E4C9AC482BC1FB70EEDC39BC2F326B8388888839228888888A9C7BF7EEA95F4B962C99E5AC863A75EA204F44B6331EB0842029298983662BA95CB9B25A975A80888888A8B8E309918888A89869D2A489B467CF1EF9CE9D3B597E7FEBD6AD4AA3468DB834C34A4A952AA5D6654C4C0C2B838888486220828888A8D8C1569D952A5552020303B3FC7E7070B01AA4C0F388888888AC8D39228888888A092CB958B06001966EC8A3478F965C5C5CB27C5E5050108210F2902143A42A55AA28D882D2728B4F222222A2FCE28C082222A262004188808000F9D5575F95535353B30D42983F1FB9243EF8E00379FEFCF958AEC14A24222222AB6020828888A81858BC78B1F4CE3BEFA8DB49B66FDF5E5AB66C598ECF9F33678ED4B56B57A974E9D2D84143C6D69EA74E9D624512111151813110414444540CDCBA754BAE54A9927ABB51A34692A7A7A7841C1196092B117098306182FA9C6AD5AA653CDEBF7F7F79E3C68DDC49838888880A8C39228888888AA11E3D7AA84107E48C4030028109C00C88912347AA5F3375180C0649AFD773270D2222222A3006228888888A997DFBF6492D5AB4907C7C7CA471E3C6E5EAB944444444D6C2A519444444C54C5858984D9E4B444444941B0C441011111111111191DD3010414444444444444476C3400411111111111111D90D935512111115038A3079F264F5F6E5CB9765713B573B60E4E5B944444444B9C1400411115131A00521D2E525B0C02004111111591597661011111111111191DD3010414444444444444476C3400411111111111111D90D03114444444444444464370C441011111111111191DD3010414444444444444476C3400411111111111111D90D03114444444444444464370C4410111191C32426264A870F1FCEF418EEE3F1C8C848293A3A3ACB9FBB70E142A6FB393D978888889C8B815540444444F9356AD428F9D6AD5B393E67F4E8D14AAD5AB532EEAF5AB54A6ADDBAB554A952253578D0B3674F39222242D1BE8FFB3FFFFCB3B272E54AA97AF5EA92BFBF7FA6D7BB74E992D4B66D5BF9EAD5AB193F93DD7335717171D29D3B77D4DFA9311A8DD29C3973A4912347F28D242222B22306228888880A91B265CB7AF6EDDB3765FAF4E949EEEEEE0EFF7BBA76EDAA60F682A5F8F878E9830F3E90CB952B27A1684E9D3A25CD9F3F5FF6F7F7571018888A8A52030298D1E0E9E9A9060C705F832007BE673018328208CB962D93070F1EAC6CDCB851FDF9E1C38767FBF7858686AA7FC7D9B367A56AD5AA49E6010FBCA6785C5EB56A95925D008388888818882022222AD6626262E4993367BA2E5CB8D075C89021C98E0E48346AD4E881C78E1D3B260D1C3850EED6AD9B3475EA5405037E4D6060A03C60C000351810161626AD5EBD5A464022202040AE55AB96F2D34F3F659A61B174E95279DBB66D928F8F8F141414A4062F30FBE1E4C993D2CE9D3B511F19CF3D7CF8B08C251B070F1E94FCFCFC14CC74A85AB5AAB468D122253636561A366C986CF9B70E1D3A5479EBADB7D4C0083F5D4444440C441011115136300BC19902129A050B16483366CC9057AE5CA960F985E5DFBC65CB1669D6AC59EAFDCE9D3B4BCF3CF38C72ECD83179C58A156A2000CB38AA57AF9E11301833664CA6D90AB367CF96F0FF4CCF2D21EFDBB74F5AB76E9DBAC4A3499326528B162D94B8B838599B85F1F8E38FAB05CFCB4A83060D32F254641554212222220622888888E821010947FE3DC1C1C159062100CB321020C0EC06CBFF436060A01A984040C17CA9C7850B17106C50B49FC1B20CCCB0F8EDB7DFD4251B083ECC9A354BF9F2CB2FD51C113D7AF4907EFFFDF73CCD6E403002AFC74004111111031144444445CA9A356B0C62906C931DABB480C4DCB9735DC5A0DD648FFF8FF9CC050D0209BD7BF7962D67677CF9E59798A9A0E669D06009C6E2C58BD5A519090909D22FBFFC826515329EA7C1320BF19A7293264D94AB57AF624684F2D1471FC9083888FFB3121111A1E69630171B1B8B6045AE8311F8F9C8C848FC5F6CBA3C232C2C4C3F61C204576BBCD6534F3D65EAD5AB979147151111311041444444D90621DE7CF34D0F5BFF1E247A8C8A8A52831D8A62DBB407E6891F352D5BB694274D9AA4B468D1E281E763098579224AEC9E812004663B4C9E3C597DAC7FFFFECABE7DFB32021CC827A12DCD40800241838F3EFA28CBBF07892BC5405F0E0E0E96F29A7CD21ECB5A0E1C386040B1E24B2630184144440C441011115196B49910CD9A354B1525DF83C769D3A6B965F5B8B7B7B7F2D8638F9922232375A54B9756AE5DBBA69365D9A9EAA066CD9AEAD69B1A2493147FAF9AA01201092CDD80AC9666E0F6C3964E88FF370215EAB69FA74F9F56675FE0B187C1CC0CF1DA364F56D9B4695363F3E6CD530BFA3AFBF7EF3788A2B7D5EC1A22222206228888888A100421A64E9D9A6CAD40449D3A754CB56BD74EC5E0B455AB56A963C78E4D58B870A14B76010B47AA57AF9EFA15C10824903487251DAB56AD522327592DCDC0EDBA75EB2AD9CD5C407E08CCAC68DFBEBD7ABF42850AF2ABAFBEAAE075B1BB06021A785DCCC2307F1E6668E0776809346D09418882BCF79A0913262018A1E7D14444440C4410111191DD980720C4C05A3979F264BC187C3B7C0B4AF3D90C0F743A0C06E48F5097688C1B372ED3F76AD5AA25693B6764B734C3128212A74F9F968D4663A6E760FB507C0F8931B19DA7F67A1D3B76546F639B502D10111A1AAA06482C0323444444C44004111111A5EBDEBD7B8A33052030981F3060000202EA0C030415B283ED399B366D2A8F1C3952C1569F4B972E4522CA7CFD5E0413B00CE389279EC8B40605792490D412B7CD031C59F9F2CB2FD59C16FC54111111D90F03114444448508AEF43BD30C0878E9A597A49F7FFE59FD5BB0EC21A7C48FF8FEE6CD9B15CC9C78E79D77A4AE5DBB2AE63B6940505090BA5D679F3E7DB27C2D7C1F5F91FFE1C71F7FCC771D20683275EA5485DB76121111D917031144444485487878789CB304203408165806137252B76EDD8CDB965B6F821618C8EE35AD1538C052110621888888EC8FD9968988880A11670B4210111111E51503114444444444444464370C441011111111111191DD3010414444444444444476C3400411111111111111D90D03114444444444444464370C441011111111111191DD3010414444444444444476C3400411111111111111D90D03114444444444444464370C441011111111111191DD3010414444444444444476C3400411111111111111D90D03114444444444444464370C441011111111111191DD3010414444444444444476C3400411111111111111D90D03114444444444444464370C441011111111111191DD3010414444444444444476C3400411111111111111D90D03114444444444444464370C441011111111111191DD3010414444640726938995504CC5C5C5A95FBDBCBC5819444444828155404444647BF7EEDD9373FAFEF2E5CB5D72FABEA7A7A7F2FAEBAF1BB5FBE7CF9FD7198D46A976EDDA268321ED741E131323CF9C39D3E5D0A1437ADC0F0D0DC5EF542C5FEB830F3E904A972ECD37C54EA2A2A2D4AF952A5562348A8888486220828888C829444444640A54CC9B37CFF5BDF7DE4BD6EE97295346FDFE99336774EDDAB52B51B56A5575507BEDDA35DDA64D9B121A366C988A8044F5EAD595E8E86865EFDEBDD2DDBB77A5050B16C85F7EF965A6608416B820FBB874E992FAB552A54A0A6B8388888881082222229B3871E2840E3314B4FB515151EAEDC8C8485D6868A85E7BBC42850A0A66354C9D3A35D9FCE7BFFDF65B17CBC7C0DBDB5B3979F2643C7E0EF7A74C99E23A79F264D71D3B762478797929FDFAF54B69DBB6AD71E9D2A52E18008BE74BFEFEFE7C431C04B3218E1F3F2E972C595241B08835424444C440041111914DFCF4D34F860B172E64E462FAFDF7DFD5E0036634AC5AB52A63194693264D521188C8EDEB6A01084DB56AD59483070F667A4EE5CA9595A79F7EDA84DF151F1FCF37C381962E5D8AF74B6ED5AA55AABBBB3B2B848888486220828888C8263EF9E4934CB3197AF7EEED8EC0C4CB2FBF6C0C0C0CCCF4BDD75F7FDDE3FAF5EB999666DCB87143D7BC79F312E68F3DF3CC33A973E7CE4DD2EE23EFC4F4E9D35DA74E9DAA3EF6FEFBEFBB9D3E7D5A0D782427A7FD8A5BB76E49CD9A3593F5FA8C491892F81B94D1A347F34DB231CC86F8EAABAFD460D4983163925923444444691888202222B2838B172FAA03D273E7CEE92DBF2706AB8946A3315320A269D3A62556AE5C9968FE98BBBB7BC66C0824AAECD8B1A3C7ABAFBE6AD492589A0729A072E5CA25C5605897949424FDF2CB2F0A7343D80F76CA10EF8FFAF5B5D75E33366EDC98CB32888888D2B1474244446463111111BAFFFDEF7F6A20E2D8B1637ACC64403E07B380016E675A72A1D7EB95EAD5AB67B964034108CCA2C00C899933672665F51CFC0E9D4E87DD319423478EC862502C0707072B9E9E9E7C436C2C3A3A5A0D429C3E7D5A7EF2C9274DCB962D4B64AD101111FD3F1DAB808888C87690B0D2CFCFCFA35DBB76EAAC85A79F7E3AF5E5975FF678D8769ED9D18210D80AD2720684F973DE7CF34DF7FEFDFBA76CDDBA35A1448912D2CE9D3BA5A79E7A4A5EB56A959498C871B12D60F6C39C3973A45AB56AA9092A6BD4A861DABC797342993265B85B0611119119CE88202222B29143870EE9DF7AEB2DF7A14387A6C4C4C4A88FBDF0C20BA9B1B1B17283060D4A2C5CB830B175EBD6799AB21F1616A617835BF5FC8D2D3EF1B54A952AA6CB972FAB5929CF9F3FAFC3EFAC53A78E09792AB01CE3D4A953F10D1B362C819D3BFAF4E9230F1B364C6ADFBEBDF2C4134FC86E6E6E1C245B210071E1C20529343454D6823CD8B9E4FBEFBF4FC42E27AC2122222206228888886CEE934F3E71C3169C73E7CE4DECD2A58B71C28409AEDAF7309361F9F2E5A637DF7CD3E3C30F3F4CFEF8E38FD54486D8F273C48811EE98D1909A9A9AE58C09042E1445B997D5F7C4EBB889D77599387162D2FBEFBF9FA23DFEC4134F98626262E27AF5EAE5BE7EFD7A170C9C376EDCA8BDBECC77CB7A900B62D2A44949EDDAB5634E082222A26C3010414444640303070E4C19356A547276D3F2FBF5EB97D2AB57AF14F30492D8C6134104171717E9D9679F35E5F577BEFBEEBB2963C78ECDF677AE59B32671C1820549D8A1E3C891237ACC90484848E09B55405E5E5E1296CAB46DDB369533208888881E8E81082222221BC82ED1A4397777F707EEE775A9465E7F27821428B56AD532F15D222222224760B24A22222222222222B21B062288888888888888C86E18882022222222222222BB61208288888888888888EC86810822222222222222B21B062288888888888888C86EB87DA773C27E6E0D44A9288A8F28A55925F97647942851AE89724C1423AB84F2233131513A72E4883E2A2A4A8E8E8ED6C5C4C4B052F2A94C993252A54A954CA2280D1B364C3518782A2262FBC7F68F88A83861EBE744BCBCBC5E7AE49147026FDDBAD5302929C9853562E50FBBC11067341AB7889BD345B9C01AA1DC3874E8903E3030D06DEFDEBDFAB8B838568895952A554AE9D0A18371FCF8F1C9B56BD736B14688D8FEB1FD23222A066333568153285DA54A951FAE5CB9D2F4DEBD7BEA03F5EBD74FAD59B3A6E2E3E363C2898A55943FB1B1B172545494EEE2C58BBAF3E7CF7B8A877ACBB2DC53519425E2F6085112594B949598981879C080011E9B366DD26B8F3568D0407AFCF1C725715C4A3C2E0B7C5C4A172E5C90CE9E3D2B070505B96CD8B0C1A56FDFBE2973E7CE4D747777672511B1FD63FB4744C44004D94AD9B265EBE8F5FA9FAF5CB9E25DB2644965C48811C983060D4AA95CB9324FF256F6C71F7FE8E6CF9FEFB268D12257A3D138583C544F94D7448966ED90B9F3E7CFEBBA74E952E2E2C58BB2A7A7A73472E4484574CA319D9695631D19EDDBA54B97A4050B16C8E2D894962C59E272FAF469DD962D5B122A54A8C0369088ED1FDB3F22220622C806CAE974BA03376FDE2CF3F4D34F9BB66DDB76DF32001112126258BB76AD21222242E7E5E5A58C1E3D3AB955AB56A9ACBABC7BF2C9274D73E7CE4D121DAA145F5F5F8F2B57AE34120F6F16A5A5C49911944E1C8F72A74E9D4AFCF9E79F72BD7AF5700C2A961DF01D3B764841414192382E651C9763C68C919A376FCECACB075C619D356B96D2BF7F7F491C9732D6A1FBF9F979848585DDE7954122B67F6CFF88888A263DABC071C4C9FD60747474752CC3D8BF7F7F82B7B77746100289A1DE78E30D8FAFBFFEDA156B346FDDBAA5F3F1F1918383830DB76FDF96C5499FC1887C2A5FBEBC22EAD6B861C306436C6C6C65F1503951B63BE04F6981D2AC59B35406979C07AE041E3B764C8769C8A233A8942B574E323F2E7BF6EC292D5AB448FEE5975F64D169C7E749DEB871A37CE7CE1DA969D3A6ACC07C7AECB1C7D0E649A8CB73E7CEE96EDCB8A1131DF322955CF6E79F7FD68BB6DEC0639E9CF5B3C4F68FED1F15FCB81437F78912C61A21CA19B7EF74106F6FEF57A2A2A29EC53ACB6DDBB625E0AA82F9F7DF7FFF7D77D1A019FEFAEB2F59EB00884E818C2993CB972F773D7AF428DFBB02C0B4C790909004BD5E8F7A1F204A2DD60AEDDAB54B8F52BA7469F54A20A6259BFBE0830FE4BD7BF7CAD7AE5D93CC8E4BACF395962E5D2A1F3F7E9C955800587B8E7A4716F9152B56B8A0BD63AD10154CD9B2653D478E1CE986F68AED1FDB3F222206228A3971A29985AF13274E4CB65C0B888EC0D1A3470DFFFCF38F3A6DCFFC8A04FCFDF7DF32B258B3160B06CB61860C199222A52D511AC71AA1808000752EECE4C993912836D3F7424343B17D9D94DD7189CEF9E79F7FCE4A2CA0BA75EB4AC3860D938C46A3346DDA3457D60851C120F1E4CC99335DCB9429E395534082ED1FDB3F2222BB8E8759050E51EEEFBFFFFE37D6FF0D1C3830C5F29B070E1CD0DFBF7F5F5EBE7CB9A4D3E9A4C8C848ACDB94CE9C39A3760492929224EC02C16A2C3871C24F99376F1E4EF61DD38F074E852CA6B036FAD0A1433A1C9758AF9BC57129C5C7C74B391D97172E5CC00C2626192BA0A143872AB367CF9677ECD86140871C570889A8601080404062E1C285AE43860C499E3E7D7A92968780ED1FDB3F222206228A87D6F8A765CB9646CB2519200B9D3A7592DAB66D9B294B757474B4B473E74EE9EEDDBB52545414F79BB60224B0AC51A3465C7878786971B7812887592BC5D3EEDDBBD59C396DDAB4912CA7246B1E765C5EBB768D9D702BC015D73A75EA28E7CE9D5393B7356EDC98F914886C189060FBC7F68F88888188E2413D8BD7AA552BCB60828F8F8F69D0A0412683C1A0B3785CF2F7F7576F4F9C3891277C2BC1FB101E1E8E9B15591BC5575454942EFDF390E5F72B54A8A05E29B4BC3A657E5C4E9E3C991569BDE352121D71BC2F326B83286B488C3761C284020524E6CE9DEBFAAF7FFDCBC4F68FED1F11110311459F7AB9A164C992590613EAD6AD6BDAB3674FEACB2FBF9CE5F20BA3D1A8880E0403115652B3664D6D8F2C6E925E8CDDBB774FCAE9B8B95AF9D70000200049444154AC53A70ED6492BEDDBB797B3392E313D995393ADA472E5CA6A3D6B012222CA141850D20311C8D25FA01DD0D0765DB972453DCE4A9428C1F68FED1F11110311C515B6E3FAF0C30F0D8D1A3532962E5DFA81F768F3E6CD46F13D4ED5B312EC5C927EB3346B83B2D3A4491369D4A851F20B2FBC2021ABBCA5AD5BB72AE2B8644559F7B89463626258194416D2132DABC9AB1FF6DC69D3A66599DC1A5B863FF6D863A6C8C8489D68D3946BD7AEE9645966FBC7F68F88888188E20AD325110D9F3163865E9407BEBF71E34643FBF6ED312BC2A8259A2222DB1F97952A5552020303E5CF3EFBEC81EF070707CB2FBFFC328E4B89C72511D92B1891D740449D3A754CB56BD74EC5B28E56AD5AA58E1D3B3661E1C2852ED9052CD8FE1111110311451CA636CE9B37CF3D3E3EDE307AF468D9C5C525CBE7AD5DBB5616277BD777DF7DD7A572E5CA29EFBDF75E32AE6CB006896C735C2E58B0004B3764715C4AD91D97414141E8ACCB62702055A95245C1166C965BDC1111398A7900C2C7C7473979F264BCE5F6E16CFF88888881886238D89934695289BE7DFBEABFFFFEFB6C4FF6E6CFAF5BB7AEDCBF7F7F97993367CAF5EAD53376E9D2855B4F1259F9B80C080890918C2DB7C725D6528BE3529E3D7BB6F2ECB3CF4A9D3B776645922A2E2E4E9DF79E9C9CCCCA20BBEADEBD7B4A5E02106CFF888A144C53C2CE7048CAEE2371297241DC11254A946BA21C43D3C72A6120A2D05BB46891FBBBEFBEABC7B658EDDBB797962D5B96E55EDE9A3973E6486FBEF926D66ACA53A64C71113F2F9D3871C254BF7E7D6EEB4964258B172F96DE79E71D291FC72532C8CBE2E79553A74E49F5EAD56365167358CBBF75EB567524B77DFB7697F1E3C7A764B57D3391D54720EEEE525E02106CFF888A06718E79E991471E09BC75EB56C3A4A42417D6889507D106439CD168DC226E4E17E5026B84818842EBF6EDDB066D6F6E247CBA7CF9B2141818A87602CC134361CF6E4C936CD1A28554AD5AB58CC7070E1CA89F3871A24BFDFAF593589B44D6214EDE72418E4B5C190C080840479C03CE621E8468D9B265C98888087546C4B973E7742FBFFCB2C74F3FFD94C06004D95A7878785C5E02106CFF880ABDD255AA54F9E1CA952B4DB51DC1C4F820B566CD9A8A8F8F8FC92C493BE5516C6CAC8CDD6C2E5EBCA83B7FFE3C7641EC2DCB724F45519688DB234449642D311051E8C816A9AA7BF4E8917172BF73E78EE4E9E999D6B28893FFC891231FC85A6D3018747ABD9E0D0B910DE5E3B894785C3208812084E8B4C8B56AD5C2EC37A567CF9EF2A14387F40C46903DE42708C1F68FA8702A5BB66C1D71DCFD7CE5CA156F6C473E62C488E4418306A554AE5C99C7A295FDF1C71FBAF9F3E76356BAABD1681C2C1EC2F4AFD7448966ED30105168EDDBB74FBDB2E0E3E3238D1B372E57CF25221E97E4DC41889F7FFE1957A3D4AFE271062388ED1F115953399D4E77E0E6CD9B659E7EFA69D3B66DDBEE5B06204242420C6BD7AE35444444E870DE193D7A743276CF61D5E5DD934F3E699A3B776ED2800103527C7D7D3DAE5CB9823D8C378BD252E2CC885CD1B10A9C4F5858984D9E4B443C2EC9B1410830BFAF0523B02B016B8DD8FE11517E55AA5469D7AD5BB7CA6019C6C18307330521B0B56EB76EDD3C060F1EECBE66CD1A9793274FEA939292F4EFBDF79EFB9429535C597BF987A0CFE1C387EF57A9520579FA108C98C55A6120828888C8A982101A062388A838C3C01857E5434343F562606C58BE7CB9CBFAF5EB0DFBF7EFD7E371ECC242B9E7EDEDFD4A5454D4B3C8FFB06DDBB60766D9BDFFFEFBEEE29C63F8EBAFBF64ADFEC3C2C2E4F3E7CFEB44DDBB1E3D7A9463C202C012B890909084F4E56803709A67AD3C9C2D9666608B18F4B8AA89523EFD7E9C28D7A5B4ED4E50D8BA1015F20E84186CE9C2C3C3E5EBD7AFCBD83FDED3D313832A051178514C581F4CC420C4834108CB600497691051718000C3E6CD9B0D5BB76E35A0CDCB29D880DD5E9A366D6AECD6AD9BD1D7D7D768AD5C274576406730A857E1274E9C986C5957BB76EDD21F3D7AD4F0CF3FFF488F3FFEB89AE3E5D6AD5B99CE5B8181816EC1C1C109ACC9FCC3CC88214386A4CC9B370F334CB086ED2DD68A7D02113E65CA94E9E2E1E1D1EFC68D1BCF888625DBD7D5EBF509B22CFF249EB351DCDD2EA5EDC74A44856080151212E2B271E346F58A058211D94112B3B66DDB1AFDFCFCD40E84681FD881200621188C20A26208B31EC400D90D6D5C6E7F067D8CDDBB771B50B053CB2BAFBC629C366D5A12B7A9CF523971FEF937823703070E4CB1FCE6810307F4F7EFDF97972F5F2EE9743A29323252BA79F3A674E6CC19E9C8912352525292845D20588D05376CD8302D10D1317D9CCD8BEF360C443C5EBD7AF5451111116D62626224145C05C51A996AD5AA29E5CB9757C441A1C4C5C5A9574DA3A2A2E42B57AE78486919455F9365395551944552DAFEABC53AC3A8C964324E9A3449BD2D1A0859DCCE5527342FCF25CA0F64059E3C79B25B505050467B81E31CDBB4A160A085939F38CED58CEAE238574F72B8EA8182E70E18302039AB28BDB313ED9322FEEFEAEDCB972FCBE276AEFEFEBC3C978A6F1082C10862FB47459918E8EAC68F1FEF860489057DAD1F7FFC510D4AF4ECD93325202020598C3F1890F87FADF18F388718B33A6F6067BE4E9D3AE10291A46DC90BE8B3EDDCB953BA7BF72EFA6EAC4F2B4002CB1A356AC4858787631BA106A21C66AD583F10514E54F21C71B2E9897DD1310831BFFAE9EDED9DED09E8EAD5ABB8AA6AD8B871A30BAEAA1A8DC6613A9DAE9F18887F2EBEFD9594B68CA3D8118D2AA7439153B979F3A63C75EA54B7458B16B960FA248E73314092C471AEBCFAEAAB52B972E5B2FD590423B66FDF2E050707CBC8A0FEF5D75FBB7EF7DD772ED846EAE38F3F4E292C032CAD13AEF5CBF3D287E727884188BC603082D8FE5151F2CD37DFB80C1D3AD43DA7E517D95DD0C0C50CF4232CE1B5D097D8B4699361CD9A35896270CDABCD692AA59F47B20C2688FA350D1A34084B6675168F4BFEFEFEEAED891327F2B8B512BC0FE1E1E1B85991B561E54004F6A7C5D630A282CBE04AE75B6FBD951218189894DB2B9D583F8EF53328B8D2FAD1471F21525A02E73C296D1A8BAFC4FD57891C0AC98BC409BEC49F7FFE29E338EFD3A78FF4D9679FE57A7085883BA6528AA25CBA74491A356A94BC65CB1679DAB4696E3B76EC30209112D77B1283100C461051D18260C17BEFBDE7860B10597DBF4D9B36EA058DCE9D3B67BA3A6F097D878D1B374AE83B1C3E9CF9A2727C7CBCDCB56B578F0913262461B6256B5DF2C43F254B96CCF25C51B76E5DD39E3D7B52C5394597CD7BA6242626F23C6325356BD674D7BAC3AC0D2B0622C4C0A16B4C4CCC5AF16135606B98152B56242231477E7F39A6AFFCF0C30F099819D1B76F5FF7F0F0704C613929A52DDDE054162207401E885EBD7AB9E3CA4483060D24719C2BE22496EFD74362A4CD9B372B070F1E94C4712E9F387142FFECB3CF96DCB4695342E3C68DB977353108C160041115912044870E1D3CB084C2F27B2D5AB490BEF8E20B05FD8ADCF61D468F1E8DA28486864A1F7DF4917CEAD4A94CBF6BD2A4496E919191D8F52191B59FBD66CD9AA57EF8E18786468D1A194B972EFDC07B23FA6846F13DF6C7AC043B97A4DF2CCDDAC859AE139354AE5CB9E78D1B3736200881F559BFFCF2CBFD8204212C0F9063C78EDD6FD5AA150E02F4E2764B69FBB012911D6DDAB4C9A54B972E6A10A277EFDE487054A02084B9264D9A48478F1E557035043963DAB56BE79197C45544453D0861198CE0D69E4454980C1A34C8DD320881E4D5C1C1C10ADAB4DC06212CB56EDD5A3A79F2A4327FFE7CC57247AE152B56B84C9932C595B59F3D24FE14E33879C68C1959F6B990843C363636C724E4440E0B44942E5DFA999B376F7E9B9A9A2A8F1D3B3619EBB2B096CB9A90557FE7CE9DF7B1D4434A9B62B4393D2841447680A452FEFEFEEA7ACEF1E3C7631DA662EDE35CB4254838A560A907A65676E9D2C503033AD63E3108C1600411155E0B172E744150C0FC31CC6AC00588AE5DBB5AE5770C1D3A34CBF616F9AC7EF8E107EE196E01FDB959B366B97FF9E5979EC3860D739931634696E790B56BD7CA3D7BF6747DF7DD773DB1BB097284B1F6C85902113E7ABD7E3F66422048F0E9A79F26D9EA8F419413D3ABCC664684A4072588C8C6032BE484C04C080409C4495DB1E571BE64C9928C99111D3B76E4008B1884603082880A29B44FC3870F77B76CBF30AB125FAD09B32B2DDB5D0CB8B1A4342222825B509AD5C9A449934AF8FAFABAE042B28B8BCB439F5FB76E5DF9C30F3F7499376F9E1B1282B216C9E181886AD5AA2DBF7DFBF6230D1B364CB5C71A2C0C52828383136AD4A881651F98C335926F13916D8D1E3DDA1D5BAE356AD4480D12D8E338DFB0618382AB25C819F1F9E79FBBF05DA0C21C84C01A669D4E276BDCDDDD65647E7F98B367CF4AA283289BF3F4F4CC48CEC660041139BBB163C7BA99EF8E81D98FC80D65CB202DFA10E6CB3430CB520CBCB94423DDA2458BDCDF7DF75D3DFA59EDDBB797962D5B96E3F3E7CC992361E68A78EFE42953A6B85CBF7EDD20FA670CEC90430311F5AE5EBDFA32A6677FF7DD778996EBB26C05CB34900833FDEE4712976810D90C4E3441414186F4E35CB1D7718E8E0A1261E2F6AC59B35CB944830A6B1002B08679DCB8718AAB6B5A3F382929496AD8B0A18C5946D9C17ADC4E9D3AC95A07BE44891252F9F2E5A575EBD629080A9A77BA198C202267842511483A6FFED8EAD5ABAD3E13C2126646CC9E3D3BD38513D19771E1E039CDEDDBB70DDAAE24389F2057476060A074E7CE9D4CCFC376A913264C509F83AD543503070ED4070707F32211392E1051B56AD5A598CE233E8CC9D8E1C29E7F181258FAFAFAA27786A519E3F85611D9863801A97921060F1EACAEE7B4277424FCFCFCD42B194C3645853508A1993A75AADA99D3E9745A471099E265F32B85E6860E1D2A47454565DCF7F2F292A64F9FAEBCFAEAAB0F3C97C108227246980D617E1FE7F4ACDA305B40CE887AF5EA65DC4FCF71E5C677459230BBCEFC7E8F1E3D247F7F7F69C18205D8525D0A080850CBBA75EBA4912347AAC17473068341A7D7EBB95B13392C1051F7F2E5CBCF610B12F14175C81EBD5F7EF96592E8D021003258E2162836979F1D0CFEF8E30F9D65243CA7CE3C33F23A1724A8DCB163871EB313264D9AE490130EB6F3C22C8CA54B97BAC6C4C47060F510D90D6AB76FDFCECA716010C2EC7D50CA962DABDE36994CD2B973E79077E581CF75484808662049292929EA7D6F6F6F040395FEFDFB67FBDA0C4610DB3FB67FCED66F3C7FFEBCCE6CF02A7DF6D96776ED4B88B142A6DFF7E38F3F1A38C332B37DFBF6A95F71EE18376E1CFA5DE8F3A965F8F0E1EA0C55CBE712D943B673B0FFF5AF7FBDF5D75F7F495DBA743162A98423FE38CCC268DAB4A9312C2C0C574A115EFD9E6F99EDF4ECD9137902E2B3FA9E18AC1A56AF5E6DC08E29B81D1D1DAD36F2070F1ED48B0EBA4E749E53B4E7BEF2CA2BC60A152A3CF09969D4A85189CD9B3727D4AF5FDFC4DA760E5BB66C51A7DD75EBD62DD389C89E300B03FB8BEFD9B3078333C3DB6FBF9D52DCDE8751A346C9B76EDDCAF139D84B1D03D1B163C7CAE8EC21A1A8F9329AF9F3E7CBE2B8CC349045A77DEBD6AD12AEBA9F3D7B563E76EC98346FDE3C65C284090F74D2C4A056C19EEDE63F8B9F43C7C5DABBA714D5200460FA2B9EF7FCF3CFAB815714041D44E71CEF9DFA1CBCD7A2BD95B52044A952A5A48E1D3B4A93274F7EE8DFA4FD1DE2EF92B560C44F3FFD94E0E5E5C52B57C4F6CF0AED1F8E59E46EC1CFE36A7B716DFF7263DBB66D99C611E84BD87A4986255CC9C74C342DAF0EA02F3168D0A014BE4369C4384AED6759FBB944360B448806B87B7AA36274E41FF8FAEBAF9B7050087E852410715B1464849988F39933FFA1E2649C692A7C6C6CAC6CF9D86BAFBD6644E0A05DBB76C6AFBEFACAF5934F3E716BD2A4496A7E7E1F5E3FAB00451155283E07A29366483FCE1DFABEE0F7EFD9B347DEB2658B4D021165CB96F5ECDBB76FCAF4E9D3939CB153D9B56B5725ABD942F1F1F1D2071F7C2063F05BAE5C39F5315C6DC22016D32B67CF9E9DD1A1462E8253A74EC9D3A64DCBF8F9888808E5D2A54B92286AE71D0358F11C751DA8969F0356AD5A85AB20782D050382575E794546471C7F137EA6B0774AF2F3FE1764778CBA75EB6260A4BCFBEEBB6AB0E1EEDDBB78DFE4279F7C52DDC6AE6DDBB632DE5B404E89E79E7B4EFAE69B6F727D0C321841458933B57FB83D6CD830F59847200209679174B1380ECC72D36E6EDCB831D338C2CFCFCF216D107EEFE1C387333E0FC1C1C10C4410E50F0E767476AA89523EFD3E925D5D17252ABD582D36905D20C2E7C68D1BD54B962CA9B46AD5CAA18108E489C01A30E1E5F4BFD7E8E46F20E6E48E12659828F39D7920FAC30F3FB8CC9C3933E36F5BB26409A2A0A96627671771D2D623108193F8DAB56B13B0B7B03831EBF03D3C0733231060D0EE972F5F5EE9D7AFDF038D3F7E0ECFC3D5C2E2720E77F6CF01065A48EA84F7A479F3E60EFD5BB4F5A4BB76EDD2A3F367ED849958F2213EEBAE0B172E741D326448B2B30524CC13136A70F56EE0C08132AE30595EFD0B0A0A523B7BC3870F57505F1890E239E82C23F114DE53ED58C3553E717C2AA2539EAB592FA897C993272B2FBCF002960B1489E9AD797DFFADB14527AECC62968FE810AB039A7BF7EEA9EFE7FAF5EBB1242AE379356AD4404030CF4962198CA0A2C299DABF7FFFFBDFD2FFFEF7BF8CE31DB394C4605C4650A3B8BD2F0F6B37AF5EBD2A6379AEF9B9C35EB921B208664963C68CC9B87FE0C001832DFA12444514820E9DA5B48BFE4D72880F48E963997DA2048B823571D1B60844A8F3AA9E7BEE3993A33BEB952B57564467384E0C64715641FAD7C842F2A67A38FB40549C9495D6AD5B67041EDCDCDC32DDDFB76F9F9AFB01572A7EF9E517F5368212A293AE4C9C383109F777EEDC693875EA944E9CEC93CD3BF196331FC44941FDF99090107DAF5EBD8CC5E8E076DACF81B6AEB34183060E9F7A8ACCCE55AB5655B085A8E8DCE8AA57AF6E93E53BF82C3B73404283AB7D3366CC9057AE5CA998279042B66B74BAB126168FE32A203AC99851A25DB143E229CC2E11C79A8229C94D9B3655776E40A70C57FBA64D9BA68801ABFA3ADAEBA2F3AE0D06D081775467D2D672F3FE5B2308A1C12E34478F1E95FFFCF34FF53E6647203081DC11F0E8A38FAAAF9FDF002D8311541439B2FDB30C8A889F57771A28CEB26B37CD83105A5FC251179BB0C413FD082DF92FFE665BF625888A08349C53D3830FB9854ED3CBE905B68932419453D60C445454FFA958D1290EE07FFDEB5FC69B376F4A852C1091D340D42920B7C3DB6FBF9DD10BBF7DFBB66C7EFFF4E9D3FAE1C3872723191A663CECDAB5CBB063C78EFB5A80420B5EBCF0C20BA9E68F21A788652002EB08DBB66D6B5CBD7AB54B310B4438EDE7E0DAB56B3A2D08E00CF0775CBE7C59BDCA223A0F76EF5839D387450C561FE88403AEE82D59B244E9DEBDBB7CE0C001758A32A61ADFBA750BCB5A323AD5172E5C50AFE4A1E04A9EAFAFAFFCDC73CF29B88FEFE1B571E5CFBC231E1B1B5BEC3BD6D60C42A827588301015DAC6D579762986FE529DA4EACC52DD0EB331841459133B57FA2CF22237F0B3DD86ED6AE5D3BD318C17CEB4747C0EF37DF85C81E7D09676632998C484609919191726E1392E7E5B95468D54D0F40F859E1B53AA60725568B1290D7717AB64B33D47F7C7C9CE28358B162459D1814E3E67BA2B42EE403D111A2FCE50C7F109651F8FBFB672CA340A0C1FC3EAE1E80B7B7B7F2EDB7DF26366FDEBC449932652471024A79E38D373CB27A4DCC8CB04C4689E97D9B366D321C3972E4FE2BAFBCE28128BABDB783CDA516C5E973A0251C2DE840C85AB4BF63EEDCB92EBB77EFD6DBE3776A1D2BF13B5DC5EF77C867527494E42CDE1BA977EFDEB2E5D57A5C09C414D4DF7FFF5DC1F7B0E3C8F1E3C7D5190C6823DBB76FAFAE69C6005874A0D59FC1554464C146E7E23FFFF98F72F0E041B5F30E48EE659E8C4DFCBCD3753EC4605D6F99BBC616EFFF33CF3C93FACF3FFFE8C4C0C52A41080D026CD8EB1E5B752627A74D1CC3AE6A8B172F56EAD4A96395FF07831154583973FB3767CE1CF53938B68A62FB57D07653DBA6D8F21CEEE83E84651FA7B80A080848600B43594046DFAF7388014855AA543155AB564DC13851B48F4A5C5C9C7CFDFA75F9F2E5CBBA6BD7AEC9D9C413FA88D24D9437A4B4251B050A44A873AB9023C2196AAC74E9D2DA00E1F522F001409D5749BF2D3BB85E73B534238B93908CD914DF7FFF7DA6460EB326B26AF8C509CBA559B366A9083E88CE78CA983163DC366DDAE48C0D640B3B05239CE2738035EB4E769CAB5F376EDCE862EFDF9DBE4384DAAB5214FB5647566B8F31A0C41589EC12A461EA32F60447C70B570FC571A5608AB2184C2B818181B2BFBFBFA2EDC02006C15293264DD4A9ABE3C78F97CD07D8180460BDB5A3AF64E5046B7D516CFDFE8B018DDADE61108369DDD6EA54E3B5C5804936DF76109FB12953A6C8E23D54ACB53408C108BC975A30427C26DC1040669F8B9C99B3B67F0842607988B50292CEDCFEE597B6C44CE3E8BE84650E903B77EE700B4FA2CCE38E5952DACCEC07B46AD52AB573E7CE29D8A4006911B27B115C4C46325824BB3F72E4883E8BF801A6A7A1019E5E904084DA79494A4A728A83F8F6EDDBDAB46924C638EBE46FF4E46C1EBF915E70C6BB23A52D337168A39DDBA519D904231E0854205226BE64DA51E3CC9933BA59B366B98A8EF17DDCC7743E71822F293AC82E4EB84DE3BEF4522C3E071E1E69935AD28F73870723B469EBA2114CA953A78E5567274C9B36CD2DABC731DBE7B1C71E3321012B027358AE82ABD5CE4EFC7FE4FEFDFB2BE6D350B3821D30D6AD5B277FF0C107CADF7FFF2D9D3C79525D43BD72E54AF53F892B8F98DE8CC130AE0C8A63D5E9AEA0630BE7E6CD9BA7DAFAFDAF59B3A6096D1892EA6250F3E38F3F2AD658EFFCD1471FC9789F2C3BED57AE5C91DE78E30D4C29B74A9DE3BD1C3C78B07A1B415F31204B92888A205BB77F5A8E0A0421ECBD15A52DDA3F5BB59BFFFBDFFF74C9C9C919274C47F725CC97BEA923224F4FCE0823FAFFF17E88F4FF791D32E042F1175F7C91D4B061C35CB533E85F7CF2C927C92848303F6AD428778CF52C7ED7B4F471CEC0FC0622A2D31B69A7E89163DD6EFACD05561C28DA2B10F15F51CE496957DAF78882AC47EFE43050B51B7CE802020232020D7BF7EE3598DF5FBE7CB9C1B2210F0F0F97CF9D3BA7C30967FFFEFD993E3F98FA68F9BEF9FAFA7AE0C3FAF4D34FABBD709CF0BFFBEEBBC4F6EDDB97C0749FD75F7FDD99F245E0B315505C3E07DAD22B74C69C81F67760D68CF9CC1C5B74A810E8A85DBB762A3EC388028F1D3B3661E1C2852ED975BC9C89B6FD1CAEFE6CDFBE5DDD2A322B5BB76E55A7298B817046C6791C7F9D3B77C62E294A7A2757C6F4662C1F30BF32BF71E3C68C4EDDCE9D3B311D4F9D12ED884464E8844F9D3A35D9D6EF3FF2DA2081ABB85F02D3B7B18569418311E275B00443D2B626C46B952C5952BA7EFDBA3A5342D42D668C491F7EF861818F1D5C3D466E0B7412F6EDDB77BF186D954CC588ADDB3F1C93D83254FC9CF4DB6FBFA905FCFDFD1DF2FFB546FB67AB76133BA48D1C39D2DDF21CEEE83E8406D3CA79C410A9165906213083498CF3120B320E6BD7AE5DAA28F158528DB6C07CE6A730404ACB17313D3F8188CBEA3F6957B81DEEDAB56B5A43175988DE74F381275AC767A5026E71626D3FFCF043A6E5117ABD5E31CF306C79F243604A9C8C3D3EFDF4D32444C3C3C2C2EE9B7FDF7C1DA33851E9C587DB4394140422CC9F87E8DBAA55AB12F05A870F1F4E163F978C049745F4E077DACF41D5AA554DE90124A7A828EDEFA851A386CD3E0BE61D2904624E9E3C19EF8C03366DE09A15749431E8C4DA675C195CB46851967F3F92B261E08B6D24B57C2F3849E0E7B2FB9DF81E3AF8D88F1D5713FBF4E9A376EE70ECBFFAEAAB4A61DF7EF761EF3F92AFEDDDBBF7BE35821108E474EAD449360F4220E91DDE2FF1BBE5A4A424B5CE315DBC7EFDFAD94E436710828A1B47B67FF8DABB77EF8C764FFB3E967B14D7F723BB76333434549FD539DCD17D088D2DFB124485C83BE94101F363C31412129260997036BFDE7FFFFD947AF5EA9930EE432E09B36F4D96D276D3D89ED740847A34E3CAB7A3F7E1BD79F3A6FCCF3FFF9490D2968B441792377DAD330720F2039F033110318E1D3B3619494BCCBF3768D020772CF34041EE079CC8070E1CE82E3E98C99641080D2270A29390101010E09A53A7A39073EACF8176923E7BF6ACE4E8E31C835E24C0C15529D1C1B149D2C8EEDDBBA73873004274EAA4010306A8B90450B29B122C069A729F3E7D94E79F7F5EFD6A39806DD3A68D9A4D1EEFE7EEDDBB33FD1FD1D116C79C6CF65C69D9B26519F7FDFCFC145C31C455C2A27630E6F6FDB75630A25BB76EB296895FAFD7E3EA9C9AF11FAFB370E14245B49B726A6AAA9490902075E9D2453E73E68C92D71D6C1884A0A2C299DA3F51780CE5A2DDB45C477EECD8313590E3882DB1B14CC73C1081F7DF567D09A24204FB11CF377FC0567D055C64D6FA4E66C10843FA58E83F52369309B20D44B8BABAFE79FBF6ED9AC8D86BED69D279B175EB564540D475777A30C2D92516D60044505050B6F58B467DE6CC99EA9A63CC5E101DF48CD910DF7CF3CD033F77EEDCB9F8870D6C3B74E8604429A207BFD37F0E30FB050D1212CF600A797EAFC85A03A6D8A2F3D9B2654BA32D3A31784D679E01012FBDF4524676762447CBAE1E9048115F31BDD83C899AF6B398B6FCE69B6F66FA3F229B3C3A88E5CA959356AC5851EC3AD9797DFF0B1A8C10831B7560A5E585C0720CE482D07EBE5FBF7E58FA26FDFAEBAFEA739038B65DBB76F2891327729DBC9241082A4AD8FE15BE7613ED0EB2EB5FB972459D3D8D596068F7B08B8903C60A99EE376EDC38D51101112227F399F958BF54A952CAE6CD9B136CD55740DF69FDFAF509AD5BB72E61B64C031D1FEC23DB37AB9FC976E94572727250FAC1EDD06CBD2B57AEBC9B7E33B890BCE9D8B4788454086741A0E1CECDF31060C829A3AAF69C62AE507C0EBA76ED6A4C3FCE1D9A0F46348CEAD76EDDBAD92430151E1E1E3777EEDC24671EA8A1D3844E344A4E1D281C5B2879C9E48EE73AF3CE18B6969FF75F0B46609D3102750846582643CB0AAECA0D19322463970C71E2C796B48AE55AF6B56BD766041DF0DCAB57AF621A79AE8E430621A8280E7AD9FE15BE76B373E7CE99CED95BB66C71485FC2F2F75AFE5D44C51022822DCC1FC04E5AD65A8E911DCC8CF8EAABAF2C2F50F716A55E9E021152FA7A8EF5EB325F47CD0000200049444154D7BB386AEA3C921DFEFAEBAFDEE67F4F2110CDCF3E1596CF41C78E1D8DE98322C951C7390655488888DBBEBEBE36E93C709056BCE5F7FDCF4F30A275EBD6727272724610027921B24A74876518D3A64D531E7DF451F53E5E77DBB66D6AC67E062188A830B49B9603FED5AB574B0FDBCDC4DAB02464CF9E3D991EC316847C07A9989B617E07FDEB4E9D3AD9E5B840CE086D938274B83A3D35AF8188C3B22CFF82751ED3A74F7775440D0E1A34E88EC964C2EF5ECD013E91F561160C0A06373366CC70C8DF3066CC180541909E3D7BA6704045CE262FC10871CEC25544F536AEEA7A7B7B4B5F7FFD75B69FE9F7DE7B0FB3CBA4B265CBAAF7EFDEBD2B8D1D3B56DEB76F1F831044E4F4B0AB07966768F7712E9F3061825D67458C1A354AB6ECD798275E27FB3B71E244A6F12566FD61197056CFC56E55F7EEDD93596B5685DC1019D330318B4CF4F1EDBAA5F7175F7C617975B3A3280F4C65CB71FEBCA228E3C5979FE7CD9BE73A64C810BB0E12B027E9F6EDDB2BE0F32B596F4B4522B23065CA94A4366DDA949833678E3C78F060252F535E0B0A8932BFFFFE7B1D1AC9C9932727F3DD20670E46E494330259FA57AE5C99D1999265194B8E72CC2B81CF3D1258366AD428E3E7902FE28D37DE908F1D3B96297925831044E46CD0864D9A3429B97FFFFE19EB69302BE29D77DE9144BB66F3DF8FADA62D03B7E8D3F09D71AC51A346B9F7E8D12365D0A04129B8FFF9E79FBB8AFE9E6ECD9A350F4CBDEDDEBDBBC777DF7D875DFCE41123463CB02E6BF4E8D1C9C82777E8D0213D923B6B70A17CF1E2C5595E28B7DCD5AF18CA94A80533846CBD24C312B6F66CD8B061EA912347F4167FD7B25C0722041CDD5B626363FDD0C8ECD8B123C11E7F3C22AA9D3A75BAA7284A497177B62897785813D90692D162CA5648488861E0C081B2960CCC1EC739B68744A4FCBDF7DE4BC6E08AEF0615D66004B2FC272727E7F9D869D0A0018E811C7F8E4108227256FDFAF54B9933678E2B2E20E23ECEE96270291F3D7AD4A6173610FC157D884C57D2D1977164827D1BB99D3E789B283979D2FEF4E4E7D8E4C0B86AD52A1704AAD0D7FBF4D34F5D45495ABE7CB98B38771AB5F317EE3FF7DC73A9F5EBD737E1792B57AECCF8FFFDFEFBEF3AECCAF7D4534FA97DC3C3870FEB4F9D3AA53B7DFAB45E8C11D500C733CF3C933A62C48894912347BA75EBD62DE5C5175F34356DDAB444113FE472F379E8667EC7CFCF2FC5117F28966E590422BA59062274B9789D51B22CDF161D2EC3279F7CE2668F3F5C54D89DCB972FFBA40720A6B39927B2AD2FBFFC32E9D1471F55B046DD5ED32A070C18201D3F7E5CC67EC6E277723604159A60445E13581604831044E4EC3EFBECB34CB3109027E2B5D75EB359FB8876D1D7D737D3EB63D03B6DDAB4A2381B026BF74689F28F289F8BE2B4DB81200881A014662EB46AD5CA1811112123DFDF881123926FDEBC29E37B588A81E7623906EE070606267DF8E1876E781C4B6A50F0F3EFBDF79EDB9A356B12B46536E239C9FEFEFE29083E4C9D3A35593CAEDCB973470E0F0F573F07E233A1C36DB3DD1A8AAA877D1E30953263FF632C1315C78A4382735924A06F21594C82C84D20E292A2288860184543E3FACD37DFB8D8F28F1E3E7C78DCCE9D3B2B8B9B685D7C45B9C5269EC8B630C059B76E5D42FA895CDD7ED096C68F1F8F251972C9922595909090046F6F6F0EAC88C108062188A810C2D4F9B163C766BAA070F8F061A96DDBB632DA316BC24C88962D5BCA972E659E2CBD60C182448B0479458D47610848688182AC0ABEA73D6FDCB871AE980DB17BF76E436868A8417BEFD2674D7860002DDE635D4E8185CB972FEBC479517FFDFA751D664BE0B6A312AF3BD1E7E171F327D5AF5F3FD5CBCBCB21FD06F45B2A56AC68FEBBDDD30325790A44C03E5186E1C63BEFBCE36E8B9911F8A0F9FAFADE993B77AE9617E20DB4376CDE89EC03D3197122C7ED010306C8B6981981E3BC4F9F3ECAF4E9D365043DD6AF5F9F68EF756B44852118C12004111526987A8F69F796C188E79F7F5EC6576BD8BE7DBBF4E28B2FCA0846981B3C7870B2968FA0180F400B95C71F7FDC54AE5C3905E3CA254B96247EFBEDB72ECF3CF34CC99F7EFAC920CEABF7F7ECD9731F8185E79E7BAEE4FEFDFBF5085060B907966688FEA92B6643346BD6CCA80538305B02B74B952A55DCCE93969F876AE6DFAC5AB5AA43FBD859FCFE4C8108431E5E6B71FAD7F9981981C8D3B265CB12ADD131C29A22D178DD0D0F0FD7664260BFD1ED1211D9154EE408160C1F3EDC1D3323C4712E23999E35D679E2EA45EFDEBDA5DF7EFB4D879910D8CF18575158EB549883113925B0641082888A9375EBD6253669D2A484962F02B04CA369D3A632CEFF62A09829096F6E21F0801D85B66CD9F2C0F7DAB66D6B9C376F9EB32DC96861C701E80851FE7296FFF8A64D9B0C61616125B3FADEEDDBB765040C701B5B3C624986785F9370D53E242444BF62C58A04E48BD09E8F7E626868A8FED6AD5B72BD7AF552117C10E747599C1F53C5F95127BEEFBA7FFF7E036E234051BA7469E5C68D1BBA62F639B0FC3C641AF88BFEBB43FB0EB86063F9507E03115A30E2A2281B4487ABDCBFFFFD6F0F3160318E1B372E195368F22A262646161FC2BBE28354CE6432612644A494B61CE32C9B7322C7C00E39E2D836F5E8D1C363DBB66DF2534F3D258BE35C1933668C949FE35C9C38B02386B478F1621953E6B0D517966314F12994C4600483104454AC600A38AE668BFE833B72CB698FE302C7CA952BA5B56BD7AA01093F3F3FA575EBD639F62930CB0C3320B66CD9220707074B594DD1EFDBB76FCA37DF7C938819964E1888B0D72014FFF92AE9B71DBA0D268205081E74E9D2457DB3DE7DF75DB72953A6246BCB6F11A4A851A3867A7BCD9A3506CC8240EE07D1EF7447B2C9D75E7BCDC3F2355F78E105D3FAF5EB13D2C78DA9B8108E19BC952B57C68E536AE0E2EDB7DF764780038F8BE71A8AE9E740932910830B7F8EAC0004872C1F2A482002F689F2A2285FDCBB77CF6FDAB469FA458B16E97AF5EAA5203B26F614CEA941C0404474DC0CCB962D8B11839152292929FF92D29662AC14652CFA616CCA891C0B8DF9A14387EE7FF4D1476ED84D23202000DB24615B4164C1559A3469223DEC380F0B0B93366CD820A103111B1BAB2EC578EBADB752909888032B6230824108222A9AC108ECB28765DC98416DD93758BA74298A8C3612BB0655AB560D576D25373737253E3E5ECD29111919291D3B764CCA6EBD3FFA1373E6CC49C4851327AD867DE9C51A2667F3F88DF4524D943B52DA9477879E2F060E1CE82ECE5B092FBDF452895F7EF9E5FE7FFEF31F93E8377AECDCB9F33EDE33D11F44C7D1880494717171B2183BA660A0DABB77EF9466CD9AA55EBE7C391EAF23C69225264E9C9894D30E28D80EF4E4C993BACD9B374B980DB16AD52A6CE5AAEED0F0FCF3CFEBB4249745E87390DBCFC393A2641C774949490E0D4EE17DB67CA8A08108408698D7D2A33C536FDFBEDD64DEBC799228AE8F3CF208B6E14BA859B3A65CA54A1577342CE2FBF1515151C62B57AEC8E7CE9DF3321A8D08816A51AF6DA24C10E5149B6F22E78181D00F3FFC90806971E284E0863D9C67CF9E2D8922972B574EAA53A78E820E841828C938CED3B316ABD330B11B86F99A79AC1B45366BF32977440C4630084144451372463469D22475ECD8B16EE64B35CC062818389A3F94AB011306ACD8A5A371E3C6CEBC4D27FE6301361A78FE579473E963B03DA2048AF24E0E0354BBD8B1638701BBAF211025FA81EA7B89409176D1EAF5D75FF7F8E8A38F92BB77EFEE2EFA8E262DA70776D5F8F5D75FF51111110F0D1E205025C691B8F8EDFEC61B6F18B144038FFFF6DB6FFA7AF5EA99B46498595C852F0A9F83DC7E1E968832C7AC6FE1D040C4F5EBD72D7FFF756B0422CC2BB8A9288D447955946E77EFDEAD75ECD831574432CD5826B7C437B1D06BABC46518444E0D116951EE2310B16DDB36C3C68D1B0DC8EB1216162663D643761D08ACF9C32C293F3F3F2397611083110C421051F1823C50284834181010E07AE5CA957CAFDF471B8B0044A74E9D8A6B6E29F30127668F3F2B39D12CF2F9F3E7BB0C1E3C580D2E20F870F5EA5519CB271070C0D69DC80FD6B061C354E4F3D8B3678F21383858467F12390C5E7AE9A5D4F45C06EAE703336130804570420B2C74EBD6CDE3D2A54B72FBF6ED533B76EC686CD7AE9D515BDAB36AD52A0541889C665014A3CF430BF32761671147FE9191919196E383486B06223487D30B6636544B2F554541863B7C4AE2D22BE79A94B61306975F101532B8FA8082AB1C383960BF66347088B662CF672F2F2F35294EC58A154DE8307020450C463C3C18C12004111575FDFAF54B79FBEDB753C2C2C2F45BB76E35A0E426288136B16BD7AE460C3C9D7C0684ADAD75D6008466F1E2C589083CE0F6C8912393C579AD8496D7030183499326A9DBBB2290248A847E24965F68C104E479D05E0B79CAB07B8628EA7D5CD05ABD7A7582766E3C71E284AE7DFBF625CC7FFF942953908F42BD8DA0C4DCB973938AE9E721CAFC89C78F1FD721B0939F1C6F05856094C5716EB4FCECDA22A147A465B483888A164C9F13053753591B44F90B4630084144C505AE92A7CFB0540789985989814A761734D0266A03DB622ED19903101AF3F70A4B321E96BFC3721906925CE6F67761996F5858D87D7E1EB2FC3C5C4A1F8757C31D2C67D9B56B97C1113389366FDE6C19673898FEF7DB3410414444C460440EC108062188A83843BB270A6EF28246CEAA4B9C494E79FB3C20FDC1071977B66C71482062EBD6AD2E59FC5D99E8F87E1211115997168CC01EDA070F1E44C2D68C04AE0C421011512E31084179FD3C6C35BF131414E482D947F6FC238F1C39A2177D207D4E7F17301041444464035905232E5DBAC42004111111D90A9640446A77902362DCB8716EF6FC03468D1AE596D3DFA46120828888C8462C83114F3DF594CC2004111111D90896614C367F00B322B0FB9D3D7EF9FAF5EB0DFBF7EFB7FC5D13B27A2E031144444436A40523CA9429A3208B78A54A95188420BB295BB6ACE7C89123DD70558C88888A8555A29CD2EEA0EFF1FAEBAF7BFCFDF7DF365DA271FEFC795DBF7EFD2CB7E8406E887D593D9F81082222221B4330A2478F1E6A16F16EDDBA191984207B8989899167CE9CE95AA64C192F062488888A8D31E677AE5DBB26FBF9F979DCBB77CF26C10804397C7D7D3DB05387D9C3989D3121BB9F6120828888C80ECA952BA7061F3C3D3D198420BB430082010922A26263A728D3CC1F4012C9366DDA587D66046642B468D1A2447878B8656C61B02867B3FB390622888888888A09062488888A0DCC46D866FE008211CF3FFF7C496BE58CF8E1871F0C8D1B372EF1C71F7F58C615E68BB22CA79F35F0FD212222222A5CD6AC5963F8FDF7DFF37D41490B48CC9D3BD7D5C7C7C7C41A25222A927A8A7240947ADA0358A6D1BC79F3123D7BF64C993E7D7A52E5CA95F33C5313B320C68C19E316121292553CE12751463CEC351888A062EFF6EDDBF1E20BB69989636D103987B8B8B4C3D1CBCB8B95416401418837DF7CD3C31AAF8524665151516A404351B86A88ED1F1115B5264594A6A20489D2D1BCEDFFEEBBEF5C366CD8E08280849F9F9FB15DBB76467777F76C5F08F925424242F45BB66C71D9BC79B301AF9185A5A2BC2BA5E587C81103118EA1CE834C4A4A9259158E171E1E9E927E338AB5517C7978A4F5E9D38F4BF6C61D4C0C8CD4AFD861A2C89E081213A51D3B76188283830DE9834BCE91A75CD16642346BD62C55941C3B7BD3A64DCB72FF786F6F6FE5B1C71E33454646EAB0A30B8211C9C9C96CFFD8FE1151D10C46F88A325594F1967D91152B56B8A0942C595279EEB9E74C55AB5635F9F8F8286E6E6E0A924F464747CB972F5FD69D3871429FC3723E9C8B8689B238B77F1403110E3AC7E09F4B972E31478713F8E38F3FB480D035D646F1253A7C4AFA71C9CA7002DAFBA0BD2F45C9C58B1775BD7AF572471002277CECA6F1DA6BAF19F9AE535E21083175EAD4E4BC0422EAD4A963AA5DBB76EAFEFDFB0DAD5AB54A1D3B766CC2EEDDBB0DFEFEFEEE6CFFD8FE115191869C1107459921992DD5D020E820CE0DC81D91D7FC11FB44192BCAE1BCFC1003118E11867F76EDDAA54695729A0243B675F5EA55392222E231292D52788C35527CB56CD9521D08FEF4D34F128F4BC7C2D5C0E3C78FCB88CC376CD830B5B0FF7FB4990F5BB66C51CFB9478F1ED58BC15FF29C39739270559AEF38D98379000257BA4E9E3C19AF6D23CBF68FED1F11151B3BD38BBF289345A95680D7C28E18D826747B7E7E988108079D670C06C37FE3E3E3FFB366CD1A977EFDFAA5B04A1C63F6ECD977C5174F51F648E94B66A87842A29EA79F7EDA74E6CC19DDBA75EB247F7F7F568A832C5DBA14832319576B0BEB80C87CD98536F3A16AD5AACAD9B367A5DEBD7BA70C1A3488ED3ED94DF7EEDD53B20A40B0FD63FB4744C5D62A51BE17A589289D45F1CB6550E28228C1E9C187C305F90318887010A3D1385D7C593B71E24437D141307A7979F1AA989D6136C49C3973CAA4DF0D648DD0E8D1A39390006EFCF8F172D7AE5D154F4F4F568A9DE16AE0575F7DA52E5B1B33664C7261FD7FBCF0C20B25CB952BA760D98536F361C28409AEDBB76FE77997EC0A83D9EC02106CFFD8FE1151F11E924A69CB2A50B0CBC5E3A25412A5AA283E38854869B3C6A3A5B425EC583766B59C7ACC51E038EB443986ED53C409DF3D9BACA36423C8FA2A060AF752535391A11051BDC3AC15EAD5AB97B17EFDFAA9E80C76EFDE5DE671695FC814DFB16347F52B7226346EDCB8D04E4B3E7DFA747C6868E87DCC7CE0F20B72A4F0F0F0B8B973E726E5148460FBC7F68F88283DD080A004664BE0226D80285F49693327F649564EECCF408463759765F93A924475E8D0C10383635689EDFDFDF7DF72DDBA75EF89AF15A4B4E94503592BA4090E0E4E2C5FBEBC82B5D2BEBEBEB2B68D1AD9567474B4D4A2450B0CE0E5279F7CD2B46CD9322E9522B282870520D8FEB1FD2322720406221C2B5251946E38072118214E3EEECB972F77C9615B142A00047AA64F9F1E5FB56A55F9CA952B084220EAF79A2877583BA4A95EBDBA69FDFAF5095A67FCA9A79E9257AD5A25F1B8B40D0C74E6CC9923D5AA554B4DD056A3460DD3E6CD9B13B09D206B8788ED1FDB3F22A2A2896B551D0F5BA8BC28CA86E8E8E806FDFBF7370C1D3AD4D0A64D9B44D10170C5FEADACA282B97DFB76FC891327128E1D3BF6586A6AAAB6E8F52751DE12E5166B882C356BD62CF5D75F7FBDDFAD5B3777EC99DCA74F1F79D8B06152FBF6ED95279E7842E671699D0EF8850B17A4D0D050591BE4B46DDBD6F8FDF7DF27722983EDA1CE8F1C39A28F8A8AC2FEE0BA989818564A3E894123B6593461AB45EC72603014EEAE15DB3FB67F44440C44141F91A23C2F4A0F51C6889352BD6DDBB6798AC29AB10EF33DD411F8992C4A28AB8572822B83C78F1FBFBF66CD1A436060A01BB2C96FDCB8515B3EC565545684B5D093264D4A6AD7AE1DD744DBD8A14387F4F83CEFDDBB57CF69F7D657AA5429A543870EC6F1E3C727D7AE5DDBC4F68FD8FE111131105118AC4B2FC856DA3CFD2BF76E2A38F4B6A3D2830F9C01417982046E28D865E5E79F7F36E00A724242022BA680BCBCBCD4ABC86DDBB64DE51540DB8B898991070C18E0B169D326BDF65883060DA4C71F7F1C3B2AA80368D652FEC4C6C6CA48F0882BDC67CF9E958382825C366CD8E0D2B76FDF94B973E72616E62D18D9FEB1FD23226220A278C1A0F97B560391F3A85CB9B2F2F6DB6FA7B026A8B0397FFEBCAE4B972E252E5EBC28634BC69123472A03060CC0408895631D1903C94B972E490B162C90E7CF9F2F2D59B2C4E5F4E9D3BA2D5BB624E4256124DB3F22222A0E18882022222AA26EDEBC2977EAD4A9C49F7FFE29D7AB574F0A0909512C03103B76EC90828282A4888808D9CBCB4B1933668CD4BC7973565E3E6086C9AC59B394FEFDFBABBB4E200F879F9F9F475858D8FDC23C33828888C8DAB86B0611115111D5BB776F0F0421B00CE3C081039982104892D7BD7B7769D0A041F2EAD5ABE5E3C78F4B090909484C287FFAE9A7ACBC02A85BB7AEF4EBAFBF2AD5AA55539382BEFF7FEDDD0D6C55F5DD07F073E04A31C2864419E48105B669CA209319B7F1389CE86024CE0D0C10829B43A3C605F662820B2C6E5A826432D96CDD34318121D9C0B1D5B82566A2C0A0D36D2CA9284E33623AA8A10D7D12180CDA5146CB79CEFFD04B5A2C2F4A392DEDE793FC7BEEBDE7DCDBDB5FDFEEF9DEFFCB77BE2385008076041100D00BBDFCF2CBFD431B326448D613220CCB68EFFEFBEF8FFFF8C73FC6F5F5F5D9F5104C54555585790EA2952B5766C1041F5C987B23D43DACA2B17AF5EA4BC210195501E8DDC26A7D6D17CD087D16FE2902402FB464C992EC5DF8B2B2B2249C14B7B779F3E6F04E7DF4AF7FFD2B1B4E70C5155774D81FC2891FFFF8C78A789E42CF88B0F4654B4B4BF4C8238F0C5011E002C8D6803D7AF4A8156D7A805DBB7615E7D3A9538D3333470400F432616E88BFFCE52FFDC2BC0461BE8253BDF2CA2B51535353F48B5FFC22EAD7AF5F545B5B1BEE13BDF9E69B594091BEA00DAB408417B566F43F4F0B162C48CACBCBE33FFCE10F851048841E12005D283BE1ADA9A9F106730FF0CE3BEF1403A17AD53833FF0D01A097D9B87163B64CE7942953A2538764147DF5AB5F8DA64E9DDA61F58C868686E8A5975E8A0E1D3A147A450821BA40E871326EDCB8E4EDB7DFCE26AFBCFEFAEB5B5505E84255E143188A1786D89918B7FB84A58E77EFDE3D2C3A312CA35A45CE4C720600BD4C5D5D5DF6FFBDB4B4B4D3FD23468C887EF4A31FBD6709CF308463DEBC79D1B7BFFD6D2F66BB50F1FB907E5F749D06BAFC4F7EA150F87B535353BC6EDDBA4B94A3FB9497971F6ABBB8296A1B32C3E9092200A097397CF870B6BDECB2CB3AEDD5306EDCB8304FC4697B3C842104C61B779D51A34665B52C0644005D29FD9BBD2C6C1F7AE8A192F4EFBFBFDDDD20F486A8A8A8B8BCEDEA7215393BFF1001A08F99346952B469D3A6F8E0C1839DEEFFFDEF7F9F4C9C38D1D08C2EF2E10F7F38ABE58103071403B810D6A7ADBABEBE3E9E3973E6C01026939F10FE7CEE739F3BDCDADA7A697AB5326DDB54E5EC041100D0C78471C423478E4C962FEFFC4D9BCACACA2CA408C7017051981DC7F1FF6DDCB8B170CB2DB75CAA67443EF6EEDD1B8F1F3FFE70BA1D915EDD99B67B55E5DC98AC1200FA88F02ED9934F3E99BD7BB368D1A2E8924B3A1F4EFCECB3CF8610229E3F7F7EF4D18F7E34094B509EBAC427003D4A6D9224B3D2ED6F376EDC38FCEAABAF1EB86CD9B296DB6FBFFD98397FBA5EF83FFAC4134F342E59B264F0B163C742085193B6DBD2765075CE8D200200FA801042A42F98E23019E5DAB56B4F1B42B43F3ECC2571F7DD77C7E5E5E5C9A73FFDE968FAF4E90A09D073BD9AB6FF4DDB6F1B1A1AAE4BFF7E17162C58509832654AF3D8B163079494941872779EF6EFDFDFB47DFBF623D5D5D5C35A5B5B8BCB526D48DB1D69DBA742E74E1001007DC0D34F3F1DDD77DF7DD94A19D3A64D8B56AD5A154286D31E5F5151117DED6B5F8B860C1912959595C5E9FD9337DE78239A3061826202F45CB569FB4CDAE6A46D717373F384175E786150DA54A66B94B4BB1C829FB2B46D5696F74F1001007DC0BE7DFBE2E2729D13274E8CDE7DF7DD28CC1111C28910361435343464C337264F9E1C8D1E3DFAE4EDA167C492254B4210E11D35809E6F7D5B0B7FF86F6CDB1AA371FE1AD356179D081FF480380F820800E883E6CC997332740813530E1A74A287690825162E5CD8219CC85E30140A51FFFEFD851000179770D2BC5619E869041100D0C76CDDBA35EBF1307CF8F0E8C1071F3CA7630100BA8AE53B01A08FA9AAAABA20C702009C0B4104000000901B4104000000901B4104000000901B935502401F90A4CACACAB2CBEFBEFB6E9C5E3EA71530DECFB10000E7421001007D40318468F37E8205210400D0A50CCD00000000722388000000007223880000000072238800000000722388000000007223880000000072238800000000722388000000007223880000BA4D737373B46DDBB60EB785EBE1F6DADADAA8A1A1A1D3FBEDDCB9B3C3F5331D0B00F42C052500003EA8EF7DEF7BF1BE7DFBCE78CCA2458B92D2D2D293D7D7AC59137DF18B5F8C468E1C99850773E7CE8D77EFDE9D14F787EB5BB66C499E79E69968CC9831D1BC79F33A3C5E4D4D4D3475EAD478CF9E3D27EF73BA6383F0FCDE7AEBADE88A2BAE88C68F1F7FF2F6969696A8A2A2225AB870A16F2400E4481001001791A143870EBAEBAEBB8E2D5BB6ECE8C08103BBFDF9CC9C393309BD174ED5D4D414DD7FFFFD7138F90FADE88D37DE887EFEF39FC7F3E6CD4B0E1E3C18D5D5D5658140E8D13068D0A0A8B1B131BBDE3E4408FB0A8542165C04AB56AD8ABFF9CD6F26CF3DF75C76FFEF7EF7BBA77D7EF7DE7B6FFCEB5FFF3A9A306142F638C3870F8F5E7CF1C5243CA7F0986FBDF556BC66CD9AA4B3000300104400409F77E0C081F8A73FFDE980A79E7A6AC0FCF9F3FFDBDD81C4C48913DF735B7575751600CC9A352B5ABA7469124EF88B962F5F1EDF73CF3D594F86AAAAAAE857BFFA551C0289254B96C4A5A5A5C9860D1B3AF4B058B97265FCC20B2F6401C2B3CF3E9B8517A1F7C3EBAFBF1EBDF4D24BA11E278FDDB66D5B1C866CBCFAEAABD18C193392D0D321041E3FFBD9CFA250A31070DC74D34D71780E8F3DF658F61C162C5890DC71C71D5930E2A70B00041100C069845E083D2990287AF2C927A3471F7D347EE699679230FCE2D4E7FCBBDFFD2E7AFCF1C7B3EBD3A74F8FAEB9E69AA4BABA3A5EBD7A75160484611C63C68C898BF759BC787187DE0AE5E5E559A8D036B744BC75EBD668FDFAF5D9108F4993264593274F4E1A1B1BE3622F8C70DBC9173D854276BDFD5C12D75D77DDC9792A3A0B550000410400709640A23B9F4F656565A72144108665848020F46E38F56B58BE7C79164C8490A0FD508F9D3B7786B02129DE270CCB0881C2DFFEF6B76CA84508161E7FFCF164C58A15D91C1173E6CC89FEF18F7F74DABB210CFB08C3341E7DF4D10EFB4318111E4F100100820800E875FEF4A73F157EF8C31F5EB040E289279E18909EB41FCFE36B69DF73A12804095FFFFAD7E3537B67AC58B122F45488468F1E7DF2B63004E3E9A79FCE86661C397224FAF39FFF1C8655C4E1B8A230CC227DCC78D2A449C99E3D7B428F88E481071E8843E0907ECDC9EEDDBBB3B925DAFBF7BFFF1DC28A0E61431896317BF6EC38840DE1BEED85FBD7D6D686AFE5820ECFA8AAAAEA9F7EEF0774C5CF90DF2400041100C0198D183122693B89EC1FDA85FA3CE184BBAEAE2E5B9E3B492EECB407ED57BA280A73303CFCF0C3C9E4C993DF1E0195CD000008F049444154737C1842D17E22CAB07A460821426F87B2B2B2ECB6BBEFBE3BD9BA75EBC98023CC27511C9A11028A101A3CF0C0039D3E9F3071657AA21F57565676583D237CCEB01247B8EF2F7FF9CB4E8B92C7B096575E79A5105A57FF4C0180200200788FF9F3E71F0BDBBD7BF7C6E7F3388F3CF2484967B75F79E595C9B061C38ED7D6D6F61B326448525F5FDF2F8EE31E55838F7FFCE3D9D29B456132C9F4F96613548640220CDD083A1B9A112E9F6DE844FA7587A0225BF673C78E1D59EF8B103E841022EC0F935DB69F38B328F4CC481FFB829FD4DF70C30D2D37DE78636B578510C59F290010440000670C23BA328818376EDCF14F7EF293ADA1BBFECD37DFDCFAFDEF7FFFC8534F3D75C9E9028BEE1496D00C4218F1894F7CA2C3BE30A463CD9A355960D0D9D08C7079FCF8F1C9E97A2E84F92142CF8A69D3A6154FD4E32F7FF9CBC95D77DD156FDAB4291B1AB276EDDA6C5FFBE3426F89F0398A13685E48218458BA74E97FFD2600208800002E3AED0388F4C43A79FDF5D79B7A4257FDF6BD19DEF3A2A35008F3476443341E7CF0C10EFB4A4B4BA3E2CA19A71B9A71AA104AECD8B1236E6969E9704C583E34EC2B4E8C3963C68C6CEE89769F2B2906119B376FCE02925383110040100100B4993D7BF6B19E14408493F97BEEB9270402590F83102A9C4E589EF3861B6E88172E5C9884A53E57AE5C19B75F62F3FD086142188671D5555775188312866384492DC3E5C71E7BEC8CB559B1624536A7859F2A00C88F2002002E22E19DFE9ED40322F8FCE73F1F6DD9B2257B2EA107C299267E0CFB9F7FFEF924F49CB8EFBEFBA299336726ED57D208C25C0EE1B83BEFBCB3D3C70AFBC336CC09F1E28B2F7EE01A84D064E9D2A589653B01205F820800B888ECDAB5ABB1A7AD9610C28253C38433193F7EFCC9CBA72EBD19148381D33D6657050761A888100200F2D74F0900E0E261C94600E0622788000000007223880000000072238800000000722388000000007223880000000072238800000000722388000000007223880000000072238800000000722388000000007223880000000072238800000000722388000000007223880000000072238800000000722388000000007223880000000072238800000000722388000000007223880000000072238800000000722388000000007223880000B8801A1B1BB3EDE0C18315030022410400F43A975E7A69B63D7AF468AC1ADDAFAEAE2EDB8E1C39F2B86A00802002007A9DF4843709DB9A9A1AC5E8018ADF87E2F70500FA3A410400F43237DD74534BD86ED8B0216A6E6E56906E147A43BCF6DA6BF165975D967CF6B39F6D55110010440040AF336AD4A8E4539FFAD4F13037C1FAF5EB15A41BAD5CB932EB0571F3CD37B70E1C385041002012440040AFB468D1A2A361FB831FFC202E4E9648BE426F889FFCE427D96BADC58B17FF574500E004410400F442B7DF7E7BCBB5D75EDB1A4E8667CF9E1DB7B4B4284A8E42F873EBADB766DBDB6EBBADE5FAEBAF372C0300DA082200A097AAACAC6CFEC8473E9284B922BEF295AFE819919386868668F2E4C9D18E1D3BE2ABAFBEFAF8AA55AB4CD40100ED082200A0971A3366CCF1DFFCE637478A61C4D8B163E3356BD698C0F20209414F454545545A5A9A4D50F9B18F7DECF8F3CF3F7FE4F2CB2FB75A0600B453500200E8BDBEF0852FB4FEF5AF7FFDCFAC59B3066EDFBEBDFF9D77DE197FEB5BDF8AA64D9B965C75D5557149498993E4F31402889D3B77469B376F8E8B21CFD4A9535BD6AE5DDB7CE59557AA2F009C42100100BD5CE819F1DA6BAFFD67DDBA7585E5CB9797BCF9E69BFD9E7BEEB9B86D77AC425D27CC05F1F0C30F1FFDD297BE644E0800380D410400F4116102CBD0F6ECD9136FD9B2A5505757171F39724461CED3E0C183A39123471E9F3A756AAB1E10007076820800E863468D1A957CE31BDF38A612004077305925000000901B4104000000901B4104000000901B4104000000901B4104000000901B4104000000901B4104000000901B4104000000901B4104000000901B4104000000901B4104000000901B4104000000901B4104000000901B4104000000901B4104000000901B4104000000901B4104000000901B4104000000901B4104000000901B4104000000901B4104000000901B4104000000901B4104000000901B4104000000901B4104000000901B4104000000901B4104000000901B4104000000901B4104000000901B4104000000901B4104000000901B4104000000901B4104000000901B4104000000901B4104000000901B4104000000901B4104000000901B4104000000901B4104000000901B4104000000901B4104000000901B4104000000901B4104000000901B4104000000901B4104000000901B4104000000901B4104000000901B4104000000901B4104000000901B4104000000901B4104000000901B4104000000901B4104000000901B4104000000901B4104000000901B4104000000901B4104000000901B41040000C079D8BF7F7F53DBC546D580B3134440F7690E1F8E1E3D1A2B0500C0C56BD7AE5DC7DA2ED6A9069C9D2002BA4FF68FAAA6A6C6EF2100C045EC9D77DE29BEB154AF1A70764E80A0FB54850F2FBFFC72FFE6E666D50000B808EDD9B327DEBD7BF7B0E8C4B08C6A1581B3134440F7A92B140A7F6F6A6A8AD7AD5B77897200005C7CCACBCB0FB55DDC14B50DBD05CE4C1001DDA8A5A56559D83EF4D04325870F1F36570400C04524F486A8A8A8B8BCEDEA72158173D35F09A05BBD9DB65B0F1F3EFC3FD5D5D5FDE6CE9DDBD2AF9F7C1000A0A70B6F225D73CD35870F1D3A148288CAB43DAE2A706E0411D0FD36C6713CF79FFFFCE787B66DDBD67FC68C19AD252525AA0200D043EDDDBB37BEF6DA6B0FD7D7D78F48AFEE4CDBF4C8B00C38678208E87E07D3B62D6DB7ECDAB5EB43AB57AFEE3774E8D078ECD8B1C70B8582EA0000F410A117C48A152B9A66CC985172E0C081A1E94D35D18910C2B29DF03E18930E3DC7E8B4FD366DD7852B03070E6C9932654AF3D8B1630794949424CA0300D03DF6EFDFDFB47DFBF623D5D5D5C35A5B5B8B938C6F48DB1D69DBA742F0FE0822A0E79993B6C5699BA01400003DCEAB692B4BDB66A5800F4610013DD7C8B4DDD8B61DA81C0000DDA6313A31FC22840F7A400000000000000000000000000000000000BDDEFF03058F472891F1E8B70000000049454E44AE426082, NULL);
INSERT INTO `act_ge_bytearray` VALUES ('1542457093437792262', 2, 'hist.var-entity', NULL, 0xACED0005737200176A6176612E7574696C2E4C696E6B6564486173684D617034C04E5C106CC0FB0200015A000B6163636573734F72646572787200116A6176612E7574696C2E486173684D61700507DAC1C31660D103000246000A6C6F6164466163746F724900097468726573686F6C6478703F4000000000000C7708000000100000000C740002696474001331343937343337373932373737313334303832740008757365726E616D65740001317400086475726174696F6E740003332E307400097072696E636970616C7400013174000C636F6E7461637450686F6E65740001317400096C6561766554797065737200116A6176612E6C616E672E496E746567657212E2A0A4F781873802000149000576616C7565787200106A6176612E6C616E672E4E756D62657286AC951D0B94E08B0200007870000000017400057469746C657400013174000B6C65617665526561736F6E74000131740009737461727444617465740013323032322D30322D32362031333A30333A3535740007656E6444617465740013323032322D30322D32362031333A30333A353674001170726F63657373496E7374616E6365496474001331353432343537303933343337373932323538740011616374427573696E6573735374617475737371007E00003F4000000000000C7708000000100000000C74000B73656172636856616C756570740008637265617465427974000561646D696E74000A63726561746554696D65740013323032322D30362D33302031383A33363A3433740008757064617465427974000561646D696E74000A75706461746554696D65740013323032322D30362D33302031383A33363A3435740006706172616D737371007E00003F4000000000000277080000000200000000780071007E00037400133135343234353730393433343337363139323174000B627573696E6573734B65797400133134393734333737393237373731333430383271007E00197400133135343234353730393334333737393232353874000673746174757374000777616974696E6774000D636C61737346756C6C4E616D6574001D636F6D2E72756F79692E64656D6F2E646F6D61696E2E42734C6561766574000F73757370656E646564526561736F6E7078007800, NULL);

-- ----------------------------
-- Table structure for act_ge_property
-- ----------------------------
DROP TABLE IF EXISTS `act_ge_property`;
CREATE TABLE `act_ge_property`  (
  `NAME_` varchar(64) CHARACTER SET utf8 COLLATE utf8_bin NOT NULL,
  `VALUE_` varchar(300) CHARACTER SET utf8 COLLATE utf8_bin NULL DEFAULT NULL,
  `REV_` int(11) NULL DEFAULT NULL,
  PRIMARY KEY (`NAME_`) USING BTREE
) ENGINE = InnoDB CHARACTER SET = utf8 COLLATE = utf8_bin ROW_FORMAT = Dynamic;

-- ----------------------------
-- Records of act_ge_property
-- ----------------------------
INSERT INTO `act_ge_property` VALUES ('batch.schema.version', '6.7.2.0', 1);
INSERT INTO `act_ge_property` VALUES ('cfg.execution-related-entities-count', 'true', 1);
INSERT INTO `act_ge_property` VALUES ('cfg.task-related-entities-count', 'true', 1);
INSERT INTO `act_ge_property` VALUES ('common.schema.version', '6.7.2.0', 1);
INSERT INTO `act_ge_property` VALUES ('entitylink.schema.version', '6.7.2.0', 1);
INSERT INTO `act_ge_property` VALUES ('eventsubscription.schema.version', '6.7.2.0', 1);
INSERT INTO `act_ge_property` VALUES ('identitylink.schema.version', '6.7.2.0', 1);
INSERT INTO `act_ge_property` VALUES ('job.schema.version', '6.7.2.0', 1);
INSERT INTO `act_ge_property` VALUES ('next.dbid', '1', 1);
INSERT INTO `act_ge_property` VALUES ('schema.history', 'create(6.7.2.0)', 1);
INSERT INTO `act_ge_property` VALUES ('schema.version', '6.7.2.0', 1);
INSERT INTO `act_ge_property` VALUES ('task.schema.version', '6.7.2.0', 1);
INSERT INTO `act_ge_property` VALUES ('variable.schema.version', '6.7.2.0', 1);

-- ----------------------------
-- Table structure for act_hi_actinst
-- ----------------------------
DROP TABLE IF EXISTS `act_hi_actinst`;
CREATE TABLE `act_hi_actinst`  (
  `ID_` varchar(64) CHARACTER SET utf8 COLLATE utf8_bin NOT NULL,
  `REV_` int(11) NULL DEFAULT 1,
  `PROC_DEF_ID_` varchar(64) CHARACTER SET utf8 COLLATE utf8_bin NOT NULL,
  `PROC_INST_ID_` varchar(64) CHARACTER SET utf8 COLLATE utf8_bin NOT NULL,
  `EXECUTION_ID_` varchar(64) CHARACTER SET utf8 COLLATE utf8_bin NOT NULL,
  `ACT_ID_` varchar(255) CHARACTER SET utf8 COLLATE utf8_bin NOT NULL,
  `TASK_ID_` varchar(64) CHARACTER SET utf8 COLLATE utf8_bin NULL DEFAULT NULL,
  `CALL_PROC_INST_ID_` varchar(64) CHARACTER SET utf8 COLLATE utf8_bin NULL DEFAULT NULL,
  `ACT_NAME_` varchar(255) CHARACTER SET utf8 COLLATE utf8_bin NULL DEFAULT NULL,
  `ACT_TYPE_` varchar(255) CHARACTER SET utf8 COLLATE utf8_bin NOT NULL,
  `ASSIGNEE_` varchar(255) CHARACTER SET utf8 COLLATE utf8_bin NULL DEFAULT NULL,
  `START_TIME_` datetime(3) NOT NULL,
  `END_TIME_` datetime(3) NULL DEFAULT NULL,
  `TRANSACTION_ORDER_` int(11) NULL DEFAULT NULL,
  `DURATION_` bigint(20) NULL DEFAULT NULL,
  `DELETE_REASON_` varchar(4000) CHARACTER SET utf8 COLLATE utf8_bin NULL DEFAULT NULL,
  `TENANT_ID_` varchar(255) CHARACTER SET utf8 COLLATE utf8_bin NULL DEFAULT '',
  PRIMARY KEY (`ID_`) USING BTREE,
  INDEX `ACT_IDX_HI_ACT_INST_START`(`START_TIME_`) USING BTREE,
  INDEX `ACT_IDX_HI_ACT_INST_END`(`END_TIME_`) USING BTREE,
  INDEX `ACT_IDX_HI_ACT_INST_PROCINST`(`PROC_INST_ID_`, `ACT_ID_`) USING BTREE,
  INDEX `ACT_IDX_HI_ACT_INST_EXEC`(`EXECUTION_ID_`, `ACT_ID_`) USING BTREE
) ENGINE = InnoDB CHARACTER SET = utf8 COLLATE = utf8_bin ROW_FORMAT = Dynamic;

-- ----------------------------
-- Records of act_hi_actinst
-- ----------------------------
INSERT INTO `act_hi_actinst` VALUES ('1542457093437792265', 1, 'Process_1656584873789:1:1542455262926086145', '1542457093437792258', '1542457093437792264', 'Event_0pofj36', NULL, NULL, NULL, 'startEvent', NULL, '2022-06-30 18:36:43.204', '2022-06-30 18:36:43.204', 1, 0, NULL, '');
INSERT INTO `act_hi_actinst` VALUES ('1542457093437792266', 1, 'Process_1656584873789:1:1542455262926086145', '1542457093437792258', '1542457093437792264', 'Flow_098bnrk', NULL, NULL, NULL, 'sequenceFlow', NULL, '2022-06-30 18:36:43.204', '2022-06-30 18:36:43.204', 2, 0, NULL, '');
INSERT INTO `act_hi_actinst` VALUES ('1542457093437792267', 3, 'Process_1656584873789:1:1542455262926086145', '1542457093437792258', '1542457093437792264', 'Activity_1fyxuzk', '1542457093437792268', NULL, 'a', 'userTask', '1', '2022-06-30 18:36:43.204', '2022-06-30 18:36:45.079', 3, 1875, NULL, '');
INSERT INTO `act_hi_actinst` VALUES ('1542457101339860993', 1, 'Process_1656584873789:1:1542455262926086145', '1542457093437792258', '1542457093437792264', 'Flow_0ekkltk', NULL, NULL, NULL, 'sequenceFlow', NULL, '2022-06-30 18:36:45.083', '2022-06-30 18:36:45.083', 1, 0, NULL, '');
INSERT INTO `act_hi_actinst` VALUES ('1542457101356638210', 3, 'Process_1656584873789:1:1542455262926086145', '1542457093437792258', '1542457093437792264', 'Activity_055v12i', '1542457101356638211', NULL, 'b', 'userTask', '1', '2022-06-30 18:36:45.087', '2022-06-30 18:37:03.075', 2, 17988, NULL, '');
INSERT INTO `act_hi_actinst` VALUES ('1542457176782807042', 1, 'Process_1656584873789:1:1542455262926086145', '1542457093437792258', '1542457093437792264', 'Flow_1txgtvr', NULL, NULL, NULL, 'sequenceFlow', NULL, '2022-06-30 18:37:03.079', '2022-06-30 18:37:03.079', 1, 0, NULL, '');
INSERT INTO `act_hi_actinst` VALUES ('1542457176782807043', 1, 'Process_1656584873789:1:1542455262926086145', '1542457093437792258', '1542457093437792264', 'Event_1qk41t6', NULL, NULL, NULL, 'endEvent', NULL, '2022-06-30 18:37:03.083', '2022-06-30 18:37:03.083', 2, 0, NULL, '');

-- ----------------------------
-- Table structure for act_hi_attachment
-- ----------------------------
DROP TABLE IF EXISTS `act_hi_attachment`;
CREATE TABLE `act_hi_attachment`  (
  `ID_` varchar(64) CHARACTER SET utf8 COLLATE utf8_bin NOT NULL,
  `REV_` int(11) NULL DEFAULT NULL,
  `USER_ID_` varchar(255) CHARACTER SET utf8 COLLATE utf8_bin NULL DEFAULT NULL,
  `NAME_` varchar(255) CHARACTER SET utf8 COLLATE utf8_bin NULL DEFAULT NULL,
  `DESCRIPTION_` varchar(4000) CHARACTER SET utf8 COLLATE utf8_bin NULL DEFAULT NULL,
  `TYPE_` varchar(255) CHARACTER SET utf8 COLLATE utf8_bin NULL DEFAULT NULL,
  `TASK_ID_` varchar(64) CHARACTER SET utf8 COLLATE utf8_bin NULL DEFAULT NULL,
  `PROC_INST_ID_` varchar(64) CHARACTER SET utf8 COLLATE utf8_bin NULL DEFAULT NULL,
  `URL_` varchar(4000) CHARACTER SET utf8 COLLATE utf8_bin NULL DEFAULT NULL,
  `CONTENT_ID_` varchar(64) CHARACTER SET utf8 COLLATE utf8_bin NULL DEFAULT NULL,
  `TIME_` datetime(3) NULL DEFAULT NULL,
  PRIMARY KEY (`ID_`) USING BTREE
) ENGINE = InnoDB CHARACTER SET = utf8 COLLATE = utf8_bin ROW_FORMAT = Dynamic;

-- ----------------------------
-- Table structure for act_hi_comment
-- ----------------------------
DROP TABLE IF EXISTS `act_hi_comment`;
CREATE TABLE `act_hi_comment`  (
  `ID_` varchar(64) CHARACTER SET utf8 COLLATE utf8_bin NOT NULL,
  `TYPE_` varchar(255) CHARACTER SET utf8 COLLATE utf8_bin NULL DEFAULT NULL,
  `TIME_` datetime(3) NOT NULL,
  `USER_ID_` varchar(255) CHARACTER SET utf8 COLLATE utf8_bin NULL DEFAULT NULL,
  `TASK_ID_` varchar(64) CHARACTER SET utf8 COLLATE utf8_bin NULL DEFAULT NULL,
  `PROC_INST_ID_` varchar(64) CHARACTER SET utf8 COLLATE utf8_bin NULL DEFAULT NULL,
  `ACTION_` varchar(255) CHARACTER SET utf8 COLLATE utf8_bin NULL DEFAULT NULL,
  `MESSAGE_` varchar(4000) CHARACTER SET utf8 COLLATE utf8_bin NULL DEFAULT NULL,
  `FULL_MSG_` longblob NULL,
  PRIMARY KEY (`ID_`) USING BTREE
) ENGINE = InnoDB CHARACTER SET = utf8 COLLATE = utf8_bin ROW_FORMAT = Dynamic;

-- ----------------------------
-- Records of act_hi_comment
-- ----------------------------
INSERT INTO `act_hi_comment` VALUES ('1542457094020800515', 'event', '2022-06-30 18:36:43.350', '1', '1542457093437792268', NULL, 'AddUserLink', '1_|_assignee', NULL);
INSERT INTO `act_hi_comment` VALUES ('1542457100953985026', 'comment', '2022-06-30 18:36:45.000', NULL, '1542457093437792268', '1542457093437792258', 'AddComment', '同意', 0xE5908CE6848F);
INSERT INTO `act_hi_comment` VALUES ('1542457101876731907', 'event', '2022-06-30 18:36:45.220', NULL, '1542457101356638211', NULL, 'AddUserLink', '1_|_assignee', NULL);
INSERT INTO `act_hi_comment` VALUES ('1542457176250130434', 'comment', '2022-06-30 18:37:02.957', '1', '1542457101356638211', '1542457093437792258', 'AddComment', '同意', 0xE5908CE6848F);

-- ----------------------------
-- Table structure for act_hi_detail
-- ----------------------------
DROP TABLE IF EXISTS `act_hi_detail`;
CREATE TABLE `act_hi_detail`  (
  `ID_` varchar(64) CHARACTER SET utf8 COLLATE utf8_bin NOT NULL,
  `TYPE_` varchar(255) CHARACTER SET utf8 COLLATE utf8_bin NOT NULL,
  `PROC_INST_ID_` varchar(64) CHARACTER SET utf8 COLLATE utf8_bin NULL DEFAULT NULL,
  `EXECUTION_ID_` varchar(64) CHARACTER SET utf8 COLLATE utf8_bin NULL DEFAULT NULL,
  `TASK_ID_` varchar(64) CHARACTER SET utf8 COLLATE utf8_bin NULL DEFAULT NULL,
  `ACT_INST_ID_` varchar(64) CHARACTER SET utf8 COLLATE utf8_bin NULL DEFAULT NULL,
  `NAME_` varchar(255) CHARACTER SET utf8 COLLATE utf8_bin NOT NULL,
  `VAR_TYPE_` varchar(255) CHARACTER SET utf8 COLLATE utf8_bin NULL DEFAULT NULL,
  `REV_` int(11) NULL DEFAULT NULL,
  `TIME_` datetime(3) NOT NULL,
  `BYTEARRAY_ID_` varchar(64) CHARACTER SET utf8 COLLATE utf8_bin NULL DEFAULT NULL,
  `DOUBLE_` double NULL DEFAULT NULL,
  `LONG_` bigint(20) NULL DEFAULT NULL,
  `TEXT_` varchar(4000) CHARACTER SET utf8 COLLATE utf8_bin NULL DEFAULT NULL,
  `TEXT2_` varchar(4000) CHARACTER SET utf8 COLLATE utf8_bin NULL DEFAULT NULL,
  PRIMARY KEY (`ID_`) USING BTREE,
  INDEX `ACT_IDX_HI_DETAIL_PROC_INST`(`PROC_INST_ID_`) USING BTREE,
  INDEX `ACT_IDX_HI_DETAIL_ACT_INST`(`ACT_INST_ID_`) USING BTREE,
  INDEX `ACT_IDX_HI_DETAIL_TIME`(`TIME_`) USING BTREE,
  INDEX `ACT_IDX_HI_DETAIL_NAME`(`NAME_`) USING BTREE,
  INDEX `ACT_IDX_HI_DETAIL_TASK_ID`(`TASK_ID_`) USING BTREE
) ENGINE = InnoDB CHARACTER SET = utf8 COLLATE = utf8_bin ROW_FORMAT = Dynamic;

-- ----------------------------
-- Table structure for act_hi_entitylink
-- ----------------------------
DROP TABLE IF EXISTS `act_hi_entitylink`;
CREATE TABLE `act_hi_entitylink`  (
  `ID_` varchar(64) CHARACTER SET utf8 COLLATE utf8_bin NOT NULL,
  `LINK_TYPE_` varchar(255) CHARACTER SET utf8 COLLATE utf8_bin NULL DEFAULT NULL,
  `CREATE_TIME_` datetime(3) NULL DEFAULT NULL,
  `SCOPE_ID_` varchar(255) CHARACTER SET utf8 COLLATE utf8_bin NULL DEFAULT NULL,
  `SUB_SCOPE_ID_` varchar(255) CHARACTER SET utf8 COLLATE utf8_bin NULL DEFAULT NULL,
  `SCOPE_TYPE_` varchar(255) CHARACTER SET utf8 COLLATE utf8_bin NULL DEFAULT NULL,
  `SCOPE_DEFINITION_ID_` varchar(255) CHARACTER SET utf8 COLLATE utf8_bin NULL DEFAULT NULL,
  `PARENT_ELEMENT_ID_` varchar(255) CHARACTER SET utf8 COLLATE utf8_bin NULL DEFAULT NULL,
  `REF_SCOPE_ID_` varchar(255) CHARACTER SET utf8 COLLATE utf8_bin NULL DEFAULT NULL,
  `REF_SCOPE_TYPE_` varchar(255) CHARACTER SET utf8 COLLATE utf8_bin NULL DEFAULT NULL,
  `REF_SCOPE_DEFINITION_ID_` varchar(255) CHARACTER SET utf8 COLLATE utf8_bin NULL DEFAULT NULL,
  `ROOT_SCOPE_ID_` varchar(255) CHARACTER SET utf8 COLLATE utf8_bin NULL DEFAULT NULL,
  `ROOT_SCOPE_TYPE_` varchar(255) CHARACTER SET utf8 COLLATE utf8_bin NULL DEFAULT NULL,
  `HIERARCHY_TYPE_` varchar(255) CHARACTER SET utf8 COLLATE utf8_bin NULL DEFAULT NULL,
  PRIMARY KEY (`ID_`) USING BTREE,
  INDEX `ACT_IDX_HI_ENT_LNK_SCOPE`(`SCOPE_ID_`, `SCOPE_TYPE_`, `LINK_TYPE_`) USING BTREE,
  INDEX `ACT_IDX_HI_ENT_LNK_REF_SCOPE`(`REF_SCOPE_ID_`, `REF_SCOPE_TYPE_`, `LINK_TYPE_`) USING BTREE,
  INDEX `ACT_IDX_HI_ENT_LNK_ROOT_SCOPE`(`ROOT_SCOPE_ID_`, `ROOT_SCOPE_TYPE_`, `LINK_TYPE_`) USING BTREE,
  INDEX `ACT_IDX_HI_ENT_LNK_SCOPE_DEF`(`SCOPE_DEFINITION_ID_`, `SCOPE_TYPE_`, `LINK_TYPE_`) USING BTREE
) ENGINE = InnoDB CHARACTER SET = utf8 COLLATE = utf8_bin ROW_FORMAT = Dynamic;

-- ----------------------------
-- Table structure for act_hi_identitylink
-- ----------------------------
DROP TABLE IF EXISTS `act_hi_identitylink`;
CREATE TABLE `act_hi_identitylink`  (
  `ID_` varchar(64) CHARACTER SET utf8 COLLATE utf8_bin NOT NULL,
  `GROUP_ID_` varchar(255) CHARACTER SET utf8 COLLATE utf8_bin NULL DEFAULT NULL,
  `TYPE_` varchar(255) CHARACTER SET utf8 COLLATE utf8_bin NULL DEFAULT NULL,
  `USER_ID_` varchar(255) CHARACTER SET utf8 COLLATE utf8_bin NULL DEFAULT NULL,
  `TASK_ID_` varchar(64) CHARACTER SET utf8 COLLATE utf8_bin NULL DEFAULT NULL,
  `CREATE_TIME_` datetime(3) NULL DEFAULT NULL,
  `PROC_INST_ID_` varchar(64) CHARACTER SET utf8 COLLATE utf8_bin NULL DEFAULT NULL,
  `SCOPE_ID_` varchar(255) CHARACTER SET utf8 COLLATE utf8_bin NULL DEFAULT NULL,
  `SUB_SCOPE_ID_` varchar(255) CHARACTER SET utf8 COLLATE utf8_bin NULL DEFAULT NULL,
  `SCOPE_TYPE_` varchar(255) CHARACTER SET utf8 COLLATE utf8_bin NULL DEFAULT NULL,
  `SCOPE_DEFINITION_ID_` varchar(255) CHARACTER SET utf8 COLLATE utf8_bin NULL DEFAULT NULL,
  PRIMARY KEY (`ID_`) USING BTREE,
  INDEX `ACT_IDX_HI_IDENT_LNK_USER`(`USER_ID_`) USING BTREE,
  INDEX `ACT_IDX_HI_IDENT_LNK_SCOPE`(`SCOPE_ID_`, `SCOPE_TYPE_`) USING BTREE,
  INDEX `ACT_IDX_HI_IDENT_LNK_SUB_SCOPE`(`SUB_SCOPE_ID_`, `SCOPE_TYPE_`) USING BTREE,
  INDEX `ACT_IDX_HI_IDENT_LNK_SCOPE_DEF`(`SCOPE_DEFINITION_ID_`, `SCOPE_TYPE_`) USING BTREE,
  INDEX `ACT_IDX_HI_IDENT_LNK_TASK`(`TASK_ID_`) USING BTREE,
  INDEX `ACT_IDX_HI_IDENT_LNK_PROCINST`(`PROC_INST_ID_`) USING BTREE
) ENGINE = InnoDB CHARACTER SET = utf8 COLLATE = utf8_bin ROW_FORMAT = Dynamic;

-- ----------------------------
-- Records of act_hi_identitylink
-- ----------------------------
INSERT INTO `act_hi_identitylink` VALUES ('1542457093437792259', NULL, 'starter', '1', NULL, '2022-06-30 18:36:43.202', '1542457093437792258', NULL, NULL, NULL, NULL);
INSERT INTO `act_hi_identitylink` VALUES ('1542457094020800513', NULL, 'assignee', '1', '1542457093437792268', '2022-06-30 18:36:43.342', NULL, NULL, NULL, NULL, NULL);
INSERT INTO `act_hi_identitylink` VALUES ('1542457094020800514', NULL, 'participant', '1', NULL, '2022-06-30 18:36:43.350', '1542457093437792258', NULL, NULL, NULL, NULL);
INSERT INTO `act_hi_identitylink` VALUES ('1542457101876731906', NULL, 'assignee', '1', '1542457101356638211', '2022-06-30 18:36:45.213', NULL, NULL, NULL, NULL, NULL);
INSERT INTO `act_hi_identitylink` VALUES ('1542457176648589313', NULL, 'participant', '1', NULL, '2022-06-30 18:37:03.053', '1542457093437792258', NULL, NULL, NULL, NULL);

-- ----------------------------
-- Table structure for act_hi_procinst
-- ----------------------------
DROP TABLE IF EXISTS `act_hi_procinst`;
CREATE TABLE `act_hi_procinst`  (
  `ID_` varchar(64) CHARACTER SET utf8 COLLATE utf8_bin NOT NULL,
  `REV_` int(11) NULL DEFAULT 1,
  `PROC_INST_ID_` varchar(64) CHARACTER SET utf8 COLLATE utf8_bin NOT NULL,
  `BUSINESS_KEY_` varchar(255) CHARACTER SET utf8 COLLATE utf8_bin NULL DEFAULT NULL,
  `PROC_DEF_ID_` varchar(64) CHARACTER SET utf8 COLLATE utf8_bin NOT NULL,
  `START_TIME_` datetime(3) NOT NULL,
  `END_TIME_` datetime(3) NULL DEFAULT NULL,
  `DURATION_` bigint(20) NULL DEFAULT NULL,
  `START_USER_ID_` varchar(255) CHARACTER SET utf8 COLLATE utf8_bin NULL DEFAULT NULL,
  `START_ACT_ID_` varchar(255) CHARACTER SET utf8 COLLATE utf8_bin NULL DEFAULT NULL,
  `END_ACT_ID_` varchar(255) CHARACTER SET utf8 COLLATE utf8_bin NULL DEFAULT NULL,
  `SUPER_PROCESS_INSTANCE_ID_` varchar(64) CHARACTER SET utf8 COLLATE utf8_bin NULL DEFAULT NULL,
  `DELETE_REASON_` varchar(4000) CHARACTER SET utf8 COLLATE utf8_bin NULL DEFAULT NULL,
  `TENANT_ID_` varchar(255) CHARACTER SET utf8 COLLATE utf8_bin NULL DEFAULT '',
  `NAME_` varchar(255) CHARACTER SET utf8 COLLATE utf8_bin NULL DEFAULT NULL,
  `CALLBACK_ID_` varchar(255) CHARACTER SET utf8 COLLATE utf8_bin NULL DEFAULT NULL,
  `CALLBACK_TYPE_` varchar(255) CHARACTER SET utf8 COLLATE utf8_bin NULL DEFAULT NULL,
  `REFERENCE_ID_` varchar(255) CHARACTER SET utf8 COLLATE utf8_bin NULL DEFAULT NULL,
  `REFERENCE_TYPE_` varchar(255) CHARACTER SET utf8 COLLATE utf8_bin NULL DEFAULT NULL,
  `PROPAGATED_STAGE_INST_ID_` varchar(255) CHARACTER SET utf8 COLLATE utf8_bin NULL DEFAULT NULL,
  `BUSINESS_STATUS_` varchar(255) CHARACTER SET utf8 COLLATE utf8_bin NULL DEFAULT NULL,
  PRIMARY KEY (`ID_`) USING BTREE,
  UNIQUE INDEX `PROC_INST_ID_`(`PROC_INST_ID_`) USING BTREE,
  INDEX `ACT_IDX_HI_PRO_INST_END`(`END_TIME_`) USING BTREE,
  INDEX `ACT_IDX_HI_PRO_I_BUSKEY`(`BUSINESS_KEY_`) USING BTREE
) ENGINE = InnoDB CHARACTER SET = utf8 COLLATE = utf8_bin ROW_FORMAT = Dynamic;

-- ----------------------------
-- Records of act_hi_procinst
-- ----------------------------
INSERT INTO `act_hi_procinst` VALUES ('1542457093437792258', 3, '1542457093437792258', '1497437792777134082', 'Process_1656584873789:1:1542455262926086145', '2022-06-30 18:36:43.202', '2022-06-30 18:37:03.134', 19932, '1', 'Event_0pofj36', 'Event_1qk41t6', NULL, NULL, '', '业务流程_1656584873789', NULL, NULL, NULL, NULL, NULL, NULL);

-- ----------------------------
-- Table structure for act_hi_taskinst
-- ----------------------------
DROP TABLE IF EXISTS `act_hi_taskinst`;
CREATE TABLE `act_hi_taskinst`  (
  `ID_` varchar(64) CHARACTER SET utf8 COLLATE utf8_bin NOT NULL,
  `REV_` int(11) NULL DEFAULT 1,
  `PROC_DEF_ID_` varchar(64) CHARACTER SET utf8 COLLATE utf8_bin NULL DEFAULT NULL,
  `TASK_DEF_ID_` varchar(64) CHARACTER SET utf8 COLLATE utf8_bin NULL DEFAULT NULL,
  `TASK_DEF_KEY_` varchar(255) CHARACTER SET utf8 COLLATE utf8_bin NULL DEFAULT NULL,
  `PROC_INST_ID_` varchar(64) CHARACTER SET utf8 COLLATE utf8_bin NULL DEFAULT NULL,
  `EXECUTION_ID_` varchar(64) CHARACTER SET utf8 COLLATE utf8_bin NULL DEFAULT NULL,
  `SCOPE_ID_` varchar(255) CHARACTER SET utf8 COLLATE utf8_bin NULL DEFAULT NULL,
  `SUB_SCOPE_ID_` varchar(255) CHARACTER SET utf8 COLLATE utf8_bin NULL DEFAULT NULL,
  `SCOPE_TYPE_` varchar(255) CHARACTER SET utf8 COLLATE utf8_bin NULL DEFAULT NULL,
  `SCOPE_DEFINITION_ID_` varchar(255) CHARACTER SET utf8 COLLATE utf8_bin NULL DEFAULT NULL,
  `PROPAGATED_STAGE_INST_ID_` varchar(255) CHARACTER SET utf8 COLLATE utf8_bin NULL DEFAULT NULL,
  `NAME_` varchar(255) CHARACTER SET utf8 COLLATE utf8_bin NULL DEFAULT NULL,
  `PARENT_TASK_ID_` varchar(64) CHARACTER SET utf8 COLLATE utf8_bin NULL DEFAULT NULL,
  `DESCRIPTION_` varchar(4000) CHARACTER SET utf8 COLLATE utf8_bin NULL DEFAULT NULL,
  `OWNER_` varchar(255) CHARACTER SET utf8 COLLATE utf8_bin NULL DEFAULT NULL,
  `ASSIGNEE_` varchar(255) CHARACTER SET utf8 COLLATE utf8_bin NULL DEFAULT NULL,
  `START_TIME_` datetime(3) NOT NULL,
  `CLAIM_TIME_` datetime(3) NULL DEFAULT NULL,
  `END_TIME_` datetime(3) NULL DEFAULT NULL,
  `DURATION_` bigint(20) NULL DEFAULT NULL,
  `DELETE_REASON_` varchar(4000) CHARACTER SET utf8 COLLATE utf8_bin NULL DEFAULT NULL,
  `PRIORITY_` int(11) NULL DEFAULT NULL,
  `DUE_DATE_` datetime(3) NULL DEFAULT NULL,
  `FORM_KEY_` varchar(255) CHARACTER SET utf8 COLLATE utf8_bin NULL DEFAULT NULL,
  `CATEGORY_` varchar(255) CHARACTER SET utf8 COLLATE utf8_bin NULL DEFAULT NULL,
  `TENANT_ID_` varchar(255) CHARACTER SET utf8 COLLATE utf8_bin NULL DEFAULT '',
  `LAST_UPDATED_TIME_` datetime(3) NULL DEFAULT NULL,
  PRIMARY KEY (`ID_`) USING BTREE,
  INDEX `ACT_IDX_HI_TASK_SCOPE`(`SCOPE_ID_`, `SCOPE_TYPE_`) USING BTREE,
  INDEX `ACT_IDX_HI_TASK_SUB_SCOPE`(`SUB_SCOPE_ID_`, `SCOPE_TYPE_`) USING BTREE,
  INDEX `ACT_IDX_HI_TASK_SCOPE_DEF`(`SCOPE_DEFINITION_ID_`, `SCOPE_TYPE_`) USING BTREE,
  INDEX `ACT_IDX_HI_TASK_INST_PROCINST`(`PROC_INST_ID_`) USING BTREE
) ENGINE = InnoDB CHARACTER SET = utf8 COLLATE = utf8_bin ROW_FORMAT = Dynamic;

-- ----------------------------
-- Records of act_hi_taskinst
-- ----------------------------
INSERT INTO `act_hi_taskinst` VALUES ('1542457093437792268', 3, 'Process_1656584873789:1:1542455262926086145', NULL, 'Activity_1fyxuzk', '1542457093437792258', '1542457093437792264', NULL, NULL, NULL, NULL, NULL, 'a', NULL, NULL, NULL, '1', '2022-06-30 18:36:43.204', NULL, '2022-06-30 18:36:45.067', 1863, NULL, 50, NULL, NULL, NULL, '', '2022-06-30 18:36:45.067');
INSERT INTO `act_hi_taskinst` VALUES ('1542457101356638211', 3, 'Process_1656584873789:1:1542455262926086145', NULL, 'Activity_055v12i', '1542457093437792258', '1542457093437792264', NULL, NULL, NULL, NULL, NULL, 'b', NULL, NULL, NULL, '1', '2022-06-30 18:36:45.087', NULL, '2022-06-30 18:37:03.062', 17975, NULL, 50, NULL, NULL, NULL, '', '2022-06-30 18:37:03.062');

-- ----------------------------
-- Table structure for act_hi_tsk_log
-- ----------------------------
DROP TABLE IF EXISTS `act_hi_tsk_log`;
CREATE TABLE `act_hi_tsk_log`  (
  `ID_` bigint(20) NOT NULL AUTO_INCREMENT,
  `TYPE_` varchar(64) CHARACTER SET utf8 COLLATE utf8_bin NULL DEFAULT NULL,
  `TASK_ID_` varchar(64) CHARACTER SET utf8 COLLATE utf8_bin NOT NULL,
  `TIME_STAMP_` timestamp(3) NOT NULL DEFAULT CURRENT_TIMESTAMP(3) ON UPDATE CURRENT_TIMESTAMP(3),
  `USER_ID_` varchar(255) CHARACTER SET utf8 COLLATE utf8_bin NULL DEFAULT NULL,
  `DATA_` varchar(4000) CHARACTER SET utf8 COLLATE utf8_bin NULL DEFAULT NULL,
  `EXECUTION_ID_` varchar(64) CHARACTER SET utf8 COLLATE utf8_bin NULL DEFAULT NULL,
  `PROC_INST_ID_` varchar(64) CHARACTER SET utf8 COLLATE utf8_bin NULL DEFAULT NULL,
  `PROC_DEF_ID_` varchar(64) CHARACTER SET utf8 COLLATE utf8_bin NULL DEFAULT NULL,
  `SCOPE_ID_` varchar(255) CHARACTER SET utf8 COLLATE utf8_bin NULL DEFAULT NULL,
  `SCOPE_DEFINITION_ID_` varchar(255) CHARACTER SET utf8 COLLATE utf8_bin NULL DEFAULT NULL,
  `SUB_SCOPE_ID_` varchar(255) CHARACTER SET utf8 COLLATE utf8_bin NULL DEFAULT NULL,
  `SCOPE_TYPE_` varchar(255) CHARACTER SET utf8 COLLATE utf8_bin NULL DEFAULT NULL,
  `TENANT_ID_` varchar(255) CHARACTER SET utf8 COLLATE utf8_bin NULL DEFAULT '',
  PRIMARY KEY (`ID_`) USING BTREE
) ENGINE = InnoDB AUTO_INCREMENT = 1 CHARACTER SET = utf8 COLLATE = utf8_bin ROW_FORMAT = Dynamic;

-- ----------------------------
-- Table structure for act_hi_varinst
-- ----------------------------
DROP TABLE IF EXISTS `act_hi_varinst`;
CREATE TABLE `act_hi_varinst`  (
  `ID_` varchar(64) CHARACTER SET utf8 COLLATE utf8_bin NOT NULL,
  `REV_` int(11) NULL DEFAULT 1,
  `PROC_INST_ID_` varchar(64) CHARACTER SET utf8 COLLATE utf8_bin NULL DEFAULT NULL,
  `EXECUTION_ID_` varchar(64) CHARACTER SET utf8 COLLATE utf8_bin NULL DEFAULT NULL,
  `TASK_ID_` varchar(64) CHARACTER SET utf8 COLLATE utf8_bin NULL DEFAULT NULL,
  `NAME_` varchar(255) CHARACTER SET utf8 COLLATE utf8_bin NOT NULL,
  `VAR_TYPE_` varchar(100) CHARACTER SET utf8 COLLATE utf8_bin NULL DEFAULT NULL,
  `SCOPE_ID_` varchar(255) CHARACTER SET utf8 COLLATE utf8_bin NULL DEFAULT NULL,
  `SUB_SCOPE_ID_` varchar(255) CHARACTER SET utf8 COLLATE utf8_bin NULL DEFAULT NULL,
  `SCOPE_TYPE_` varchar(255) CHARACTER SET utf8 COLLATE utf8_bin NULL DEFAULT NULL,
  `BYTEARRAY_ID_` varchar(64) CHARACTER SET utf8 COLLATE utf8_bin NULL DEFAULT NULL,
  `DOUBLE_` double NULL DEFAULT NULL,
  `LONG_` bigint(20) NULL DEFAULT NULL,
  `TEXT_` varchar(4000) CHARACTER SET utf8 COLLATE utf8_bin NULL DEFAULT NULL,
  `TEXT2_` varchar(4000) CHARACTER SET utf8 COLLATE utf8_bin NULL DEFAULT NULL,
  `CREATE_TIME_` datetime(3) NULL DEFAULT NULL,
  `LAST_UPDATED_TIME_` datetime(3) NULL DEFAULT NULL,
  PRIMARY KEY (`ID_`) USING BTREE,
  INDEX `ACT_IDX_HI_PROCVAR_NAME_TYPE`(`NAME_`, `VAR_TYPE_`) USING BTREE,
  INDEX `ACT_IDX_HI_VAR_SCOPE_ID_TYPE`(`SCOPE_ID_`, `SCOPE_TYPE_`) USING BTREE,
  INDEX `ACT_IDX_HI_VAR_SUB_ID_TYPE`(`SUB_SCOPE_ID_`, `SCOPE_TYPE_`) USING BTREE,
  INDEX `ACT_IDX_HI_PROCVAR_PROC_INST`(`PROC_INST_ID_`) USING BTREE,
  INDEX `ACT_IDX_HI_PROCVAR_TASK_ID`(`TASK_ID_`) USING BTREE,
  INDEX `ACT_IDX_HI_PROCVAR_EXE`(`EXECUTION_ID_`) USING BTREE
) ENGINE = InnoDB CHARACTER SET = utf8 COLLATE = utf8_bin ROW_FORMAT = Dynamic;

-- ----------------------------
-- Records of act_hi_varinst
-- ----------------------------
INSERT INTO `act_hi_varinst` VALUES ('1542457093437792261', 4, '1542457093437792258', '1542457093437792258', NULL, 'entity', 'serializable', NULL, NULL, NULL, '1542457093437792262', NULL, NULL, NULL, NULL, '2022-06-30 18:36:43.203', '2022-06-30 18:37:02.995');
INSERT INTO `act_hi_varinst` VALUES ('1542457093437792263', 0, '1542457093437792258', '1542457093437792258', NULL, 'status', 'string', NULL, NULL, NULL, NULL, NULL, NULL, 'draft', NULL, '2022-06-30 18:36:43.203', '2022-06-30 18:36:43.203');
INSERT INTO `act_hi_varinst` VALUES ('1542457172131323906', 1, '1542457093437792258', '1542457093437792258', NULL, 'userId', 'integer', NULL, NULL, NULL, NULL, NULL, 1, '1', NULL, '2022-06-30 18:37:01.966', '2022-06-30 18:37:03.016');

-- ----------------------------
-- Table structure for act_node_assignee
-- ----------------------------
DROP TABLE IF EXISTS `act_node_assignee`;
CREATE TABLE `act_node_assignee`  (
  `id` varchar(225) CHARACTER SET utf8mb4 COLLATE utf8mb4_general_ci NOT NULL COMMENT 'id',
  `process_definition_id` varchar(255) CHARACTER SET utf8mb4 COLLATE utf8mb4_general_ci NOT NULL COMMENT '流程定义id',
  `choose_way` varchar(255) CHARACTER SET utf8mb4 COLLATE utf8mb4_general_ci NULL DEFAULT NULL COMMENT '选择方式',
  `node_id` varchar(255) CHARACTER SET utf8mb4 COLLATE utf8mb4_general_ci NULL DEFAULT NULL COMMENT '流程节点id',
  `node_name` varchar(255) CHARACTER SET utf8mb4 COLLATE utf8mb4_general_ci NULL DEFAULT NULL COMMENT '流程节点名称',
  `assignee` varchar(4000) CHARACTER SET utf8mb4 COLLATE utf8mb4_general_ci NULL DEFAULT NULL COMMENT '审批人员',
  `assignee_id` varchar(4000) CHARACTER SET utf8mb4 COLLATE utf8mb4_general_ci NULL DEFAULT NULL COMMENT '审批人员id',
  `full_class_id` bigint(20) NULL DEFAULT NULL COMMENT '业务规则id',
  `create_time` datetime(0) NOT NULL COMMENT '创建时间',
  `update_time` datetime(0) NOT NULL COMMENT '更新时间',
  `create_by` varchar(255) CHARACTER SET utf8mb4 COLLATE utf8mb4_general_ci NOT NULL COMMENT '创建人',
  `update_by` varchar(255) CHARACTER SET utf8mb4 COLLATE utf8mb4_general_ci NOT NULL COMMENT '更新人',
  `is_show` tinyint(1) NOT NULL DEFAULT 1 COMMENT '是否弹窗选人,0不弹,1弹窗',
  `multiple` tinyint(1) NOT NULL DEFAULT 0 COMMENT '是否会签,0非会签,1会签',
  `multiple_column` varchar(255) CHARACTER SET utf8mb4 COLLATE utf8mb4_general_ci NULL DEFAULT NULL COMMENT '会签保存人员KEY值',
  `is_back` tinyint(1) NOT NULL DEFAULT 0 COMMENT '是否可退回,0不可退回,1可退回',
  `is_delegate` tinyint(1) NOT NULL DEFAULT 0 COMMENT '是否可委托,0不可委托,1可委托',
  `is_transmit` tinyint(1) NOT NULL DEFAULT 0 COMMENT '是否可转办,0不可转办,1可转办',
  `is_copy` tinyint(1) NOT NULL DEFAULT 0 COMMENT '是否可抄送,0不可抄送,1可抄送',
  `add_multi_instance` tinyint(1) NOT NULL DEFAULT 0 COMMENT '是否可加签,0不可加签,1可加签',
  `delete_multi_instance` tinyint(1) NOT NULL DEFAULT 0 COMMENT '是否可加签,0不可减签,1可减签',
  `task_listener` varchar(4000) CHARACTER SET utf8mb4 COLLATE utf8mb4_general_ci NULL DEFAULT NULL COMMENT '任务监听',
  PRIMARY KEY (`id`) USING BTREE
) ENGINE = InnoDB CHARACTER SET = utf8mb4 COLLATE = utf8mb4_general_ci COMMENT = '流程定义设置' ROW_FORMAT = Dynamic;

-- ----------------------------
-- Records of act_node_assignee
-- ----------------------------
INSERT INTO `act_node_assignee` VALUES ('1537730879239528450', 'huiqian:1:1537728461214883841', 'person', 'Activity_12ex3m9', '并行', '疯狂的狮子Li,疯狂的狮子Li,本部门及以下 密码666666,仅本人 密码666666', '1,2,3,4', NULL, '2022-06-17 17:36:25', '2022-06-17 17:36:25', 'admin', 'admin', 0, 1, 'assigneeList', 1, 0, 0, 0, 1, 1, NULL);
INSERT INTO `act_node_assignee` VALUES ('1537730914639454210', 'huiqian:1:1537728461214883841', 'person', 'Activity_1evqein', '串行', '疯狂的狮子Li', '1', NULL, '2022-06-17 17:36:34', '2022-06-17 17:36:34', 'admin', 'admin', 0, 1, 'assigneeList', 1, 0, 0, 0, 0, 0, NULL);
INSERT INTO `act_node_assignee` VALUES ('1537730939826249730', 'huiqian:1:1537728461214883841', 'person', 'Activity_063ao36', '总经理', '疯狂的狮子Li,本部门及以下 密码666666', '1,3', NULL, '2022-06-17 17:36:40', '2022-06-17 17:36:40', 'admin', 'admin', 0, 0, '', 0, 0, 0, 0, 0, 0, NULL);
INSERT INTO `act_node_assignee` VALUES ('1537731254688456706', 'leave:1:1537728426909671425', 'person', 'Activity_0p1qgku', '小于两天', '疯狂的狮子Li,本部门及以下 密码666666', '1,3', NULL, '2022-06-17 17:37:55', '2022-06-17 17:37:55', 'admin', 'admin', 1, 0, '', 1, 1, 1, 1, 0, 0, NULL);
INSERT INTO `act_node_assignee` VALUES ('1537733192981192705', 'leave:1:1537728426909671425', 'person', 'Activity_0slhx9j', '并行1', '疯狂的狮子Li', '1', NULL, '2022-06-17 17:45:38', '2022-06-17 17:45:38', 'admin', 'admin', 0, 0, '', 1, 0, 0, 0, 0, 0, NULL);
INSERT INTO `act_node_assignee` VALUES ('1537733274623320065', 'leave:1:1537728426909671425', 'person', 'Activity_0gmlphm', '并行2', '疯狂的狮子Li', '1', NULL, '2022-06-17 17:45:57', '2022-06-17 17:45:57', 'admin', 'admin', 0, 0, '', 1, 0, 0, 0, 0, 0, NULL);
INSERT INTO `act_node_assignee` VALUES ('1537733305313042433', 'leave:1:1537728426909671425', 'person', 'Activity_0helmmx', '组长', '疯狂的狮子Li,疯狂的狮子Li', '1,2', NULL, '2022-06-17 17:46:04', '2022-06-17 17:46:04', 'admin', 'admin', 1, 0, '', 1, 0, 0, 0, 0, 0, NULL);
INSERT INTO `act_node_assignee` VALUES ('1537733650617507842', 'leave:1:1537728426909671425', 'person', 'Activity_0qng7af', '包容1', '疯狂的狮子Li', '1', NULL, '2022-06-17 17:47:26', '2022-06-17 17:47:26', 'admin', 'admin', 0, 0, '', 1, 0, 1, 0, 0, 0, NULL);
INSERT INTO `act_node_assignee` VALUES ('1537733693126778882', 'leave:1:1537728426909671425', 'role', 'Activity_01hsf6g', '包容2', '超级管理员,普通角色', '1,2', NULL, '2022-06-17 17:47:37', '2022-06-17 17:47:37', 'admin', 'admin', 0, 0, '', 1, 0, 0, 0, 0, 0, NULL);
INSERT INTO `act_node_assignee` VALUES ('1537733754749493250', 'leave:1:1537728426909671425', 'person', 'Activity_0m6z34w', '总经理', '疯狂的狮子Li,疯狂的狮子Li,本部门及以下 密码666666,仅本人 密码666666', '1,2,3,4', NULL, '2022-06-17 17:47:52', '2022-06-17 17:47:52', 'admin', 'admin', 1, 0, '', 0, 0, 0, 0, 0, 0, NULL);
INSERT INTO `act_node_assignee` VALUES ('1537733898203078657', 'leave:1:1537728426909671425', 'person', 'Activity_0ck1qb0', '环节1', '疯狂的狮子Li,疯狂的狮子Li,本部门及以下 密码666666', '1,2,3', NULL, '2022-06-17 17:48:25', '2022-06-17 17:48:25', 'admin', 'admin', 1, 0, '', 1, 1, 1, 1, 0, 0, NULL);
INSERT INTO `act_node_assignee` VALUES ('1537733931195473921', 'leave:1:1537728426909671425', 'person', 'Activity_1w9ihgk', 'test', '疯狂的狮子Li', '1', NULL, '2022-06-17 17:48:34', '2022-06-17 17:48:34', 'admin', 'admin', 0, 0, '', 0, 0, 0, 0, 0, 0, NULL);
INSERT INTO `act_node_assignee` VALUES ('1537734603978612737', 'sub:1:1537728483113345025', 'person', 'Activity_0dcpjw9', '子流程1', '疯狂的狮子Li,本部门及以下 密码666666', '1,3', NULL, '2022-06-17 17:51:14', '2022-06-17 17:51:14', 'admin', 'admin', 1, 0, '', 1, 0, 0, 1, 0, 0, '[{\"eventType\":\"before\",\"beanName\":\"testBean\"}]');
INSERT INTO `act_node_assignee` VALUES ('1537734690481938434', 'sub:1:1537728483113345025', 'person', 'Activity_1voadp6', '子(排他1)', '疯狂的狮子Li,疯狂的狮子Li,本部门及以下 密码666666,仅本人 密码666666', '1,2,3,4', NULL, '2022-06-17 17:51:34', '2022-06-17 17:51:34', 'admin', 'admin', 1, 0, '', 1, 0, 0, 1, 0, 0, NULL);
INSERT INTO `act_node_assignee` VALUES ('1537734745297297409', 'sub:1:1537728483113345025', 'person', 'Activity_1e8svae', '子(排他2)', '疯狂的狮子Li', '1', NULL, '2022-06-17 17:51:48', '2022-06-17 17:51:48', 'admin', 'admin', 0, 0, '', 1, 0, 0, 1, 0, 0, NULL);
INSERT INTO `act_node_assignee` VALUES ('1537734769435516929', 'sub:1:1537728483113345025', 'role', 'Activity_09eiypl', '子流程2', '超级管理员,普通角色', '1,2', NULL, '2022-06-17 17:51:53', '2022-06-17 17:51:53', 'admin', 'admin', 0, 0, '', 0, 0, 0, 1, 0, 0, NULL);
INSERT INTO `act_node_assignee` VALUES ('1537734808304132098', 'sub:1:1537728483113345025', 'person', 'Activity_0taeqo2', '总经理', '疯狂的狮子Li', '1', NULL, '2022-06-17 17:52:03', '2022-06-17 17:52:03', 'admin', 'admin', 0, 0, '', 0, 0, 0, 1, 0, 0, NULL);
INSERT INTO `act_node_assignee` VALUES ('1537735079746904065', 'leave:1:1537728426909671425', 'person', 'Activity_06jhjmd', '大于两天', '疯狂的狮子Li', '1', NULL, '2022-06-17 17:53:07', '2022-06-17 17:53:07', 'admin', 'admin', 0, 0, '', 0, 1, 1, 1, 0, 0, NULL);
INSERT INTO `act_node_assignee` VALUES ('1540965903170543618', 'leave:1:1537728426909671425', NULL, 'Activity_1uv1fdf', '申请人', NULL, NULL, NULL, '2022-06-26 15:51:16', '2022-06-26 15:51:16', 'admin', 'admin', 0, 0, '', 1, 0, 0, 0, 0, 0, NULL);
INSERT INTO `act_node_assignee` VALUES ('1541392938082820097', 'huiqian:1:1537728461214883841', NULL, 'Activity_0mlom0h', '申请人', NULL, NULL, NULL, '2022-06-27 20:08:09', '2022-06-27 20:08:09', 'admin', 'admin', 0, 0, '', 1, 0, 0, 0, 0, 0, NULL);
INSERT INTO `act_node_assignee` VALUES ('1542872337483395074', 'sub:1:1537728483113345025', NULL, 'Activity_1l92yop', '申请人', NULL, NULL, NULL, '2022-07-01 22:06:45', '2022-07-01 22:06:45', 'admin', 'admin', 0, 0, '', 1, 0, 0, 0, 0, 0, NULL);

-- ----------------------------
-- Table structure for act_procdef_info
-- ----------------------------
DROP TABLE IF EXISTS `act_procdef_info`;
CREATE TABLE `act_procdef_info`  (
  `ID_` varchar(64) CHARACTER SET utf8 COLLATE utf8_bin NOT NULL,
  `PROC_DEF_ID_` varchar(64) CHARACTER SET utf8 COLLATE utf8_bin NOT NULL,
  `REV_` int(11) NULL DEFAULT NULL,
  `INFO_JSON_ID_` varchar(64) CHARACTER SET utf8 COLLATE utf8_bin NULL DEFAULT NULL,
  PRIMARY KEY (`ID_`) USING BTREE,
  UNIQUE INDEX `ACT_UNIQ_INFO_PROCDEF`(`PROC_DEF_ID_`) USING BTREE,
  INDEX `ACT_IDX_INFO_PROCDEF`(`PROC_DEF_ID_`) USING BTREE,
  INDEX `ACT_FK_INFO_JSON_BA`(`INFO_JSON_ID_`) USING BTREE,
  CONSTRAINT `act_procdef_info_ibfk_1` FOREIGN KEY (`INFO_JSON_ID_`) REFERENCES `act_ge_bytearray` (`ID_`) ON DELETE RESTRICT ON UPDATE RESTRICT,
  CONSTRAINT `act_procdef_info_ibfk_2` FOREIGN KEY (`PROC_DEF_ID_`) REFERENCES `act_re_procdef` (`ID_`) ON DELETE RESTRICT ON UPDATE RESTRICT
) ENGINE = InnoDB CHARACTER SET = utf8 COLLATE = utf8_bin ROW_FORMAT = Dynamic;

-- ----------------------------
-- Table structure for act_re_deployment
-- ----------------------------
DROP TABLE IF EXISTS `act_re_deployment`;
CREATE TABLE `act_re_deployment`  (
  `ID_` varchar(64) CHARACTER SET utf8 COLLATE utf8_bin NOT NULL,
  `NAME_` varchar(255) CHARACTER SET utf8 COLLATE utf8_bin NULL DEFAULT NULL,
  `CATEGORY_` varchar(255) CHARACTER SET utf8 COLLATE utf8_bin NULL DEFAULT NULL,
  `KEY_` varchar(255) CHARACTER SET utf8 COLLATE utf8_bin NULL DEFAULT NULL,
  `TENANT_ID_` varchar(255) CHARACTER SET utf8 COLLATE utf8_bin NULL DEFAULT '',
  `DEPLOY_TIME_` timestamp(3) NULL DEFAULT NULL,
  `DERIVED_FROM_` varchar(64) CHARACTER SET utf8 COLLATE utf8_bin NULL DEFAULT NULL,
  `DERIVED_FROM_ROOT_` varchar(64) CHARACTER SET utf8 COLLATE utf8_bin NULL DEFAULT NULL,
  `PARENT_DEPLOYMENT_ID_` varchar(255) CHARACTER SET utf8 COLLATE utf8_bin NULL DEFAULT NULL,
  `ENGINE_VERSION_` varchar(255) CHARACTER SET utf8 COLLATE utf8_bin NULL DEFAULT NULL,
  PRIMARY KEY (`ID_`) USING BTREE
) ENGINE = InnoDB CHARACTER SET = utf8 COLLATE = utf8_bin ROW_FORMAT = Dynamic;

-- ----------------------------
-- Records of act_re_deployment
-- ----------------------------
INSERT INTO `act_re_deployment` VALUES ('1537728424690884610', 'leave-leave', NULL, NULL, '', '2022-06-17 17:26:40.713', NULL, NULL, '1537728424690884610', NULL);
INSERT INTO `act_re_deployment` VALUES ('1537728460795453441', '会签-huiqian', NULL, NULL, '', '2022-06-17 17:26:49.323', NULL, NULL, '1537728460795453441', NULL);
INSERT INTO `act_re_deployment` VALUES ('1537728482781995010', '子流程-sub', NULL, NULL, '', '2022-06-17 17:26:54.565', NULL, NULL, '1537728482781995010', NULL);

-- ----------------------------
-- Table structure for act_re_model
-- ----------------------------
DROP TABLE IF EXISTS `act_re_model`;
CREATE TABLE `act_re_model`  (
  `ID_` varchar(64) CHARACTER SET utf8 COLLATE utf8_bin NOT NULL,
  `REV_` int(11) NULL DEFAULT NULL,
  `NAME_` varchar(255) CHARACTER SET utf8 COLLATE utf8_bin NULL DEFAULT NULL,
  `KEY_` varchar(255) CHARACTER SET utf8 COLLATE utf8_bin NULL DEFAULT NULL,
  `CATEGORY_` varchar(255) CHARACTER SET utf8 COLLATE utf8_bin NULL DEFAULT NULL,
  `CREATE_TIME_` timestamp(3) NULL DEFAULT NULL,
  `LAST_UPDATE_TIME_` timestamp(3) NULL DEFAULT NULL,
  `VERSION_` int(11) NULL DEFAULT NULL,
  `META_INFO_` varchar(4000) CHARACTER SET utf8 COLLATE utf8_bin NULL DEFAULT NULL,
  `DEPLOYMENT_ID_` varchar(64) CHARACTER SET utf8 COLLATE utf8_bin NULL DEFAULT NULL,
  `EDITOR_SOURCE_VALUE_ID_` varchar(64) CHARACTER SET utf8 COLLATE utf8_bin NULL DEFAULT NULL,
  `EDITOR_SOURCE_EXTRA_VALUE_ID_` varchar(64) CHARACTER SET utf8 COLLATE utf8_bin NULL DEFAULT NULL,
  `TENANT_ID_` varchar(255) CHARACTER SET utf8 COLLATE utf8_bin NULL DEFAULT '',
  PRIMARY KEY (`ID_`) USING BTREE,
  INDEX `ACT_FK_MODEL_SOURCE`(`EDITOR_SOURCE_VALUE_ID_`) USING BTREE,
  INDEX `ACT_FK_MODEL_SOURCE_EXTRA`(`EDITOR_SOURCE_EXTRA_VALUE_ID_`) USING BTREE,
  INDEX `ACT_FK_MODEL_DEPLOYMENT`(`DEPLOYMENT_ID_`) USING BTREE,
  CONSTRAINT `act_re_model_ibfk_1` FOREIGN KEY (`DEPLOYMENT_ID_`) REFERENCES `act_re_deployment` (`ID_`) ON DELETE RESTRICT ON UPDATE RESTRICT,
  CONSTRAINT `act_re_model_ibfk_2` FOREIGN KEY (`EDITOR_SOURCE_VALUE_ID_`) REFERENCES `act_ge_bytearray` (`ID_`) ON DELETE RESTRICT ON UPDATE RESTRICT,
  CONSTRAINT `act_re_model_ibfk_3` FOREIGN KEY (`EDITOR_SOURCE_EXTRA_VALUE_ID_`) REFERENCES `act_ge_bytearray` (`ID_`) ON DELETE RESTRICT ON UPDATE RESTRICT
) ENGINE = InnoDB CHARACTER SET = utf8 COLLATE = utf8_bin ROW_FORMAT = Dynamic;

-- ----------------------------
-- Records of act_re_model
-- ----------------------------
INSERT INTO `act_re_model` VALUES ('1540583141020319745', 3, '会签', 'huiqian', NULL, '2022-06-25 14:30:18.139', '2022-06-25 14:30:18.291', 1, '{\"name\":\"会签\",\"revision\":1,\"description\":null}', NULL, '1540583141288755201', '1540583141678825474', '');
INSERT INTO `act_re_model` VALUES ('1540583154874105858', 3, 'leave', 'leave', NULL, '2022-06-25 14:30:21.431', '2022-06-25 14:30:21.574', 1, '{\"name\":\"leave\",\"revision\":1,\"description\":null}', NULL, '1540583155062849538', '1540583155478085634', '');
INSERT INTO `act_re_model` VALUES ('1540583167725453313', 3, '子流程', 'sub', NULL, '2022-06-25 14:30:24.507', '2022-06-25 14:30:24.665', 1, '{\"name\":\"子流程\",\"revision\":1,\"description\":null}', NULL, '1540583167985500161', '1540583168392347649', '');

-- ----------------------------
-- Table structure for act_re_procdef
-- ----------------------------
DROP TABLE IF EXISTS `act_re_procdef`;
CREATE TABLE `act_re_procdef`  (
  `ID_` varchar(64) CHARACTER SET utf8 COLLATE utf8_bin NOT NULL,
  `REV_` int(11) NULL DEFAULT NULL,
  `CATEGORY_` varchar(255) CHARACTER SET utf8 COLLATE utf8_bin NULL DEFAULT NULL,
  `NAME_` varchar(255) CHARACTER SET utf8 COLLATE utf8_bin NULL DEFAULT NULL,
  `KEY_` varchar(255) CHARACTER SET utf8 COLLATE utf8_bin NOT NULL,
  `VERSION_` int(11) NOT NULL,
  `DEPLOYMENT_ID_` varchar(64) CHARACTER SET utf8 COLLATE utf8_bin NULL DEFAULT NULL,
  `RESOURCE_NAME_` varchar(4000) CHARACTER SET utf8 COLLATE utf8_bin NULL DEFAULT NULL,
  `DGRM_RESOURCE_NAME_` varchar(4000) CHARACTER SET utf8 COLLATE utf8_bin NULL DEFAULT NULL,
  `DESCRIPTION_` varchar(4000) CHARACTER SET utf8 COLLATE utf8_bin NULL DEFAULT NULL,
  `HAS_START_FORM_KEY_` tinyint(4) NULL DEFAULT NULL,
  `HAS_GRAPHICAL_NOTATION_` tinyint(4) NULL DEFAULT NULL,
  `SUSPENSION_STATE_` int(11) NULL DEFAULT NULL,
  `TENANT_ID_` varchar(255) CHARACTER SET utf8 COLLATE utf8_bin NULL DEFAULT '',
  `ENGINE_VERSION_` varchar(255) CHARACTER SET utf8 COLLATE utf8_bin NULL DEFAULT NULL,
  `DERIVED_FROM_` varchar(64) CHARACTER SET utf8 COLLATE utf8_bin NULL DEFAULT NULL,
  `DERIVED_FROM_ROOT_` varchar(64) CHARACTER SET utf8 COLLATE utf8_bin NULL DEFAULT NULL,
  `DERIVED_VERSION_` int(11) NOT NULL DEFAULT 0,
  PRIMARY KEY (`ID_`) USING BTREE,
  UNIQUE INDEX `ACT_UNIQ_PROCDEF`(`KEY_`, `VERSION_`, `DERIVED_VERSION_`, `TENANT_ID_`) USING BTREE
) ENGINE = InnoDB CHARACTER SET = utf8 COLLATE = utf8_bin ROW_FORMAT = Dynamic;

-- ----------------------------
-- Records of act_re_procdef
-- ----------------------------
INSERT INTO `act_re_procdef` VALUES ('huiqian:1:1537728461214883841', 1, 'http://flowable.org/bpmn', '会签', 'huiqian', 1, '1537728460795453441', '会签.bpmn20.xml', '会签.huiqian.png', NULL, 0, 1, 1, '', NULL, NULL, NULL, 0);
INSERT INTO `act_re_procdef` VALUES ('leave:1:1537728426909671425', 1, 'http://flowable.org/bpmn', 'leave', 'leave', 1, '1537728424690884610', 'leave.bpmn20.xml', 'leave.leave.png', NULL, 0, 1, 1, '', NULL, NULL, NULL, 0);
INSERT INTO `act_re_procdef` VALUES ('sub:1:1537728483113345025', 1, 'http://flowable.org/bpmn', '子流程', 'sub', 1, '1537728482781995010', '子流程.bpmn20.xml', '子流程.sub.png', NULL, 0, 1, 1, '', NULL, NULL, NULL, 0);

-- ----------------------------
-- Table structure for act_ru_actinst
-- ----------------------------
DROP TABLE IF EXISTS `act_ru_actinst`;
CREATE TABLE `act_ru_actinst`  (
  `ID_` varchar(64) CHARACTER SET utf8 COLLATE utf8_bin NOT NULL,
  `REV_` int(11) NULL DEFAULT 1,
  `PROC_DEF_ID_` varchar(64) CHARACTER SET utf8 COLLATE utf8_bin NOT NULL,
  `PROC_INST_ID_` varchar(64) CHARACTER SET utf8 COLLATE utf8_bin NOT NULL,
  `EXECUTION_ID_` varchar(64) CHARACTER SET utf8 COLLATE utf8_bin NOT NULL,
  `ACT_ID_` varchar(255) CHARACTER SET utf8 COLLATE utf8_bin NOT NULL,
  `TASK_ID_` varchar(64) CHARACTER SET utf8 COLLATE utf8_bin NULL DEFAULT NULL,
  `CALL_PROC_INST_ID_` varchar(64) CHARACTER SET utf8 COLLATE utf8_bin NULL DEFAULT NULL,
  `ACT_NAME_` varchar(255) CHARACTER SET utf8 COLLATE utf8_bin NULL DEFAULT NULL,
  `ACT_TYPE_` varchar(255) CHARACTER SET utf8 COLLATE utf8_bin NOT NULL,
  `ASSIGNEE_` varchar(255) CHARACTER SET utf8 COLLATE utf8_bin NULL DEFAULT NULL,
  `START_TIME_` datetime(3) NOT NULL,
  `END_TIME_` datetime(3) NULL DEFAULT NULL,
  `DURATION_` bigint(20) NULL DEFAULT NULL,
  `TRANSACTION_ORDER_` int(11) NULL DEFAULT NULL,
  `DELETE_REASON_` varchar(4000) CHARACTER SET utf8 COLLATE utf8_bin NULL DEFAULT NULL,
  `TENANT_ID_` varchar(255) CHARACTER SET utf8 COLLATE utf8_bin NULL DEFAULT '',
  PRIMARY KEY (`ID_`) USING BTREE,
  INDEX `ACT_IDX_RU_ACTI_START`(`START_TIME_`) USING BTREE,
  INDEX `ACT_IDX_RU_ACTI_END`(`END_TIME_`) USING BTREE,
  INDEX `ACT_IDX_RU_ACTI_PROC`(`PROC_INST_ID_`) USING BTREE,
  INDEX `ACT_IDX_RU_ACTI_PROC_ACT`(`PROC_INST_ID_`, `ACT_ID_`) USING BTREE,
  INDEX `ACT_IDX_RU_ACTI_EXEC`(`EXECUTION_ID_`) USING BTREE,
  INDEX `ACT_IDX_RU_ACTI_EXEC_ACT`(`EXECUTION_ID_`, `ACT_ID_`) USING BTREE,
  INDEX `ACT_IDX_RU_ACTI_TASK`(`TASK_ID_`) USING BTREE
) ENGINE = InnoDB CHARACTER SET = utf8 COLLATE = utf8_bin ROW_FORMAT = Dynamic;

-- ----------------------------
-- Table structure for act_ru_deadletter_job
-- ----------------------------
DROP TABLE IF EXISTS `act_ru_deadletter_job`;
CREATE TABLE `act_ru_deadletter_job`  (
  `ID_` varchar(64) CHARACTER SET utf8 COLLATE utf8_bin NOT NULL,
  `REV_` int(11) NULL DEFAULT NULL,
  `CATEGORY_` varchar(255) CHARACTER SET utf8 COLLATE utf8_bin NULL DEFAULT NULL,
  `TYPE_` varchar(255) CHARACTER SET utf8 COLLATE utf8_bin NOT NULL,
  `EXCLUSIVE_` tinyint(1) NULL DEFAULT NULL,
  `EXECUTION_ID_` varchar(64) CHARACTER SET utf8 COLLATE utf8_bin NULL DEFAULT NULL,
  `PROCESS_INSTANCE_ID_` varchar(64) CHARACTER SET utf8 COLLATE utf8_bin NULL DEFAULT NULL,
  `PROC_DEF_ID_` varchar(64) CHARACTER SET utf8 COLLATE utf8_bin NULL DEFAULT NULL,
  `ELEMENT_ID_` varchar(255) CHARACTER SET utf8 COLLATE utf8_bin NULL DEFAULT NULL,
  `ELEMENT_NAME_` varchar(255) CHARACTER SET utf8 COLLATE utf8_bin NULL DEFAULT NULL,
  `SCOPE_ID_` varchar(255) CHARACTER SET utf8 COLLATE utf8_bin NULL DEFAULT NULL,
  `SUB_SCOPE_ID_` varchar(255) CHARACTER SET utf8 COLLATE utf8_bin NULL DEFAULT NULL,
  `SCOPE_TYPE_` varchar(255) CHARACTER SET utf8 COLLATE utf8_bin NULL DEFAULT NULL,
  `SCOPE_DEFINITION_ID_` varchar(255) CHARACTER SET utf8 COLLATE utf8_bin NULL DEFAULT NULL,
  `CORRELATION_ID_` varchar(255) CHARACTER SET utf8 COLLATE utf8_bin NULL DEFAULT NULL,
  `EXCEPTION_STACK_ID_` varchar(64) CHARACTER SET utf8 COLLATE utf8_bin NULL DEFAULT NULL,
  `EXCEPTION_MSG_` varchar(4000) CHARACTER SET utf8 COLLATE utf8_bin NULL DEFAULT NULL,
  `DUEDATE_` timestamp(3) NULL DEFAULT NULL,
  `REPEAT_` varchar(255) CHARACTER SET utf8 COLLATE utf8_bin NULL DEFAULT NULL,
  `HANDLER_TYPE_` varchar(255) CHARACTER SET utf8 COLLATE utf8_bin NULL DEFAULT NULL,
  `HANDLER_CFG_` varchar(4000) CHARACTER SET utf8 COLLATE utf8_bin NULL DEFAULT NULL,
  `CUSTOM_VALUES_ID_` varchar(64) CHARACTER SET utf8 COLLATE utf8_bin NULL DEFAULT NULL,
  `CREATE_TIME_` timestamp(3) NULL DEFAULT NULL,
  `TENANT_ID_` varchar(255) CHARACTER SET utf8 COLLATE utf8_bin NULL DEFAULT '',
  PRIMARY KEY (`ID_`) USING BTREE,
  INDEX `ACT_IDX_DEADLETTER_JOB_EXCEPTION_STACK_ID`(`EXCEPTION_STACK_ID_`) USING BTREE,
  INDEX `ACT_IDX_DEADLETTER_JOB_CUSTOM_VALUES_ID`(`CUSTOM_VALUES_ID_`) USING BTREE,
  INDEX `ACT_IDX_DEADLETTER_JOB_CORRELATION_ID`(`CORRELATION_ID_`) USING BTREE,
  INDEX `ACT_IDX_DJOB_SCOPE`(`SCOPE_ID_`, `SCOPE_TYPE_`) USING BTREE,
  INDEX `ACT_IDX_DJOB_SUB_SCOPE`(`SUB_SCOPE_ID_`, `SCOPE_TYPE_`) USING BTREE,
  INDEX `ACT_IDX_DJOB_SCOPE_DEF`(`SCOPE_DEFINITION_ID_`, `SCOPE_TYPE_`) USING BTREE,
  INDEX `ACT_FK_DEADLETTER_JOB_EXECUTION`(`EXECUTION_ID_`) USING BTREE,
  INDEX `ACT_FK_DEADLETTER_JOB_PROCESS_INSTANCE`(`PROCESS_INSTANCE_ID_`) USING BTREE,
  INDEX `ACT_FK_DEADLETTER_JOB_PROC_DEF`(`PROC_DEF_ID_`) USING BTREE,
  CONSTRAINT `act_ru_deadletter_job_ibfk_1` FOREIGN KEY (`CUSTOM_VALUES_ID_`) REFERENCES `act_ge_bytearray` (`ID_`) ON DELETE RESTRICT ON UPDATE RESTRICT,
  CONSTRAINT `act_ru_deadletter_job_ibfk_2` FOREIGN KEY (`EXCEPTION_STACK_ID_`) REFERENCES `act_ge_bytearray` (`ID_`) ON DELETE RESTRICT ON UPDATE RESTRICT,
  CONSTRAINT `act_ru_deadletter_job_ibfk_3` FOREIGN KEY (`EXECUTION_ID_`) REFERENCES `act_ru_execution` (`ID_`) ON DELETE RESTRICT ON UPDATE RESTRICT,
  CONSTRAINT `act_ru_deadletter_job_ibfk_4` FOREIGN KEY (`PROCESS_INSTANCE_ID_`) REFERENCES `act_ru_execution` (`ID_`) ON DELETE RESTRICT ON UPDATE RESTRICT,
  CONSTRAINT `act_ru_deadletter_job_ibfk_5` FOREIGN KEY (`PROC_DEF_ID_`) REFERENCES `act_re_procdef` (`ID_`) ON DELETE RESTRICT ON UPDATE RESTRICT
) ENGINE = InnoDB CHARACTER SET = utf8 COLLATE = utf8_bin ROW_FORMAT = Dynamic;

-- ----------------------------
-- Table structure for act_ru_entitylink
-- ----------------------------
DROP TABLE IF EXISTS `act_ru_entitylink`;
CREATE TABLE `act_ru_entitylink`  (
  `ID_` varchar(64) CHARACTER SET utf8 COLLATE utf8_bin NOT NULL,
  `REV_` int(11) NULL DEFAULT NULL,
  `CREATE_TIME_` datetime(3) NULL DEFAULT NULL,
  `LINK_TYPE_` varchar(255) CHARACTER SET utf8 COLLATE utf8_bin NULL DEFAULT NULL,
  `SCOPE_ID_` varchar(255) CHARACTER SET utf8 COLLATE utf8_bin NULL DEFAULT NULL,
  `SUB_SCOPE_ID_` varchar(255) CHARACTER SET utf8 COLLATE utf8_bin NULL DEFAULT NULL,
  `SCOPE_TYPE_` varchar(255) CHARACTER SET utf8 COLLATE utf8_bin NULL DEFAULT NULL,
  `SCOPE_DEFINITION_ID_` varchar(255) CHARACTER SET utf8 COLLATE utf8_bin NULL DEFAULT NULL,
  `PARENT_ELEMENT_ID_` varchar(255) CHARACTER SET utf8 COLLATE utf8_bin NULL DEFAULT NULL,
  `REF_SCOPE_ID_` varchar(255) CHARACTER SET utf8 COLLATE utf8_bin NULL DEFAULT NULL,
  `REF_SCOPE_TYPE_` varchar(255) CHARACTER SET utf8 COLLATE utf8_bin NULL DEFAULT NULL,
  `REF_SCOPE_DEFINITION_ID_` varchar(255) CHARACTER SET utf8 COLLATE utf8_bin NULL DEFAULT NULL,
  `ROOT_SCOPE_ID_` varchar(255) CHARACTER SET utf8 COLLATE utf8_bin NULL DEFAULT NULL,
  `ROOT_SCOPE_TYPE_` varchar(255) CHARACTER SET utf8 COLLATE utf8_bin NULL DEFAULT NULL,
  `HIERARCHY_TYPE_` varchar(255) CHARACTER SET utf8 COLLATE utf8_bin NULL DEFAULT NULL,
  PRIMARY KEY (`ID_`) USING BTREE,
  INDEX `ACT_IDX_ENT_LNK_SCOPE`(`SCOPE_ID_`, `SCOPE_TYPE_`, `LINK_TYPE_`) USING BTREE,
  INDEX `ACT_IDX_ENT_LNK_REF_SCOPE`(`REF_SCOPE_ID_`, `REF_SCOPE_TYPE_`, `LINK_TYPE_`) USING BTREE,
  INDEX `ACT_IDX_ENT_LNK_ROOT_SCOPE`(`ROOT_SCOPE_ID_`, `ROOT_SCOPE_TYPE_`, `LINK_TYPE_`) USING BTREE,
  INDEX `ACT_IDX_ENT_LNK_SCOPE_DEF`(`SCOPE_DEFINITION_ID_`, `SCOPE_TYPE_`, `LINK_TYPE_`) USING BTREE
) ENGINE = InnoDB CHARACTER SET = utf8 COLLATE = utf8_bin ROW_FORMAT = Dynamic;

-- ----------------------------
-- Table structure for act_ru_event_subscr
-- ----------------------------
DROP TABLE IF EXISTS `act_ru_event_subscr`;
CREATE TABLE `act_ru_event_subscr`  (
  `ID_` varchar(64) CHARACTER SET utf8 COLLATE utf8_bin NOT NULL,
  `REV_` int(11) NULL DEFAULT NULL,
  `EVENT_TYPE_` varchar(255) CHARACTER SET utf8 COLLATE utf8_bin NOT NULL,
  `EVENT_NAME_` varchar(255) CHARACTER SET utf8 COLLATE utf8_bin NULL DEFAULT NULL,
  `EXECUTION_ID_` varchar(64) CHARACTER SET utf8 COLLATE utf8_bin NULL DEFAULT NULL,
  `PROC_INST_ID_` varchar(64) CHARACTER SET utf8 COLLATE utf8_bin NULL DEFAULT NULL,
  `ACTIVITY_ID_` varchar(64) CHARACTER SET utf8 COLLATE utf8_bin NULL DEFAULT NULL,
  `CONFIGURATION_` varchar(255) CHARACTER SET utf8 COLLATE utf8_bin NULL DEFAULT NULL,
  `CREATED_` timestamp(3) NOT NULL DEFAULT CURRENT_TIMESTAMP(3),
  `PROC_DEF_ID_` varchar(64) CHARACTER SET utf8 COLLATE utf8_bin NULL DEFAULT NULL,
  `SUB_SCOPE_ID_` varchar(64) CHARACTER SET utf8 COLLATE utf8_bin NULL DEFAULT NULL,
  `SCOPE_ID_` varchar(64) CHARACTER SET utf8 COLLATE utf8_bin NULL DEFAULT NULL,
  `SCOPE_DEFINITION_ID_` varchar(64) CHARACTER SET utf8 COLLATE utf8_bin NULL DEFAULT NULL,
  `SCOPE_TYPE_` varchar(64) CHARACTER SET utf8 COLLATE utf8_bin NULL DEFAULT NULL,
  `TENANT_ID_` varchar(255) CHARACTER SET utf8 COLLATE utf8_bin NULL DEFAULT '',
  PRIMARY KEY (`ID_`) USING BTREE,
  INDEX `ACT_IDX_EVENT_SUBSCR_CONFIG_`(`CONFIGURATION_`) USING BTREE,
  INDEX `ACT_FK_EVENT_EXEC`(`EXECUTION_ID_`) USING BTREE,
  CONSTRAINT `act_ru_event_subscr_ibfk_1` FOREIGN KEY (`EXECUTION_ID_`) REFERENCES `act_ru_execution` (`ID_`) ON DELETE RESTRICT ON UPDATE RESTRICT
) ENGINE = InnoDB CHARACTER SET = utf8 COLLATE = utf8_bin ROW_FORMAT = Dynamic;

-- ----------------------------
-- Table structure for act_ru_execution
-- ----------------------------
DROP TABLE IF EXISTS `act_ru_execution`;
CREATE TABLE `act_ru_execution`  (
  `ID_` varchar(64) CHARACTER SET utf8 COLLATE utf8_bin NOT NULL,
  `REV_` int(11) NULL DEFAULT NULL,
  `PROC_INST_ID_` varchar(64) CHARACTER SET utf8 COLLATE utf8_bin NULL DEFAULT NULL,
  `BUSINESS_KEY_` varchar(255) CHARACTER SET utf8 COLLATE utf8_bin NULL DEFAULT NULL,
  `PARENT_ID_` varchar(64) CHARACTER SET utf8 COLLATE utf8_bin NULL DEFAULT NULL,
  `PROC_DEF_ID_` varchar(64) CHARACTER SET utf8 COLLATE utf8_bin NULL DEFAULT NULL,
  `SUPER_EXEC_` varchar(64) CHARACTER SET utf8 COLLATE utf8_bin NULL DEFAULT NULL,
  `ROOT_PROC_INST_ID_` varchar(64) CHARACTER SET utf8 COLLATE utf8_bin NULL DEFAULT NULL,
  `ACT_ID_` varchar(255) CHARACTER SET utf8 COLLATE utf8_bin NULL DEFAULT NULL,
  `IS_ACTIVE_` tinyint(4) NULL DEFAULT NULL,
  `IS_CONCURRENT_` tinyint(4) NULL DEFAULT NULL,
  `IS_SCOPE_` tinyint(4) NULL DEFAULT NULL,
  `IS_EVENT_SCOPE_` tinyint(4) NULL DEFAULT NULL,
  `IS_MI_ROOT_` tinyint(4) NULL DEFAULT NULL,
  `SUSPENSION_STATE_` int(11) NULL DEFAULT NULL,
  `CACHED_ENT_STATE_` int(11) NULL DEFAULT NULL,
  `TENANT_ID_` varchar(255) CHARACTER SET utf8 COLLATE utf8_bin NULL DEFAULT '',
  `NAME_` varchar(255) CHARACTER SET utf8 COLLATE utf8_bin NULL DEFAULT NULL,
  `START_ACT_ID_` varchar(255) CHARACTER SET utf8 COLLATE utf8_bin NULL DEFAULT NULL,
  `START_TIME_` datetime(3) NULL DEFAULT NULL,
  `START_USER_ID_` varchar(255) CHARACTER SET utf8 COLLATE utf8_bin NULL DEFAULT NULL,
  `LOCK_TIME_` timestamp(3) NULL DEFAULT NULL,
  `LOCK_OWNER_` varchar(255) CHARACTER SET utf8 COLLATE utf8_bin NULL DEFAULT NULL,
  `IS_COUNT_ENABLED_` tinyint(4) NULL DEFAULT NULL,
  `EVT_SUBSCR_COUNT_` int(11) NULL DEFAULT NULL,
  `TASK_COUNT_` int(11) NULL DEFAULT NULL,
  `JOB_COUNT_` int(11) NULL DEFAULT NULL,
  `TIMER_JOB_COUNT_` int(11) NULL DEFAULT NULL,
  `SUSP_JOB_COUNT_` int(11) NULL DEFAULT NULL,
  `DEADLETTER_JOB_COUNT_` int(11) NULL DEFAULT NULL,
  `EXTERNAL_WORKER_JOB_COUNT_` int(11) NULL DEFAULT NULL,
  `VAR_COUNT_` int(11) NULL DEFAULT NULL,
  `ID_LINK_COUNT_` int(11) NULL DEFAULT NULL,
  `CALLBACK_ID_` varchar(255) CHARACTER SET utf8 COLLATE utf8_bin NULL DEFAULT NULL,
  `CALLBACK_TYPE_` varchar(255) CHARACTER SET utf8 COLLATE utf8_bin NULL DEFAULT NULL,
  `REFERENCE_ID_` varchar(255) CHARACTER SET utf8 COLLATE utf8_bin NULL DEFAULT NULL,
  `REFERENCE_TYPE_` varchar(255) CHARACTER SET utf8 COLLATE utf8_bin NULL DEFAULT NULL,
  `PROPAGATED_STAGE_INST_ID_` varchar(255) CHARACTER SET utf8 COLLATE utf8_bin NULL DEFAULT NULL,
  `BUSINESS_STATUS_` varchar(255) CHARACTER SET utf8 COLLATE utf8_bin NULL DEFAULT NULL,
  PRIMARY KEY (`ID_`) USING BTREE,
  INDEX `ACT_IDX_EXEC_BUSKEY`(`BUSINESS_KEY_`) USING BTREE,
  INDEX `ACT_IDC_EXEC_ROOT`(`ROOT_PROC_INST_ID_`) USING BTREE,
  INDEX `ACT_IDX_EXEC_REF_ID_`(`REFERENCE_ID_`) USING BTREE,
  INDEX `ACT_FK_EXE_PROCINST`(`PROC_INST_ID_`) USING BTREE,
  INDEX `ACT_FK_EXE_PARENT`(`PARENT_ID_`) USING BTREE,
  INDEX `ACT_FK_EXE_SUPER`(`SUPER_EXEC_`) USING BTREE,
  INDEX `ACT_FK_EXE_PROCDEF`(`PROC_DEF_ID_`) USING BTREE,
  CONSTRAINT `act_ru_execution_ibfk_1` FOREIGN KEY (`PARENT_ID_`) REFERENCES `act_ru_execution` (`ID_`) ON DELETE CASCADE ON UPDATE RESTRICT,
  CONSTRAINT `act_ru_execution_ibfk_2` FOREIGN KEY (`PROC_DEF_ID_`) REFERENCES `act_re_procdef` (`ID_`) ON DELETE RESTRICT ON UPDATE RESTRICT,
  CONSTRAINT `act_ru_execution_ibfk_3` FOREIGN KEY (`PROC_INST_ID_`) REFERENCES `act_ru_execution` (`ID_`) ON DELETE CASCADE ON UPDATE CASCADE,
  CONSTRAINT `act_ru_execution_ibfk_4` FOREIGN KEY (`SUPER_EXEC_`) REFERENCES `act_ru_execution` (`ID_`) ON DELETE CASCADE ON UPDATE RESTRICT
) ENGINE = InnoDB CHARACTER SET = utf8 COLLATE = utf8_bin ROW_FORMAT = Dynamic;

-- ----------------------------
-- Table structure for act_ru_external_job
-- ----------------------------
DROP TABLE IF EXISTS `act_ru_external_job`;
CREATE TABLE `act_ru_external_job`  (
  `ID_` varchar(64) CHARACTER SET utf8 COLLATE utf8_bin NOT NULL,
  `REV_` int(11) NULL DEFAULT NULL,
  `CATEGORY_` varchar(255) CHARACTER SET utf8 COLLATE utf8_bin NULL DEFAULT NULL,
  `TYPE_` varchar(255) CHARACTER SET utf8 COLLATE utf8_bin NOT NULL,
  `LOCK_EXP_TIME_` timestamp(3) NULL DEFAULT NULL,
  `LOCK_OWNER_` varchar(255) CHARACTER SET utf8 COLLATE utf8_bin NULL DEFAULT NULL,
  `EXCLUSIVE_` tinyint(1) NULL DEFAULT NULL,
  `EXECUTION_ID_` varchar(64) CHARACTER SET utf8 COLLATE utf8_bin NULL DEFAULT NULL,
  `PROCESS_INSTANCE_ID_` varchar(64) CHARACTER SET utf8 COLLATE utf8_bin NULL DEFAULT NULL,
  `PROC_DEF_ID_` varchar(64) CHARACTER SET utf8 COLLATE utf8_bin NULL DEFAULT NULL,
  `ELEMENT_ID_` varchar(255) CHARACTER SET utf8 COLLATE utf8_bin NULL DEFAULT NULL,
  `ELEMENT_NAME_` varchar(255) CHARACTER SET utf8 COLLATE utf8_bin NULL DEFAULT NULL,
  `SCOPE_ID_` varchar(255) CHARACTER SET utf8 COLLATE utf8_bin NULL DEFAULT NULL,
  `SUB_SCOPE_ID_` varchar(255) CHARACTER SET utf8 COLLATE utf8_bin NULL DEFAULT NULL,
  `SCOPE_TYPE_` varchar(255) CHARACTER SET utf8 COLLATE utf8_bin NULL DEFAULT NULL,
  `SCOPE_DEFINITION_ID_` varchar(255) CHARACTER SET utf8 COLLATE utf8_bin NULL DEFAULT NULL,
  `CORRELATION_ID_` varchar(255) CHARACTER SET utf8 COLLATE utf8_bin NULL DEFAULT NULL,
  `RETRIES_` int(11) NULL DEFAULT NULL,
  `EXCEPTION_STACK_ID_` varchar(64) CHARACTER SET utf8 COLLATE utf8_bin NULL DEFAULT NULL,
  `EXCEPTION_MSG_` varchar(4000) CHARACTER SET utf8 COLLATE utf8_bin NULL DEFAULT NULL,
  `DUEDATE_` timestamp(3) NULL DEFAULT NULL,
  `REPEAT_` varchar(255) CHARACTER SET utf8 COLLATE utf8_bin NULL DEFAULT NULL,
  `HANDLER_TYPE_` varchar(255) CHARACTER SET utf8 COLLATE utf8_bin NULL DEFAULT NULL,
  `HANDLER_CFG_` varchar(4000) CHARACTER SET utf8 COLLATE utf8_bin NULL DEFAULT NULL,
  `CUSTOM_VALUES_ID_` varchar(64) CHARACTER SET utf8 COLLATE utf8_bin NULL DEFAULT NULL,
  `CREATE_TIME_` timestamp(3) NULL DEFAULT NULL,
  `TENANT_ID_` varchar(255) CHARACTER SET utf8 COLLATE utf8_bin NULL DEFAULT '',
  PRIMARY KEY (`ID_`) USING BTREE,
  INDEX `ACT_IDX_EXTERNAL_JOB_EXCEPTION_STACK_ID`(`EXCEPTION_STACK_ID_`) USING BTREE,
  INDEX `ACT_IDX_EXTERNAL_JOB_CUSTOM_VALUES_ID`(`CUSTOM_VALUES_ID_`) USING BTREE,
  INDEX `ACT_IDX_EXTERNAL_JOB_CORRELATION_ID`(`CORRELATION_ID_`) USING BTREE,
  INDEX `ACT_IDX_EJOB_SCOPE`(`SCOPE_ID_`, `SCOPE_TYPE_`) USING BTREE,
  INDEX `ACT_IDX_EJOB_SUB_SCOPE`(`SUB_SCOPE_ID_`, `SCOPE_TYPE_`) USING BTREE,
  INDEX `ACT_IDX_EJOB_SCOPE_DEF`(`SCOPE_DEFINITION_ID_`, `SCOPE_TYPE_`) USING BTREE,
  CONSTRAINT `act_ru_external_job_ibfk_1` FOREIGN KEY (`CUSTOM_VALUES_ID_`) REFERENCES `act_ge_bytearray` (`ID_`) ON DELETE RESTRICT ON UPDATE RESTRICT,
  CONSTRAINT `act_ru_external_job_ibfk_2` FOREIGN KEY (`EXCEPTION_STACK_ID_`) REFERENCES `act_ge_bytearray` (`ID_`) ON DELETE RESTRICT ON UPDATE RESTRICT
) ENGINE = InnoDB CHARACTER SET = utf8 COLLATE = utf8_bin ROW_FORMAT = Dynamic;

-- ----------------------------
-- Table structure for act_ru_history_job
-- ----------------------------
DROP TABLE IF EXISTS `act_ru_history_job`;
CREATE TABLE `act_ru_history_job`  (
  `ID_` varchar(64) CHARACTER SET utf8 COLLATE utf8_bin NOT NULL,
  `REV_` int(11) NULL DEFAULT NULL,
  `LOCK_EXP_TIME_` timestamp(3) NULL DEFAULT NULL,
  `LOCK_OWNER_` varchar(255) CHARACTER SET utf8 COLLATE utf8_bin NULL DEFAULT NULL,
  `RETRIES_` int(11) NULL DEFAULT NULL,
  `EXCEPTION_STACK_ID_` varchar(64) CHARACTER SET utf8 COLLATE utf8_bin NULL DEFAULT NULL,
  `EXCEPTION_MSG_` varchar(4000) CHARACTER SET utf8 COLLATE utf8_bin NULL DEFAULT NULL,
  `HANDLER_TYPE_` varchar(255) CHARACTER SET utf8 COLLATE utf8_bin NULL DEFAULT NULL,
  `HANDLER_CFG_` varchar(4000) CHARACTER SET utf8 COLLATE utf8_bin NULL DEFAULT NULL,
  `CUSTOM_VALUES_ID_` varchar(64) CHARACTER SET utf8 COLLATE utf8_bin NULL DEFAULT NULL,
  `ADV_HANDLER_CFG_ID_` varchar(64) CHARACTER SET utf8 COLLATE utf8_bin NULL DEFAULT NULL,
  `CREATE_TIME_` timestamp(3) NULL DEFAULT NULL,
  `SCOPE_TYPE_` varchar(255) CHARACTER SET utf8 COLLATE utf8_bin NULL DEFAULT NULL,
  `TENANT_ID_` varchar(255) CHARACTER SET utf8 COLLATE utf8_bin NULL DEFAULT '',
  PRIMARY KEY (`ID_`) USING BTREE
) ENGINE = InnoDB CHARACTER SET = utf8 COLLATE = utf8_bin ROW_FORMAT = Dynamic;

-- ----------------------------
-- Table structure for act_ru_identitylink
-- ----------------------------
DROP TABLE IF EXISTS `act_ru_identitylink`;
CREATE TABLE `act_ru_identitylink`  (
  `ID_` varchar(64) CHARACTER SET utf8 COLLATE utf8_bin NOT NULL,
  `REV_` int(11) NULL DEFAULT NULL,
  `GROUP_ID_` varchar(255) CHARACTER SET utf8 COLLATE utf8_bin NULL DEFAULT NULL,
  `TYPE_` varchar(255) CHARACTER SET utf8 COLLATE utf8_bin NULL DEFAULT NULL,
  `USER_ID_` varchar(255) CHARACTER SET utf8 COLLATE utf8_bin NULL DEFAULT NULL,
  `TASK_ID_` varchar(64) CHARACTER SET utf8 COLLATE utf8_bin NULL DEFAULT NULL,
  `PROC_INST_ID_` varchar(64) CHARACTER SET utf8 COLLATE utf8_bin NULL DEFAULT NULL,
  `PROC_DEF_ID_` varchar(64) CHARACTER SET utf8 COLLATE utf8_bin NULL DEFAULT NULL,
  `SCOPE_ID_` varchar(255) CHARACTER SET utf8 COLLATE utf8_bin NULL DEFAULT NULL,
  `SUB_SCOPE_ID_` varchar(255) CHARACTER SET utf8 COLLATE utf8_bin NULL DEFAULT NULL,
  `SCOPE_TYPE_` varchar(255) CHARACTER SET utf8 COLLATE utf8_bin NULL DEFAULT NULL,
  `SCOPE_DEFINITION_ID_` varchar(255) CHARACTER SET utf8 COLLATE utf8_bin NULL DEFAULT NULL,
  PRIMARY KEY (`ID_`) USING BTREE,
  INDEX `ACT_IDX_IDENT_LNK_USER`(`USER_ID_`) USING BTREE,
  INDEX `ACT_IDX_IDENT_LNK_GROUP`(`GROUP_ID_`) USING BTREE,
  INDEX `ACT_IDX_IDENT_LNK_SCOPE`(`SCOPE_ID_`, `SCOPE_TYPE_`) USING BTREE,
  INDEX `ACT_IDX_IDENT_LNK_SUB_SCOPE`(`SUB_SCOPE_ID_`, `SCOPE_TYPE_`) USING BTREE,
  INDEX `ACT_IDX_IDENT_LNK_SCOPE_DEF`(`SCOPE_DEFINITION_ID_`, `SCOPE_TYPE_`) USING BTREE,
  INDEX `ACT_IDX_ATHRZ_PROCEDEF`(`PROC_DEF_ID_`) USING BTREE,
  INDEX `ACT_FK_TSKASS_TASK`(`TASK_ID_`) USING BTREE,
  INDEX `ACT_FK_IDL_PROCINST`(`PROC_INST_ID_`) USING BTREE,
  CONSTRAINT `act_ru_identitylink_ibfk_1` FOREIGN KEY (`PROC_DEF_ID_`) REFERENCES `act_re_procdef` (`ID_`) ON DELETE RESTRICT ON UPDATE RESTRICT,
  CONSTRAINT `act_ru_identitylink_ibfk_2` FOREIGN KEY (`PROC_INST_ID_`) REFERENCES `act_ru_execution` (`ID_`) ON DELETE RESTRICT ON UPDATE RESTRICT,
  CONSTRAINT `act_ru_identitylink_ibfk_3` FOREIGN KEY (`TASK_ID_`) REFERENCES `act_ru_task` (`ID_`) ON DELETE RESTRICT ON UPDATE RESTRICT
) ENGINE = InnoDB CHARACTER SET = utf8 COLLATE = utf8_bin ROW_FORMAT = Dynamic;

-- ----------------------------
-- Table structure for act_ru_job
-- ----------------------------
DROP TABLE IF EXISTS `act_ru_job`;
CREATE TABLE `act_ru_job`  (
  `ID_` varchar(64) CHARACTER SET utf8 COLLATE utf8_bin NOT NULL,
  `REV_` int(11) NULL DEFAULT NULL,
  `CATEGORY_` varchar(255) CHARACTER SET utf8 COLLATE utf8_bin NULL DEFAULT NULL,
  `TYPE_` varchar(255) CHARACTER SET utf8 COLLATE utf8_bin NOT NULL,
  `LOCK_EXP_TIME_` timestamp(3) NULL DEFAULT NULL,
  `LOCK_OWNER_` varchar(255) CHARACTER SET utf8 COLLATE utf8_bin NULL DEFAULT NULL,
  `EXCLUSIVE_` tinyint(1) NULL DEFAULT NULL,
  `EXECUTION_ID_` varchar(64) CHARACTER SET utf8 COLLATE utf8_bin NULL DEFAULT NULL,
  `PROCESS_INSTANCE_ID_` varchar(64) CHARACTER SET utf8 COLLATE utf8_bin NULL DEFAULT NULL,
  `PROC_DEF_ID_` varchar(64) CHARACTER SET utf8 COLLATE utf8_bin NULL DEFAULT NULL,
  `ELEMENT_ID_` varchar(255) CHARACTER SET utf8 COLLATE utf8_bin NULL DEFAULT NULL,
  `ELEMENT_NAME_` varchar(255) CHARACTER SET utf8 COLLATE utf8_bin NULL DEFAULT NULL,
  `SCOPE_ID_` varchar(255) CHARACTER SET utf8 COLLATE utf8_bin NULL DEFAULT NULL,
  `SUB_SCOPE_ID_` varchar(255) CHARACTER SET utf8 COLLATE utf8_bin NULL DEFAULT NULL,
  `SCOPE_TYPE_` varchar(255) CHARACTER SET utf8 COLLATE utf8_bin NULL DEFAULT NULL,
  `SCOPE_DEFINITION_ID_` varchar(255) CHARACTER SET utf8 COLLATE utf8_bin NULL DEFAULT NULL,
  `CORRELATION_ID_` varchar(255) CHARACTER SET utf8 COLLATE utf8_bin NULL DEFAULT NULL,
  `RETRIES_` int(11) NULL DEFAULT NULL,
  `EXCEPTION_STACK_ID_` varchar(64) CHARACTER SET utf8 COLLATE utf8_bin NULL DEFAULT NULL,
  `EXCEPTION_MSG_` varchar(4000) CHARACTER SET utf8 COLLATE utf8_bin NULL DEFAULT NULL,
  `DUEDATE_` timestamp(3) NULL DEFAULT NULL,
  `REPEAT_` varchar(255) CHARACTER SET utf8 COLLATE utf8_bin NULL DEFAULT NULL,
  `HANDLER_TYPE_` varchar(255) CHARACTER SET utf8 COLLATE utf8_bin NULL DEFAULT NULL,
  `HANDLER_CFG_` varchar(4000) CHARACTER SET utf8 COLLATE utf8_bin NULL DEFAULT NULL,
  `CUSTOM_VALUES_ID_` varchar(64) CHARACTER SET utf8 COLLATE utf8_bin NULL DEFAULT NULL,
  `CREATE_TIME_` timestamp(3) NULL DEFAULT NULL,
  `TENANT_ID_` varchar(255) CHARACTER SET utf8 COLLATE utf8_bin NULL DEFAULT '',
  PRIMARY KEY (`ID_`) USING BTREE,
  INDEX `ACT_IDX_JOB_EXCEPTION_STACK_ID`(`EXCEPTION_STACK_ID_`) USING BTREE,
  INDEX `ACT_IDX_JOB_CUSTOM_VALUES_ID`(`CUSTOM_VALUES_ID_`) USING BTREE,
  INDEX `ACT_IDX_JOB_CORRELATION_ID`(`CORRELATION_ID_`) USING BTREE,
  INDEX `ACT_IDX_JOB_SCOPE`(`SCOPE_ID_`, `SCOPE_TYPE_`) USING BTREE,
  INDEX `ACT_IDX_JOB_SUB_SCOPE`(`SUB_SCOPE_ID_`, `SCOPE_TYPE_`) USING BTREE,
  INDEX `ACT_IDX_JOB_SCOPE_DEF`(`SCOPE_DEFINITION_ID_`, `SCOPE_TYPE_`) USING BTREE,
  INDEX `ACT_FK_JOB_EXECUTION`(`EXECUTION_ID_`) USING BTREE,
  INDEX `ACT_FK_JOB_PROCESS_INSTANCE`(`PROCESS_INSTANCE_ID_`) USING BTREE,
  INDEX `ACT_FK_JOB_PROC_DEF`(`PROC_DEF_ID_`) USING BTREE,
  CONSTRAINT `act_ru_job_ibfk_1` FOREIGN KEY (`CUSTOM_VALUES_ID_`) REFERENCES `act_ge_bytearray` (`ID_`) ON DELETE RESTRICT ON UPDATE RESTRICT,
  CONSTRAINT `act_ru_job_ibfk_2` FOREIGN KEY (`EXCEPTION_STACK_ID_`) REFERENCES `act_ge_bytearray` (`ID_`) ON DELETE RESTRICT ON UPDATE RESTRICT,
  CONSTRAINT `act_ru_job_ibfk_3` FOREIGN KEY (`EXECUTION_ID_`) REFERENCES `act_ru_execution` (`ID_`) ON DELETE RESTRICT ON UPDATE RESTRICT,
  CONSTRAINT `act_ru_job_ibfk_4` FOREIGN KEY (`PROCESS_INSTANCE_ID_`) REFERENCES `act_ru_execution` (`ID_`) ON DELETE RESTRICT ON UPDATE RESTRICT,
  CONSTRAINT `act_ru_job_ibfk_5` FOREIGN KEY (`PROC_DEF_ID_`) REFERENCES `act_re_procdef` (`ID_`) ON DELETE RESTRICT ON UPDATE RESTRICT
) ENGINE = InnoDB CHARACTER SET = utf8 COLLATE = utf8_bin ROW_FORMAT = Dynamic;

-- ----------------------------
-- Table structure for act_ru_suspended_job
-- ----------------------------
DROP TABLE IF EXISTS `act_ru_suspended_job`;
CREATE TABLE `act_ru_suspended_job`  (
  `ID_` varchar(64) CHARACTER SET utf8 COLLATE utf8_bin NOT NULL,
  `REV_` int(11) NULL DEFAULT NULL,
  `CATEGORY_` varchar(255) CHARACTER SET utf8 COLLATE utf8_bin NULL DEFAULT NULL,
  `TYPE_` varchar(255) CHARACTER SET utf8 COLLATE utf8_bin NOT NULL,
  `EXCLUSIVE_` tinyint(1) NULL DEFAULT NULL,
  `EXECUTION_ID_` varchar(64) CHARACTER SET utf8 COLLATE utf8_bin NULL DEFAULT NULL,
  `PROCESS_INSTANCE_ID_` varchar(64) CHARACTER SET utf8 COLLATE utf8_bin NULL DEFAULT NULL,
  `PROC_DEF_ID_` varchar(64) CHARACTER SET utf8 COLLATE utf8_bin NULL DEFAULT NULL,
  `ELEMENT_ID_` varchar(255) CHARACTER SET utf8 COLLATE utf8_bin NULL DEFAULT NULL,
  `ELEMENT_NAME_` varchar(255) CHARACTER SET utf8 COLLATE utf8_bin NULL DEFAULT NULL,
  `SCOPE_ID_` varchar(255) CHARACTER SET utf8 COLLATE utf8_bin NULL DEFAULT NULL,
  `SUB_SCOPE_ID_` varchar(255) CHARACTER SET utf8 COLLATE utf8_bin NULL DEFAULT NULL,
  `SCOPE_TYPE_` varchar(255) CHARACTER SET utf8 COLLATE utf8_bin NULL DEFAULT NULL,
  `SCOPE_DEFINITION_ID_` varchar(255) CHARACTER SET utf8 COLLATE utf8_bin NULL DEFAULT NULL,
  `CORRELATION_ID_` varchar(255) CHARACTER SET utf8 COLLATE utf8_bin NULL DEFAULT NULL,
  `RETRIES_` int(11) NULL DEFAULT NULL,
  `EXCEPTION_STACK_ID_` varchar(64) CHARACTER SET utf8 COLLATE utf8_bin NULL DEFAULT NULL,
  `EXCEPTION_MSG_` varchar(4000) CHARACTER SET utf8 COLLATE utf8_bin NULL DEFAULT NULL,
  `DUEDATE_` timestamp(3) NULL DEFAULT NULL,
  `REPEAT_` varchar(255) CHARACTER SET utf8 COLLATE utf8_bin NULL DEFAULT NULL,
  `HANDLER_TYPE_` varchar(255) CHARACTER SET utf8 COLLATE utf8_bin NULL DEFAULT NULL,
  `HANDLER_CFG_` varchar(4000) CHARACTER SET utf8 COLLATE utf8_bin NULL DEFAULT NULL,
  `CUSTOM_VALUES_ID_` varchar(64) CHARACTER SET utf8 COLLATE utf8_bin NULL DEFAULT NULL,
  `CREATE_TIME_` timestamp(3) NULL DEFAULT NULL,
  `TENANT_ID_` varchar(255) CHARACTER SET utf8 COLLATE utf8_bin NULL DEFAULT '',
  PRIMARY KEY (`ID_`) USING BTREE,
  INDEX `ACT_IDX_SUSPENDED_JOB_EXCEPTION_STACK_ID`(`EXCEPTION_STACK_ID_`) USING BTREE,
  INDEX `ACT_IDX_SUSPENDED_JOB_CUSTOM_VALUES_ID`(`CUSTOM_VALUES_ID_`) USING BTREE,
  INDEX `ACT_IDX_SUSPENDED_JOB_CORRELATION_ID`(`CORRELATION_ID_`) USING BTREE,
  INDEX `ACT_IDX_SJOB_SCOPE`(`SCOPE_ID_`, `SCOPE_TYPE_`) USING BTREE,
  INDEX `ACT_IDX_SJOB_SUB_SCOPE`(`SUB_SCOPE_ID_`, `SCOPE_TYPE_`) USING BTREE,
  INDEX `ACT_IDX_SJOB_SCOPE_DEF`(`SCOPE_DEFINITION_ID_`, `SCOPE_TYPE_`) USING BTREE,
  INDEX `ACT_FK_SUSPENDED_JOB_EXECUTION`(`EXECUTION_ID_`) USING BTREE,
  INDEX `ACT_FK_SUSPENDED_JOB_PROCESS_INSTANCE`(`PROCESS_INSTANCE_ID_`) USING BTREE,
  INDEX `ACT_FK_SUSPENDED_JOB_PROC_DEF`(`PROC_DEF_ID_`) USING BTREE,
  CONSTRAINT `act_ru_suspended_job_ibfk_1` FOREIGN KEY (`CUSTOM_VALUES_ID_`) REFERENCES `act_ge_bytearray` (`ID_`) ON DELETE RESTRICT ON UPDATE RESTRICT,
  CONSTRAINT `act_ru_suspended_job_ibfk_2` FOREIGN KEY (`EXCEPTION_STACK_ID_`) REFERENCES `act_ge_bytearray` (`ID_`) ON DELETE RESTRICT ON UPDATE RESTRICT,
  CONSTRAINT `act_ru_suspended_job_ibfk_3` FOREIGN KEY (`EXECUTION_ID_`) REFERENCES `act_ru_execution` (`ID_`) ON DELETE RESTRICT ON UPDATE RESTRICT,
  CONSTRAINT `act_ru_suspended_job_ibfk_4` FOREIGN KEY (`PROCESS_INSTANCE_ID_`) REFERENCES `act_ru_execution` (`ID_`) ON DELETE RESTRICT ON UPDATE RESTRICT,
  CONSTRAINT `act_ru_suspended_job_ibfk_5` FOREIGN KEY (`PROC_DEF_ID_`) REFERENCES `act_re_procdef` (`ID_`) ON DELETE RESTRICT ON UPDATE RESTRICT
) ENGINE = InnoDB CHARACTER SET = utf8 COLLATE = utf8_bin ROW_FORMAT = Dynamic;

-- ----------------------------
-- Table structure for act_ru_task
-- ----------------------------
DROP TABLE IF EXISTS `act_ru_task`;
CREATE TABLE `act_ru_task`  (
  `ID_` varchar(64) CHARACTER SET utf8 COLLATE utf8_bin NOT NULL,
  `REV_` int(11) NULL DEFAULT NULL,
  `EXECUTION_ID_` varchar(64) CHARACTER SET utf8 COLLATE utf8_bin NULL DEFAULT NULL,
  `PROC_INST_ID_` varchar(64) CHARACTER SET utf8 COLLATE utf8_bin NULL DEFAULT NULL,
  `PROC_DEF_ID_` varchar(64) CHARACTER SET utf8 COLLATE utf8_bin NULL DEFAULT NULL,
  `TASK_DEF_ID_` varchar(64) CHARACTER SET utf8 COLLATE utf8_bin NULL DEFAULT NULL,
  `SCOPE_ID_` varchar(255) CHARACTER SET utf8 COLLATE utf8_bin NULL DEFAULT NULL,
  `SUB_SCOPE_ID_` varchar(255) CHARACTER SET utf8 COLLATE utf8_bin NULL DEFAULT NULL,
  `SCOPE_TYPE_` varchar(255) CHARACTER SET utf8 COLLATE utf8_bin NULL DEFAULT NULL,
  `SCOPE_DEFINITION_ID_` varchar(255) CHARACTER SET utf8 COLLATE utf8_bin NULL DEFAULT NULL,
  `PROPAGATED_STAGE_INST_ID_` varchar(255) CHARACTER SET utf8 COLLATE utf8_bin NULL DEFAULT NULL,
  `NAME_` varchar(255) CHARACTER SET utf8 COLLATE utf8_bin NULL DEFAULT NULL,
  `PARENT_TASK_ID_` varchar(64) CHARACTER SET utf8 COLLATE utf8_bin NULL DEFAULT NULL,
  `DESCRIPTION_` varchar(4000) CHARACTER SET utf8 COLLATE utf8_bin NULL DEFAULT NULL,
  `TASK_DEF_KEY_` varchar(255) CHARACTER SET utf8 COLLATE utf8_bin NULL DEFAULT NULL,
  `OWNER_` varchar(255) CHARACTER SET utf8 COLLATE utf8_bin NULL DEFAULT NULL,
  `ASSIGNEE_` varchar(255) CHARACTER SET utf8 COLLATE utf8_bin NULL DEFAULT NULL,
  `DELEGATION_` varchar(64) CHARACTER SET utf8 COLLATE utf8_bin NULL DEFAULT NULL,
  `PRIORITY_` int(11) NULL DEFAULT NULL,
  `CREATE_TIME_` timestamp(3) NULL DEFAULT NULL,
  `DUE_DATE_` datetime(3) NULL DEFAULT NULL,
  `CATEGORY_` varchar(255) CHARACTER SET utf8 COLLATE utf8_bin NULL DEFAULT NULL,
  `SUSPENSION_STATE_` int(11) NULL DEFAULT NULL,
  `TENANT_ID_` varchar(255) CHARACTER SET utf8 COLLATE utf8_bin NULL DEFAULT '',
  `FORM_KEY_` varchar(255) CHARACTER SET utf8 COLLATE utf8_bin NULL DEFAULT NULL,
  `CLAIM_TIME_` datetime(3) NULL DEFAULT NULL,
  `IS_COUNT_ENABLED_` tinyint(4) NULL DEFAULT NULL,
  `VAR_COUNT_` int(11) NULL DEFAULT NULL,
  `ID_LINK_COUNT_` int(11) NULL DEFAULT NULL,
  `SUB_TASK_COUNT_` int(11) NULL DEFAULT NULL,
  PRIMARY KEY (`ID_`) USING BTREE,
  INDEX `ACT_IDX_TASK_CREATE`(`CREATE_TIME_`) USING BTREE,
  INDEX `ACT_IDX_TASK_SCOPE`(`SCOPE_ID_`, `SCOPE_TYPE_`) USING BTREE,
  INDEX `ACT_IDX_TASK_SUB_SCOPE`(`SUB_SCOPE_ID_`, `SCOPE_TYPE_`) USING BTREE,
  INDEX `ACT_IDX_TASK_SCOPE_DEF`(`SCOPE_DEFINITION_ID_`, `SCOPE_TYPE_`) USING BTREE,
  INDEX `ACT_FK_TASK_EXE`(`EXECUTION_ID_`) USING BTREE,
  INDEX `ACT_FK_TASK_PROCINST`(`PROC_INST_ID_`) USING BTREE,
  INDEX `ACT_FK_TASK_PROCDEF`(`PROC_DEF_ID_`) USING BTREE,
  CONSTRAINT `act_ru_task_ibfk_1` FOREIGN KEY (`EXECUTION_ID_`) REFERENCES `act_ru_execution` (`ID_`) ON DELETE RESTRICT ON UPDATE RESTRICT,
  CONSTRAINT `act_ru_task_ibfk_2` FOREIGN KEY (`PROC_DEF_ID_`) REFERENCES `act_re_procdef` (`ID_`) ON DELETE RESTRICT ON UPDATE RESTRICT,
  CONSTRAINT `act_ru_task_ibfk_3` FOREIGN KEY (`PROC_INST_ID_`) REFERENCES `act_ru_execution` (`ID_`) ON DELETE RESTRICT ON UPDATE RESTRICT
) ENGINE = InnoDB CHARACTER SET = utf8 COLLATE = utf8_bin ROW_FORMAT = Dynamic;

-- ----------------------------
-- Table structure for act_ru_timer_job
-- ----------------------------
DROP TABLE IF EXISTS `act_ru_timer_job`;
CREATE TABLE `act_ru_timer_job`  (
  `ID_` varchar(64) CHARACTER SET utf8 COLLATE utf8_bin NOT NULL,
  `REV_` int(11) NULL DEFAULT NULL,
  `CATEGORY_` varchar(255) CHARACTER SET utf8 COLLATE utf8_bin NULL DEFAULT NULL,
  `TYPE_` varchar(255) CHARACTER SET utf8 COLLATE utf8_bin NOT NULL,
  `LOCK_EXP_TIME_` timestamp(3) NULL DEFAULT NULL,
  `LOCK_OWNER_` varchar(255) CHARACTER SET utf8 COLLATE utf8_bin NULL DEFAULT NULL,
  `EXCLUSIVE_` tinyint(1) NULL DEFAULT NULL,
  `EXECUTION_ID_` varchar(64) CHARACTER SET utf8 COLLATE utf8_bin NULL DEFAULT NULL,
  `PROCESS_INSTANCE_ID_` varchar(64) CHARACTER SET utf8 COLLATE utf8_bin NULL DEFAULT NULL,
  `PROC_DEF_ID_` varchar(64) CHARACTER SET utf8 COLLATE utf8_bin NULL DEFAULT NULL,
  `ELEMENT_ID_` varchar(255) CHARACTER SET utf8 COLLATE utf8_bin NULL DEFAULT NULL,
  `ELEMENT_NAME_` varchar(255) CHARACTER SET utf8 COLLATE utf8_bin NULL DEFAULT NULL,
  `SCOPE_ID_` varchar(255) CHARACTER SET utf8 COLLATE utf8_bin NULL DEFAULT NULL,
  `SUB_SCOPE_ID_` varchar(255) CHARACTER SET utf8 COLLATE utf8_bin NULL DEFAULT NULL,
  `SCOPE_TYPE_` varchar(255) CHARACTER SET utf8 COLLATE utf8_bin NULL DEFAULT NULL,
  `SCOPE_DEFINITION_ID_` varchar(255) CHARACTER SET utf8 COLLATE utf8_bin NULL DEFAULT NULL,
  `CORRELATION_ID_` varchar(255) CHARACTER SET utf8 COLLATE utf8_bin NULL DEFAULT NULL,
  `RETRIES_` int(11) NULL DEFAULT NULL,
  `EXCEPTION_STACK_ID_` varchar(64) CHARACTER SET utf8 COLLATE utf8_bin NULL DEFAULT NULL,
  `EXCEPTION_MSG_` varchar(4000) CHARACTER SET utf8 COLLATE utf8_bin NULL DEFAULT NULL,
  `DUEDATE_` timestamp(3) NULL DEFAULT NULL,
  `REPEAT_` varchar(255) CHARACTER SET utf8 COLLATE utf8_bin NULL DEFAULT NULL,
  `HANDLER_TYPE_` varchar(255) CHARACTER SET utf8 COLLATE utf8_bin NULL DEFAULT NULL,
  `HANDLER_CFG_` varchar(4000) CHARACTER SET utf8 COLLATE utf8_bin NULL DEFAULT NULL,
  `CUSTOM_VALUES_ID_` varchar(64) CHARACTER SET utf8 COLLATE utf8_bin NULL DEFAULT NULL,
  `CREATE_TIME_` timestamp(3) NULL DEFAULT NULL,
  `TENANT_ID_` varchar(255) CHARACTER SET utf8 COLLATE utf8_bin NULL DEFAULT '',
  PRIMARY KEY (`ID_`) USING BTREE,
  INDEX `ACT_IDX_TIMER_JOB_EXCEPTION_STACK_ID`(`EXCEPTION_STACK_ID_`) USING BTREE,
  INDEX `ACT_IDX_TIMER_JOB_CUSTOM_VALUES_ID`(`CUSTOM_VALUES_ID_`) USING BTREE,
  INDEX `ACT_IDX_TIMER_JOB_CORRELATION_ID`(`CORRELATION_ID_`) USING BTREE,
  INDEX `ACT_IDX_TIMER_JOB_DUEDATE`(`DUEDATE_`) USING BTREE,
  INDEX `ACT_IDX_TJOB_SCOPE`(`SCOPE_ID_`, `SCOPE_TYPE_`) USING BTREE,
  INDEX `ACT_IDX_TJOB_SUB_SCOPE`(`SUB_SCOPE_ID_`, `SCOPE_TYPE_`) USING BTREE,
  INDEX `ACT_IDX_TJOB_SCOPE_DEF`(`SCOPE_DEFINITION_ID_`, `SCOPE_TYPE_`) USING BTREE,
  INDEX `ACT_FK_TIMER_JOB_EXECUTION`(`EXECUTION_ID_`) USING BTREE,
  INDEX `ACT_FK_TIMER_JOB_PROCESS_INSTANCE`(`PROCESS_INSTANCE_ID_`) USING BTREE,
  INDEX `ACT_FK_TIMER_JOB_PROC_DEF`(`PROC_DEF_ID_`) USING BTREE,
  CONSTRAINT `act_ru_timer_job_ibfk_1` FOREIGN KEY (`CUSTOM_VALUES_ID_`) REFERENCES `act_ge_bytearray` (`ID_`) ON DELETE RESTRICT ON UPDATE RESTRICT,
  CONSTRAINT `act_ru_timer_job_ibfk_2` FOREIGN KEY (`EXCEPTION_STACK_ID_`) REFERENCES `act_ge_bytearray` (`ID_`) ON DELETE RESTRICT ON UPDATE RESTRICT,
  CONSTRAINT `act_ru_timer_job_ibfk_3` FOREIGN KEY (`EXECUTION_ID_`) REFERENCES `act_ru_execution` (`ID_`) ON DELETE RESTRICT ON UPDATE RESTRICT,
  CONSTRAINT `act_ru_timer_job_ibfk_4` FOREIGN KEY (`PROCESS_INSTANCE_ID_`) REFERENCES `act_ru_execution` (`ID_`) ON DELETE RESTRICT ON UPDATE RESTRICT,
  CONSTRAINT `act_ru_timer_job_ibfk_5` FOREIGN KEY (`PROC_DEF_ID_`) REFERENCES `act_re_procdef` (`ID_`) ON DELETE RESTRICT ON UPDATE RESTRICT
) ENGINE = InnoDB CHARACTER SET = utf8 COLLATE = utf8_bin ROW_FORMAT = Dynamic;

-- ----------------------------
-- Table structure for act_ru_variable
-- ----------------------------
DROP TABLE IF EXISTS `act_ru_variable`;
CREATE TABLE `act_ru_variable`  (
  `ID_` varchar(64) CHARACTER SET utf8 COLLATE utf8_bin NOT NULL,
  `REV_` int(11) NULL DEFAULT NULL,
  `TYPE_` varchar(255) CHARACTER SET utf8 COLLATE utf8_bin NOT NULL,
  `NAME_` varchar(255) CHARACTER SET utf8 COLLATE utf8_bin NOT NULL,
  `EXECUTION_ID_` varchar(64) CHARACTER SET utf8 COLLATE utf8_bin NULL DEFAULT NULL,
  `PROC_INST_ID_` varchar(64) CHARACTER SET utf8 COLLATE utf8_bin NULL DEFAULT NULL,
  `TASK_ID_` varchar(64) CHARACTER SET utf8 COLLATE utf8_bin NULL DEFAULT NULL,
  `SCOPE_ID_` varchar(255) CHARACTER SET utf8 COLLATE utf8_bin NULL DEFAULT NULL,
  `SUB_SCOPE_ID_` varchar(255) CHARACTER SET utf8 COLLATE utf8_bin NULL DEFAULT NULL,
  `SCOPE_TYPE_` varchar(255) CHARACTER SET utf8 COLLATE utf8_bin NULL DEFAULT NULL,
  `BYTEARRAY_ID_` varchar(64) CHARACTER SET utf8 COLLATE utf8_bin NULL DEFAULT NULL,
  `DOUBLE_` double NULL DEFAULT NULL,
  `LONG_` bigint(20) NULL DEFAULT NULL,
  `TEXT_` varchar(4000) CHARACTER SET utf8 COLLATE utf8_bin NULL DEFAULT NULL,
  `TEXT2_` varchar(4000) CHARACTER SET utf8 COLLATE utf8_bin NULL DEFAULT NULL,
  PRIMARY KEY (`ID_`) USING BTREE,
  INDEX `ACT_IDX_RU_VAR_SCOPE_ID_TYPE`(`SCOPE_ID_`, `SCOPE_TYPE_`) USING BTREE,
  INDEX `ACT_IDX_RU_VAR_SUB_ID_TYPE`(`SUB_SCOPE_ID_`, `SCOPE_TYPE_`) USING BTREE,
  INDEX `ACT_FK_VAR_BYTEARRAY`(`BYTEARRAY_ID_`) USING BTREE,
  INDEX `ACT_IDX_VARIABLE_TASK_ID`(`TASK_ID_`) USING BTREE,
  INDEX `ACT_FK_VAR_EXE`(`EXECUTION_ID_`) USING BTREE,
  INDEX `ACT_FK_VAR_PROCINST`(`PROC_INST_ID_`) USING BTREE,
  CONSTRAINT `act_ru_variable_ibfk_1` FOREIGN KEY (`BYTEARRAY_ID_`) REFERENCES `act_ge_bytearray` (`ID_`) ON DELETE RESTRICT ON UPDATE RESTRICT,
  CONSTRAINT `act_ru_variable_ibfk_2` FOREIGN KEY (`EXECUTION_ID_`) REFERENCES `act_ru_execution` (`ID_`) ON DELETE RESTRICT ON UPDATE RESTRICT,
  CONSTRAINT `act_ru_variable_ibfk_3` FOREIGN KEY (`PROC_INST_ID_`) REFERENCES `act_ru_execution` (`ID_`) ON DELETE RESTRICT ON UPDATE RESTRICT
) ENGINE = InnoDB CHARACTER SET = utf8 COLLATE = utf8_bin ROW_FORMAT = Dynamic;

-- ----------------------------
-- Table structure for act_task_node
-- ----------------------------
DROP TABLE IF EXISTS `act_task_node`;
CREATE TABLE `act_task_node`  (
  `id` varchar(255) CHARACTER SET utf8mb4 COLLATE utf8mb4_general_ci NOT NULL,
  `node_id` varchar(255) CHARACTER SET utf8mb4 COLLATE utf8mb4_general_ci NOT NULL COMMENT '节点id',
  `node_name` varchar(255) CHARACTER SET utf8mb4 COLLATE utf8mb4_general_ci NOT NULL COMMENT '节点名称',
  `order_no` int(10) NOT NULL COMMENT '排序',
  `create_time` datetime(0) NOT NULL COMMENT '创建时间',
  `update_time` datetime(0) NOT NULL COMMENT '修改时间',
  `instance_id` varchar(255) CHARACTER SET utf8mb4 COLLATE utf8mb4_general_ci NULL DEFAULT NULL COMMENT '流程实例id',
  `is_back` tinyint(1) NULL DEFAULT NULL COMMENT '是否可退回,0不可退回,1可退回',
  `create_by` varchar(255) CHARACTER SET utf8mb4 COLLATE utf8mb4_general_ci NOT NULL COMMENT '创建人',
  `update_by` varchar(255) CHARACTER SET utf8mb4 COLLATE utf8mb4_general_ci NOT NULL COMMENT '更新人',
  PRIMARY KEY (`id`) USING BTREE
) ENGINE = InnoDB CHARACTER SET = utf8mb4 COLLATE = utf8mb4_general_ci ROW_FORMAT = Dynamic;

-- ----------------------------
-- Records of act_task_node
-- ----------------------------
INSERT INTO `act_task_node` VALUES ('1542457101671211009', 'Activity_1fyxuzk', 'a', 0, '2022-06-30 18:36:45', '2022-06-30 18:36:45', '1542457093437792258', 1, 'admin', 'admin');
INSERT INTO `act_task_node` VALUES ('1542457177697165314', 'Activity_055v12i', 'b', 1, '2022-06-30 18:37:03', '2022-06-30 18:37:03', '1542457093437792258', 0, 'admin', 'admin');

-- ----------------------------
-- Table structure for bs_leave
-- ----------------------------
DROP TABLE IF EXISTS `bs_leave`;
CREATE TABLE `bs_leave`  (
  `id` varchar(255) CHARACTER SET utf8mb4 COLLATE utf8mb4_0900_ai_ci NOT NULL COMMENT '主键ID',
  `username` varchar(40) CHARACTER SET utf8mb4 COLLATE utf8mb4_0900_ai_ci NULL DEFAULT NULL COMMENT '申请人用户名',
  `duration` double(7, 2) NULL DEFAULT NULL COMMENT '请假时长，单位：天',
  `principal` varchar(50) CHARACTER SET utf8mb4 COLLATE utf8mb4_0900_ai_ci NULL DEFAULT NULL COMMENT '工作委托人',
  `contact_phone` varchar(50) CHARACTER SET utf8mb4 COLLATE utf8mb4_0900_ai_ci NULL DEFAULT NULL COMMENT '联系电话',
  `leave_type` tinyint(3) NULL DEFAULT NULL COMMENT '请假类型：1病假，2事假，3年假，4婚假，5产假，6丧假，7探亲，8调休，9其他',
  `title` varchar(255) CHARACTER SET utf8mb4 COLLATE utf8mb4_0900_ai_ci NULL DEFAULT NULL COMMENT '标题',
  `leave_reason` varchar(1000) CHARACTER SET utf8mb4 COLLATE utf8mb4_0900_ai_ci NULL DEFAULT NULL COMMENT '请假原因',
  `start_date` datetime(0) NULL DEFAULT NULL COMMENT '请假开始时间',
  `end_date` datetime(0) NULL DEFAULT NULL COMMENT '请假开始时间',
  `create_time` datetime(0) NULL DEFAULT CURRENT_TIMESTAMP COMMENT '创建时间',
  `update_time` datetime(0) NULL DEFAULT CURRENT_TIMESTAMP COMMENT '更新时间',
  `create_by` varchar(255) CHARACTER SET utf8mb4 COLLATE utf8mb4_0900_ai_ci NULL DEFAULT NULL COMMENT '创建人',
  `update_by` varchar(255) CHARACTER SET utf8mb4 COLLATE utf8mb4_0900_ai_ci NULL DEFAULT NULL COMMENT '更新人',
  PRIMARY KEY (`id`) USING BTREE
) ENGINE = InnoDB CHARACTER SET = utf8mb4 COLLATE = utf8mb4_0900_ai_ci COMMENT = '请假业务表' ROW_FORMAT = Dynamic;

-- ----------------------------
-- Records of bs_leave
-- ----------------------------
INSERT INTO `bs_leave` VALUES ('1497437792777134082', '1', 3.00, '1', '1', 1, '1', '1', '2022-02-26 13:03:55', '2022-02-26 13:03:56', '2022-02-26 13:06:06', '2022-06-30 18:36:43', 'admin', 'admin');
INSERT INTO `bs_leave` VALUES ('1530198907129335810', '11', 11.00, '1', '1', 1, '1', '1', '2022-05-27 00:00:00', '2022-05-27 22:47:00', '2022-05-27 22:47:04', '2022-06-30 17:48:46', 'admin', 'admin');
INSERT INTO `bs_leave` VALUES ('1537429733107101698', '1', 1.00, '1', '1', 1, '1', '1', '2022-06-16 21:39:44', '2022-06-16 21:39:46', '2022-06-16 21:39:47', '2022-06-30 17:50:23', 'admin', 'admin');
INSERT INTO `bs_leave` VALUES ('1537430833956712450', '111', 111.00, '11', '111', 1, '1', '1', '2022-06-16 21:44:07', '2022-06-16 21:44:08', '2022-06-16 21:44:10', '2022-06-23 21:50:16', 'admin', 'admin');

-- ----------------------------
-- Table structure for flw_channel_definition
-- ----------------------------
DROP TABLE IF EXISTS `flw_channel_definition`;
CREATE TABLE `flw_channel_definition`  (
  `ID_` varchar(255) CHARACTER SET utf8mb4 COLLATE utf8mb4_general_ci NOT NULL,
  `NAME_` varchar(255) CHARACTER SET utf8mb4 COLLATE utf8mb4_general_ci NULL DEFAULT NULL,
  `VERSION_` int(11) NULL DEFAULT NULL,
  `KEY_` varchar(255) CHARACTER SET utf8mb4 COLLATE utf8mb4_general_ci NULL DEFAULT NULL,
  `CATEGORY_` varchar(255) CHARACTER SET utf8mb4 COLLATE utf8mb4_general_ci NULL DEFAULT NULL,
  `DEPLOYMENT_ID_` varchar(255) CHARACTER SET utf8mb4 COLLATE utf8mb4_general_ci NULL DEFAULT NULL,
  `CREATE_TIME_` datetime(3) NULL DEFAULT NULL,
  `TENANT_ID_` varchar(255) CHARACTER SET utf8mb4 COLLATE utf8mb4_general_ci NULL DEFAULT NULL,
  `RESOURCE_NAME_` varchar(255) CHARACTER SET utf8mb4 COLLATE utf8mb4_general_ci NULL DEFAULT NULL,
  `DESCRIPTION_` varchar(255) CHARACTER SET utf8mb4 COLLATE utf8mb4_general_ci NULL DEFAULT NULL,
  `TYPE_` varchar(255) CHARACTER SET utf8mb4 COLLATE utf8mb4_general_ci NULL DEFAULT NULL,
  `IMPLEMENTATION_` varchar(255) CHARACTER SET utf8mb4 COLLATE utf8mb4_general_ci NULL DEFAULT NULL,
  PRIMARY KEY (`ID_`) USING BTREE,
  UNIQUE INDEX `ACT_IDX_CHANNEL_DEF_UNIQ`(`KEY_`, `VERSION_`, `TENANT_ID_`) USING BTREE
) ENGINE = InnoDB CHARACTER SET = utf8mb4 COLLATE = utf8mb4_general_ci ROW_FORMAT = Dynamic;

-- ----------------------------
-- Table structure for flw_ev_databasechangelog
-- ----------------------------
DROP TABLE IF EXISTS `flw_ev_databasechangelog`;
CREATE TABLE `flw_ev_databasechangelog`  (
  `ID` varchar(255) CHARACTER SET utf8mb4 COLLATE utf8mb4_general_ci NOT NULL,
  `AUTHOR` varchar(255) CHARACTER SET utf8mb4 COLLATE utf8mb4_general_ci NOT NULL,
  `FILENAME` varchar(255) CHARACTER SET utf8mb4 COLLATE utf8mb4_general_ci NOT NULL,
  `DATEEXECUTED` datetime(0) NOT NULL,
  `ORDEREXECUTED` int(11) NOT NULL,
  `EXECTYPE` varchar(10) CHARACTER SET utf8mb4 COLLATE utf8mb4_general_ci NOT NULL,
  `MD5SUM` varchar(35) CHARACTER SET utf8mb4 COLLATE utf8mb4_general_ci NULL DEFAULT NULL,
  `DESCRIPTION` varchar(255) CHARACTER SET utf8mb4 COLLATE utf8mb4_general_ci NULL DEFAULT NULL,
  `COMMENTS` varchar(255) CHARACTER SET utf8mb4 COLLATE utf8mb4_general_ci NULL DEFAULT NULL,
  `TAG` varchar(255) CHARACTER SET utf8mb4 COLLATE utf8mb4_general_ci NULL DEFAULT NULL,
  `LIQUIBASE` varchar(20) CHARACTER SET utf8mb4 COLLATE utf8mb4_general_ci NULL DEFAULT NULL,
  `CONTEXTS` varchar(255) CHARACTER SET utf8mb4 COLLATE utf8mb4_general_ci NULL DEFAULT NULL,
  `LABELS` varchar(255) CHARACTER SET utf8mb4 COLLATE utf8mb4_general_ci NULL DEFAULT NULL,
  `DEPLOYMENT_ID` varchar(10) CHARACTER SET utf8mb4 COLLATE utf8mb4_general_ci NULL DEFAULT NULL
) ENGINE = InnoDB AUTO_INCREMENT = 4 CHARACTER SET = utf8mb4 COLLATE = utf8mb4_general_ci ROW_FORMAT = Dynamic;

-- ----------------------------
-- Records of flw_ev_databasechangelog
-- ----------------------------
INSERT INTO `flw_ev_databasechangelog` VALUES ('1', 'flowable', 'org/flowable/eventregistry/db/liquibase/flowable-eventregistry-db-changelog.xml', '2022-06-17 17:24:08', 1, 'EXECUTED', '8:1b0c48c9cf7945be799d868a2626d687', 'createTable tableName=FLW_EVENT_DEPLOYMENT; createTable tableName=FLW_EVENT_RESOURCE; createTable tableName=FLW_EVENT_DEFINITION; createIndex indexName=ACT_IDX_EVENT_DEF_UNIQ, tableName=FLW_EVENT_DEFINITION; createTable tableName=FLW_CHANNEL_DEFIN...', '', NULL, '4.5.0', NULL, NULL, '5457879830');
INSERT INTO `flw_ev_databasechangelog` VALUES ('2', 'flowable', 'org/flowable/eventregistry/db/liquibase/flowable-eventregistry-db-changelog.xml', '2022-06-17 17:24:09', 2, 'EXECUTED', '8:0ea825feb8e470558f0b5754352b9cda', 'addColumn tableName=FLW_CHANNEL_DEFINITION; addColumn tableName=FLW_CHANNEL_DEFINITION', '', NULL, '4.5.0', NULL, NULL, '5457879830');
INSERT INTO `flw_ev_databasechangelog` VALUES ('3', 'flowable', 'org/flowable/eventregistry/db/liquibase/flowable-eventregistry-db-changelog.xml', '2022-06-17 17:24:09', 3, 'EXECUTED', '8:3c2bb293350b5cbe6504331980c9dcee', 'customChange', '', NULL, '4.5.0', NULL, NULL, '5457879830');

-- ----------------------------
-- Table structure for flw_ev_databasechangeloglock
-- ----------------------------
DROP TABLE IF EXISTS `flw_ev_databasechangeloglock`;
CREATE TABLE `flw_ev_databasechangeloglock`  (
  `ID` int(11) NOT NULL,
  `LOCKED` bit(1) NOT NULL,
  `LOCKGRANTED` datetime(0) NULL DEFAULT NULL,
  `LOCKEDBY` varchar(255) CHARACTER SET utf8mb4 COLLATE utf8mb4_general_ci NULL DEFAULT NULL,
  PRIMARY KEY (`ID`) USING BTREE
) ENGINE = InnoDB CHARACTER SET = utf8mb4 COLLATE = utf8mb4_general_ci ROW_FORMAT = Dynamic;

-- ----------------------------
-- Records of flw_ev_databasechangeloglock
-- ----------------------------
INSERT INTO `flw_ev_databasechangeloglock` VALUES (1, b'0', NULL, NULL);

-- ----------------------------
-- Table structure for flw_event_definition
-- ----------------------------
DROP TABLE IF EXISTS `flw_event_definition`;
CREATE TABLE `flw_event_definition`  (
  `ID_` varchar(255) CHARACTER SET utf8mb4 COLLATE utf8mb4_general_ci NOT NULL,
  `NAME_` varchar(255) CHARACTER SET utf8mb4 COLLATE utf8mb4_general_ci NULL DEFAULT NULL,
  `VERSION_` int(11) NULL DEFAULT NULL,
  `KEY_` varchar(255) CHARACTER SET utf8mb4 COLLATE utf8mb4_general_ci NULL DEFAULT NULL,
  `CATEGORY_` varchar(255) CHARACTER SET utf8mb4 COLLATE utf8mb4_general_ci NULL DEFAULT NULL,
  `DEPLOYMENT_ID_` varchar(255) CHARACTER SET utf8mb4 COLLATE utf8mb4_general_ci NULL DEFAULT NULL,
  `TENANT_ID_` varchar(255) CHARACTER SET utf8mb4 COLLATE utf8mb4_general_ci NULL DEFAULT NULL,
  `RESOURCE_NAME_` varchar(255) CHARACTER SET utf8mb4 COLLATE utf8mb4_general_ci NULL DEFAULT NULL,
  `DESCRIPTION_` varchar(255) CHARACTER SET utf8mb4 COLLATE utf8mb4_general_ci NULL DEFAULT NULL,
  PRIMARY KEY (`ID_`) USING BTREE,
  UNIQUE INDEX `ACT_IDX_EVENT_DEF_UNIQ`(`KEY_`, `VERSION_`, `TENANT_ID_`) USING BTREE
) ENGINE = InnoDB CHARACTER SET = utf8mb4 COLLATE = utf8mb4_general_ci ROW_FORMAT = Dynamic;

-- ----------------------------
-- Table structure for flw_event_deployment
-- ----------------------------
DROP TABLE IF EXISTS `flw_event_deployment`;
CREATE TABLE `flw_event_deployment`  (
  `ID_` varchar(255) CHARACTER SET utf8mb4 COLLATE utf8mb4_general_ci NOT NULL,
  `NAME_` varchar(255) CHARACTER SET utf8mb4 COLLATE utf8mb4_general_ci NULL DEFAULT NULL,
  `CATEGORY_` varchar(255) CHARACTER SET utf8mb4 COLLATE utf8mb4_general_ci NULL DEFAULT NULL,
  `DEPLOY_TIME_` datetime(3) NULL DEFAULT NULL,
  `TENANT_ID_` varchar(255) CHARACTER SET utf8mb4 COLLATE utf8mb4_general_ci NULL DEFAULT NULL,
  `PARENT_DEPLOYMENT_ID_` varchar(255) CHARACTER SET utf8mb4 COLLATE utf8mb4_general_ci NULL DEFAULT NULL,
  PRIMARY KEY (`ID_`) USING BTREE
) ENGINE = InnoDB CHARACTER SET = utf8mb4 COLLATE = utf8mb4_general_ci ROW_FORMAT = Dynamic;

-- ----------------------------
-- Table structure for flw_event_resource
-- ----------------------------
DROP TABLE IF EXISTS `flw_event_resource`;
CREATE TABLE `flw_event_resource`  (
  `ID_` varchar(255) CHARACTER SET utf8mb4 COLLATE utf8mb4_general_ci NOT NULL,
  `NAME_` varchar(255) CHARACTER SET utf8mb4 COLLATE utf8mb4_general_ci NULL DEFAULT NULL,
  `DEPLOYMENT_ID_` varchar(255) CHARACTER SET utf8mb4 COLLATE utf8mb4_general_ci NULL DEFAULT NULL,
  `RESOURCE_BYTES_` longblob NULL,
  PRIMARY KEY (`ID_`) USING BTREE
) ENGINE = InnoDB CHARACTER SET = utf8mb4 COLLATE = utf8mb4_general_ci ROW_FORMAT = Dynamic;

-- ----------------------------
-- Table structure for flw_ru_batch
-- ----------------------------
DROP TABLE IF EXISTS `flw_ru_batch`;
CREATE TABLE `flw_ru_batch`  (
  `ID_` varchar(64) CHARACTER SET utf8 COLLATE utf8_bin NOT NULL,
  `REV_` int(11) NULL DEFAULT NULL,
  `TYPE_` varchar(64) CHARACTER SET utf8 COLLATE utf8_bin NOT NULL,
  `SEARCH_KEY_` varchar(255) CHARACTER SET utf8 COLLATE utf8_bin NULL DEFAULT NULL,
  `SEARCH_KEY2_` varchar(255) CHARACTER SET utf8 COLLATE utf8_bin NULL DEFAULT NULL,
  `CREATE_TIME_` datetime(3) NOT NULL,
  `COMPLETE_TIME_` datetime(3) NULL DEFAULT NULL,
  `STATUS_` varchar(255) CHARACTER SET utf8 COLLATE utf8_bin NULL DEFAULT NULL,
  `BATCH_DOC_ID_` varchar(64) CHARACTER SET utf8 COLLATE utf8_bin NULL DEFAULT NULL,
  `TENANT_ID_` varchar(255) CHARACTER SET utf8 COLLATE utf8_bin NULL DEFAULT '',
  PRIMARY KEY (`ID_`) USING BTREE
) ENGINE = InnoDB CHARACTER SET = utf8 COLLATE = utf8_bin ROW_FORMAT = Dynamic;

-- ----------------------------
-- Table structure for flw_ru_batch_part
-- ----------------------------
DROP TABLE IF EXISTS `flw_ru_batch_part`;
CREATE TABLE `flw_ru_batch_part`  (
  `ID_` varchar(64) CHARACTER SET utf8 COLLATE utf8_bin NOT NULL,
  `REV_` int(11) NULL DEFAULT NULL,
  `BATCH_ID_` varchar(64) CHARACTER SET utf8 COLLATE utf8_bin NULL DEFAULT NULL,
  `TYPE_` varchar(64) CHARACTER SET utf8 COLLATE utf8_bin NOT NULL,
  `SCOPE_ID_` varchar(64) CHARACTER SET utf8 COLLATE utf8_bin NULL DEFAULT NULL,
  `SUB_SCOPE_ID_` varchar(64) CHARACTER SET utf8 COLLATE utf8_bin NULL DEFAULT NULL,
  `SCOPE_TYPE_` varchar(64) CHARACTER SET utf8 COLLATE utf8_bin NULL DEFAULT NULL,
  `SEARCH_KEY_` varchar(255) CHARACTER SET utf8 COLLATE utf8_bin NULL DEFAULT NULL,
  `SEARCH_KEY2_` varchar(255) CHARACTER SET utf8 COLLATE utf8_bin NULL DEFAULT NULL,
  `CREATE_TIME_` datetime(3) NOT NULL,
  `COMPLETE_TIME_` datetime(3) NULL DEFAULT NULL,
  `STATUS_` varchar(255) CHARACTER SET utf8 COLLATE utf8_bin NULL DEFAULT NULL,
  `RESULT_DOC_ID_` varchar(64) CHARACTER SET utf8 COLLATE utf8_bin NULL DEFAULT NULL,
  `TENANT_ID_` varchar(255) CHARACTER SET utf8 COLLATE utf8_bin NULL DEFAULT '',
  PRIMARY KEY (`ID_`) USING BTREE,
  INDEX `FLW_IDX_BATCH_PART`(`BATCH_ID_`) USING BTREE,
  CONSTRAINT `flw_ru_batch_part_ibfk_1` FOREIGN KEY (`BATCH_ID_`) REFERENCES `flw_ru_batch` (`ID_`) ON DELETE RESTRICT ON UPDATE RESTRICT
) ENGINE = InnoDB CHARACTER SET = utf8 COLLATE = utf8_bin ROW_FORMAT = Dynamic;

-- ----------------------------
-- Table structure for gen_table
-- ----------------------------
DROP TABLE IF EXISTS `gen_table`;
CREATE TABLE `gen_table`  (
  `table_id` bigint(20) NOT NULL COMMENT '编号',
  `table_name` varchar(200) CHARACTER SET utf8mb4 COLLATE utf8mb4_general_ci NULL DEFAULT '' COMMENT '表名称',
  `table_comment` varchar(500) CHARACTER SET utf8mb4 COLLATE utf8mb4_general_ci NULL DEFAULT '' COMMENT '表描述',
  `sub_table_name` varchar(64) CHARACTER SET utf8mb4 COLLATE utf8mb4_general_ci NULL DEFAULT NULL COMMENT '关联子表的表名',
  `sub_table_fk_name` varchar(64) CHARACTER SET utf8mb4 COLLATE utf8mb4_general_ci NULL DEFAULT NULL COMMENT '子表关联的外键名',
  `class_name` varchar(100) CHARACTER SET utf8mb4 COLLATE utf8mb4_general_ci NULL DEFAULT '' COMMENT '实体类名称',
  `tpl_category` varchar(200) CHARACTER SET utf8mb4 COLLATE utf8mb4_general_ci NULL DEFAULT 'crud' COMMENT '使用的模板（crud单表操作 tree树表操作）',
  `package_name` varchar(100) CHARACTER SET utf8mb4 COLLATE utf8mb4_general_ci NULL DEFAULT NULL COMMENT '生成包路径',
  `module_name` varchar(30) CHARACTER SET utf8mb4 COLLATE utf8mb4_general_ci NULL DEFAULT NULL COMMENT '生成模块名',
  `business_name` varchar(30) CHARACTER SET utf8mb4 COLLATE utf8mb4_general_ci NULL DEFAULT NULL COMMENT '生成业务名',
  `function_name` varchar(50) CHARACTER SET utf8mb4 COLLATE utf8mb4_general_ci NULL DEFAULT NULL COMMENT '生成功能名',
  `function_author` varchar(50) CHARACTER SET utf8mb4 COLLATE utf8mb4_general_ci NULL DEFAULT NULL COMMENT '生成功能作者',
  `gen_type` char(1) CHARACTER SET utf8mb4 COLLATE utf8mb4_general_ci NULL DEFAULT '0' COMMENT '生成代码方式（0zip压缩包 1自定义路径）',
  `gen_path` varchar(200) CHARACTER SET utf8mb4 COLLATE utf8mb4_general_ci NULL DEFAULT '/' COMMENT '生成路径（不填默认项目路径）',
  `options` varchar(1000) CHARACTER SET utf8mb4 COLLATE utf8mb4_general_ci NULL DEFAULT NULL COMMENT '其它生成选项',
  `create_by` varchar(64) CHARACTER SET utf8mb4 COLLATE utf8mb4_general_ci NULL DEFAULT '' COMMENT '创建者',
  `create_time` datetime(0) NULL DEFAULT NULL COMMENT '创建时间',
  `update_by` varchar(64) CHARACTER SET utf8mb4 COLLATE utf8mb4_general_ci NULL DEFAULT '' COMMENT '更新者',
  `update_time` datetime(0) NULL DEFAULT NULL COMMENT '更新时间',
  `remark` varchar(500) CHARACTER SET utf8mb4 COLLATE utf8mb4_general_ci NULL DEFAULT NULL COMMENT '备注',
  PRIMARY KEY (`table_id`) USING BTREE
) ENGINE = InnoDB CHARACTER SET = utf8mb4 COLLATE = utf8mb4_general_ci COMMENT = '代码生成业务表' ROW_FORMAT = Dynamic;

-- ----------------------------
-- Records of gen_table
-- ----------------------------
INSERT INTO `gen_table` VALUES (1537806476421287937, 'sys_message', '消息通知', NULL, NULL, 'SysMessage', 'crud', 'com.ruoyi.system', 'system', 'message', '消息通知', 'ruoyi', '0', '/', NULL, 'admin', '2022-06-17 21:28:41', 'admin', '2022-06-17 21:28:41', NULL);

-- ----------------------------
-- Table structure for gen_table_column
-- ----------------------------
DROP TABLE IF EXISTS `gen_table_column`;
CREATE TABLE `gen_table_column`  (
  `column_id` bigint(20) NOT NULL COMMENT '编号',
  `table_id` bigint(20) NULL DEFAULT NULL COMMENT '归属表编号',
  `column_name` varchar(200) CHARACTER SET utf8mb4 COLLATE utf8mb4_general_ci NULL DEFAULT NULL COMMENT '列名称',
  `column_comment` varchar(500) CHARACTER SET utf8mb4 COLLATE utf8mb4_general_ci NULL DEFAULT NULL COMMENT '列描述',
  `column_type` varchar(100) CHARACTER SET utf8mb4 COLLATE utf8mb4_general_ci NULL DEFAULT NULL COMMENT '列类型',
  `java_type` varchar(500) CHARACTER SET utf8mb4 COLLATE utf8mb4_general_ci NULL DEFAULT NULL COMMENT 'JAVA类型',
  `java_field` varchar(200) CHARACTER SET utf8mb4 COLLATE utf8mb4_general_ci NULL DEFAULT NULL COMMENT 'JAVA字段名',
  `is_pk` char(1) CHARACTER SET utf8mb4 COLLATE utf8mb4_general_ci NULL DEFAULT NULL COMMENT '是否主键（1是）',
  `is_increment` char(1) CHARACTER SET utf8mb4 COLLATE utf8mb4_general_ci NULL DEFAULT NULL COMMENT '是否自增（1是）',
  `is_required` char(1) CHARACTER SET utf8mb4 COLLATE utf8mb4_general_ci NULL DEFAULT NULL COMMENT '是否必填（1是）',
  `is_insert` char(1) CHARACTER SET utf8mb4 COLLATE utf8mb4_general_ci NULL DEFAULT NULL COMMENT '是否为插入字段（1是）',
  `is_edit` char(1) CHARACTER SET utf8mb4 COLLATE utf8mb4_general_ci NULL DEFAULT NULL COMMENT '是否编辑字段（1是）',
  `is_list` char(1) CHARACTER SET utf8mb4 COLLATE utf8mb4_general_ci NULL DEFAULT NULL COMMENT '是否列表字段（1是）',
  `is_query` char(1) CHARACTER SET utf8mb4 COLLATE utf8mb4_general_ci NULL DEFAULT NULL COMMENT '是否查询字段（1是）',
  `query_type` varchar(200) CHARACTER SET utf8mb4 COLLATE utf8mb4_general_ci NULL DEFAULT 'EQ' COMMENT '查询方式（等于、不等于、大于、小于、范围）',
  `html_type` varchar(200) CHARACTER SET utf8mb4 COLLATE utf8mb4_general_ci NULL DEFAULT NULL COMMENT '显示类型（文本框、文本域、下拉框、复选框、单选框、日期控件）',
  `dict_type` varchar(200) CHARACTER SET utf8mb4 COLLATE utf8mb4_general_ci NULL DEFAULT '' COMMENT '字典类型',
  `sort` int(11) NULL DEFAULT NULL COMMENT '排序',
  `create_by` varchar(64) CHARACTER SET utf8mb4 COLLATE utf8mb4_general_ci NULL DEFAULT '' COMMENT '创建者',
  `create_time` datetime(0) NULL DEFAULT NULL COMMENT '创建时间',
  `update_by` varchar(64) CHARACTER SET utf8mb4 COLLATE utf8mb4_general_ci NULL DEFAULT '' COMMENT '更新者',
  `update_time` datetime(0) NULL DEFAULT NULL COMMENT '更新时间',
  PRIMARY KEY (`column_id`) USING BTREE
) ENGINE = InnoDB CHARACTER SET = utf8mb4 COLLATE = utf8mb4_general_ci COMMENT = '代码生成业务表字段' ROW_FORMAT = Dynamic;

-- ----------------------------
-- Records of gen_table_column
-- ----------------------------
INSERT INTO `gen_table_column` VALUES (1537806476744249345, 1537806476421287937, 'id', '主键', 'bigint(19) unsigned', 'Long', 'id', '1', '0', '1', NULL, '1', '1', NULL, 'EQ', 'input', '', 1, 'admin', '2022-06-17 22:36:50', 'admin', '2022-06-17 22:36:50');
INSERT INTO `gen_table_column` VALUES (1537806476744249346, 1537806476421287937, 'send_id', '消息发送者id', 'bigint(19)', 'Long', 'sendId', '0', '0', '1', '1', '1', '1', '1', 'EQ', 'input', '', 2, 'admin', '2022-06-17 22:36:50', 'admin', '2022-06-17 22:36:50');
INSERT INTO `gen_table_column` VALUES (1537806476807163906, 1537806476421287937, 'record_id', '消息接收者id', 'bigint(20)', 'Long', 'recordId', '0', '0', '1', '1', '1', '1', '1', 'EQ', 'input', '', 3, 'admin', '2022-06-17 22:36:50', 'admin', '2022-06-17 22:36:50');
INSERT INTO `gen_table_column` VALUES (1537806476807163907, 1537806476421287937, 'type', '消息类型1：站内信，2：邮件，3：短信', 'int(10)', 'Integer', 'type', '0', '0', '1', '1', '1', '1', '1', 'EQ', 'select', '', 4, 'admin', '2022-06-17 22:36:50', 'admin', '2022-06-17 22:36:50');
INSERT INTO `gen_table_column` VALUES (1537806476807163908, 1537806476421287937, 'status', '阅读状态0：未读，1：已读', 'bigint(1)', 'Integer', 'status', '0', '0', '1', '1', '1', '1', '1', 'EQ', 'radio', '', 5, 'admin', '2022-06-17 22:36:50', 'admin', '2022-06-17 22:36:50');
INSERT INTO `gen_table_column` VALUES (1537806476807163909, 1537806476421287937, 'message_content', '消息内容', 'longtext', 'String', 'messageContent', '0', '0', '1', '1', '1', '1', '1', 'EQ', 'editor', '', 6, 'admin', '2022-06-17 22:36:50', 'admin', '2022-06-17 22:36:50');
INSERT INTO `gen_table_column` VALUES (1537806476807163910, 1537806476421287937, 'create_time', '创建时间', 'datetime', 'Date', 'createTime', '0', '0', '1', NULL, NULL, NULL, NULL, 'EQ', 'datetime', '', 7, 'admin', '2022-06-17 22:36:50', 'admin', '2022-06-17 22:36:50');
INSERT INTO `gen_table_column` VALUES (1537806476807163911, 1537806476421287937, 'update_time', '修改时间', 'datetime', 'Date', 'updateTime', '0', '0', '1', NULL, NULL, NULL, NULL, 'EQ', 'datetime', '', 8, 'admin', '2022-06-17 22:36:50', 'admin', '2022-06-17 22:36:50');
INSERT INTO `gen_table_column` VALUES (1537806476807163912, 1537806476421287937, 'create_by', '创建人', 'varchar(255)', 'String', 'createBy', '0', '0', '1', NULL, NULL, NULL, NULL, 'EQ', 'input', '', 9, 'admin', '2022-06-17 22:36:50', 'admin', '2022-06-17 22:36:50');
INSERT INTO `gen_table_column` VALUES (1537806476878467073, 1537806476421287937, 'update_by', '更新人', 'varchar(255)', 'String', 'updateBy', '0', '0', '1', NULL, NULL, NULL, NULL, 'EQ', 'input', '', 10, 'admin', '2022-06-17 22:36:50', 'admin', '2022-06-17 22:36:50');
INSERT INTO `gen_table_column` VALUES (1537806476878467074, 1537806476421287937, 'read_time', '阅读时间', 'datetime', 'Date', 'readTime', '0', '0', '1', '1', '1', '1', '1', 'EQ', 'datetime', '', 11, 'admin', '2022-06-17 22:36:50', 'admin', '2022-06-17 22:36:50');

-- ----------------------------
-- Table structure for jimu_report
-- ----------------------------
DROP TABLE IF EXISTS `jimu_report`;
CREATE TABLE `jimu_report`  (
  `id` varchar(32) CHARACTER SET utf8 COLLATE utf8_general_ci NOT NULL COMMENT '主键',
  `code` varchar(50) CHARACTER SET utf8 COLLATE utf8_general_ci NULL DEFAULT NULL COMMENT '编码',
  `name` varchar(50) CHARACTER SET utf8 COLLATE utf8_general_ci NULL DEFAULT NULL COMMENT '名称',
  `note` varchar(255) CHARACTER SET utf8 COLLATE utf8_general_ci NULL DEFAULT NULL COMMENT '说明',
  `status` varchar(10) CHARACTER SET utf8 COLLATE utf8_general_ci NULL DEFAULT NULL COMMENT '状态',
  `type` varchar(10) CHARACTER SET utf8 COLLATE utf8_general_ci NULL DEFAULT NULL COMMENT '类型',
  `json_str` text CHARACTER SET utf8 COLLATE utf8_general_ci NULL COMMENT 'json字符串',
  `api_url` varchar(255) CHARACTER SET utf8 COLLATE utf8_general_ci NULL DEFAULT NULL COMMENT '请求地址',
  `thumb` text CHARACTER SET utf8 COLLATE utf8_general_ci NULL COMMENT '缩略图',
  `create_by` varchar(50) CHARACTER SET utf8 COLLATE utf8_general_ci NULL DEFAULT NULL COMMENT '创建人',
  `create_time` datetime(0) NULL DEFAULT NULL COMMENT '创建时间',
  `update_by` varchar(50) CHARACTER SET utf8 COLLATE utf8_general_ci NULL DEFAULT NULL COMMENT '修改人',
  `update_time` datetime(0) NULL DEFAULT NULL COMMENT '修改时间',
  `del_flag` tinyint(1) NULL DEFAULT NULL COMMENT '删除标识0-正常,1-已删除',
  `api_method` varchar(255) CHARACTER SET utf8 COLLATE utf8_general_ci NULL DEFAULT NULL COMMENT '请求方法0-get,1-post',
  `api_code` varchar(255) CHARACTER SET utf8 COLLATE utf8_general_ci NULL DEFAULT NULL COMMENT '请求编码',
  `template` tinyint(1) NULL DEFAULT NULL COMMENT '是否是模板 0-是,1-不是',
  `view_count` bigint(20) NULL DEFAULT NULL COMMENT '浏览次数',
  PRIMARY KEY (`id`) USING BTREE,
  UNIQUE INDEX `uniq_jmreport_code`(`code`) USING BTREE
) ENGINE = InnoDB CHARACTER SET = utf8 COLLATE = utf8_general_ci COMMENT = '在线excel设计器' ROW_FORMAT = Compact;

-- ----------------------------
-- Records of jimu_report
-- ----------------------------
INSERT INTO `jimu_report` VALUES ('698070126881910784', '20220618173623', '系统日志', NULL, NULL, 'datainfo', '{\"loopBlockList\":[],\"area\":{\"sri\":6,\"sci\":7,\"eri\":6,\"eci\":7,\"width\":100,\"height\":25},\"excel_config_id\":\"698070126881910784\",\"printConfig\":{\"paper\":\"A4\",\"width\":210,\"height\":297,\"definition\":1,\"isBackend\":false,\"marginX\":10,\"marginY\":10,\"layout\":\"portrait\"},\"rows\":{\"1\":{\"cells\":{\"0\":{\"text\":\"操作时间\",\"style\":0},\"1\":{\"text\":\"名称\",\"style\":0},\"2\":{\"text\":\"请求方式\",\"style\":0},\"3\":{\"text\":\"操作人\",\"style\":0},\"4\":{\"text\":\"日志状态\",\"style\":0},\"5\":{\"text\":\"请求地址\",\"style\":0},\"6\":{\"text\":\"请求url\",\"style\":0}}},\"2\":{\"cells\":{\"0\":{\"text\":\"#{sys_log_info.oper_time}\"},\"1\":{\"text\":\"#{sys_log_info.title}\"},\"2\":{\"text\":\"#{sys_log_info.request_method}\"},\"3\":{\"text\":\"#{sys_log_info.oper_name}\"},\"4\":{\"text\":\"#{sys_log_info.status}\"},\"5\":{\"text\":\"#{sys_log_info.oper_location}\"},\"6\":{\"text\":\"#{sys_log_info.oper_url}\"}}},\"len\":100},\"dbexps\":[],\"dicts\":[],\"freeze\":\"A1\",\"dataRectWidth\":940,\"displayConfig\":{},\"background\":false,\"name\":\"sheet1\",\"autofilter\":{},\"styles\":[{\"bgcolor\":\"#93d051\"}],\"validations\":[],\"cols\":{\"5\":{\"width\":149},\"6\":{\"width\":291},\"len\":50},\"merges\":[]}', NULL, NULL, 'admin', '2022-06-18 17:36:24', 'admin', '2022-06-27 20:25:30', 0, NULL, NULL, 0, 44);
INSERT INTO `jimu_report` VALUES ('701376236058349568', '20220627204247', '请假表单', NULL, NULL, 'printinfo', '{\"loopBlockList\":[],\"area\":{\"sri\":2,\"sci\":1,\"eri\":2,\"eci\":1,\"width\":100,\"height\":25},\"excel_config_id\":\"701376236058349568\",\"printConfig\":{\"paper\":\"A4\",\"width\":210,\"height\":297,\"definition\":1,\"isBackend\":false,\"marginX\":10,\"marginY\":10,\"layout\":\"portrait\"},\"rows\":{\"3\":{\"cells\":{\"1\":{\"text\":\"#{leave.username}\"},\"2\":{\"text\":\"#{leave.duration}\"},\"3\":{\"text\":\"\"}}},\"4\":{\"cells\":{\"1\":{\"text\":\"#{leave.principal}\"},\"2\":{\"text\":\"#{leave.contact_phone}\"}}},\"5\":{\"cells\":{\"1\":{\"text\":\"#{leave.leave_type}\"},\"2\":{\"text\":\"#{leave.title}\"}}},\"6\":{\"cells\":{\"1\":{\"text\":\"#{leave.leave_reason}\"}}},\"7\":{\"cells\":{\"1\":{\"text\":\"#{leave.start_date}\"},\"2\":{\"text\":\"#{leave.end_date}\"}}},\"len\":100},\"dbexps\":[],\"dicts\":[],\"freeze\":\"A1\",\"dataRectWidth\":300,\"displayConfig\":{},\"background\":false,\"name\":\"sheet1\",\"autofilter\":{},\"styles\":[],\"validations\":[],\"cols\":{\"len\":50},\"merges\":[]}', NULL, NULL, 'admin', '2022-06-27 20:42:47', 'admin', '2022-06-27 20:44:34', 1, NULL, NULL, 0, 3);

-- ----------------------------
-- Table structure for jimu_report_data_source
-- ----------------------------
DROP TABLE IF EXISTS `jimu_report_data_source`;
CREATE TABLE `jimu_report_data_source`  (
  `id` varchar(36) CHARACTER SET utf8mb4 COLLATE utf8mb4_general_ci NOT NULL,
  `name` varchar(100) CHARACTER SET utf8mb4 COLLATE utf8mb4_general_ci NULL DEFAULT NULL COMMENT '数据源名称',
  `report_id` varchar(100) CHARACTER SET utf8mb4 COLLATE utf8mb4_general_ci NULL DEFAULT NULL COMMENT '报表_id',
  `code` varchar(100) CHARACTER SET utf8mb4 COLLATE utf8mb4_general_ci NULL DEFAULT NULL COMMENT '编码',
  `remark` varchar(200) CHARACTER SET utf8mb4 COLLATE utf8mb4_general_ci NULL DEFAULT NULL COMMENT '备注',
  `db_type` varchar(10) CHARACTER SET utf8mb4 COLLATE utf8mb4_general_ci NULL DEFAULT NULL COMMENT '数据库类型',
  `db_driver` varchar(100) CHARACTER SET utf8mb4 COLLATE utf8mb4_general_ci NULL DEFAULT NULL COMMENT '驱动类',
  `db_url` varchar(500) CHARACTER SET utf8mb4 COLLATE utf8mb4_general_ci NULL DEFAULT NULL COMMENT '数据源地址',
  `db_username` varchar(100) CHARACTER SET utf8mb4 COLLATE utf8mb4_general_ci NULL DEFAULT NULL COMMENT '用户名',
  `db_password` varchar(100) CHARACTER SET utf8mb4 COLLATE utf8mb4_general_ci NULL DEFAULT NULL COMMENT '密码',
  `create_by` varchar(50) CHARACTER SET utf8mb4 COLLATE utf8mb4_general_ci NULL DEFAULT NULL COMMENT '创建人',
  `create_time` datetime(0) NULL DEFAULT NULL COMMENT '创建日期',
  `update_by` varchar(50) CHARACTER SET utf8mb4 COLLATE utf8mb4_general_ci NULL DEFAULT NULL COMMENT '更新人',
  `update_time` datetime(0) NULL DEFAULT NULL COMMENT '更新日期',
  PRIMARY KEY (`id`) USING BTREE,
  INDEX `idx_jmdatasource_report_id`(`report_id`) USING BTREE,
  INDEX `idx_jmdatasource_code`(`code`) USING BTREE
) ENGINE = InnoDB CHARACTER SET = utf8mb4 COLLATE = utf8mb4_general_ci ROW_FORMAT = Compact;

-- ----------------------------
-- Records of jimu_report_data_source
-- ----------------------------
INSERT INTO `jimu_report_data_source` VALUES ('698070692328615936', '本地数据库', '698070126881910784', '', NULL, 'MYSQL5.7', 'com.mysql.cj.jdbc.Driver', 'jdbc:mysql://127.0.0.1:3306/ruoyi-flowable6?useUnicode=true&characterEncoding=UTF-8&serverTimezone=GMT%2B8', 'root', '@JimuReportvJijGv+UCd24GspgoK564Q==', 'admin', '2022-07-01 22:08:31', 'admin', '2022-07-01 22:08:31');

-- ----------------------------
-- Table structure for jimu_report_db
-- ----------------------------
DROP TABLE IF EXISTS `jimu_report_db`;
CREATE TABLE `jimu_report_db`  (
  `id` varchar(36) CHARACTER SET utf8 COLLATE utf8_general_ci NOT NULL COMMENT 'id',
  `jimu_report_id` varchar(32) CHARACTER SET utf8 COLLATE utf8_general_ci NULL DEFAULT NULL COMMENT '主键字段',
  `create_by` varchar(50) CHARACTER SET utf8 COLLATE utf8_general_ci NULL DEFAULT NULL COMMENT '创建人登录名称',
  `update_by` varchar(50) CHARACTER SET utf8 COLLATE utf8_general_ci NULL DEFAULT NULL COMMENT '更新人登录名称',
  `create_time` datetime(0) NULL DEFAULT NULL COMMENT '创建日期',
  `update_time` datetime(0) NULL DEFAULT NULL COMMENT '更新日期',
  `db_code` varchar(32) CHARACTER SET utf8 COLLATE utf8_general_ci NULL DEFAULT NULL COMMENT '数据集编码',
  `db_ch_name` varchar(50) CHARACTER SET utf8 COLLATE utf8_general_ci NULL DEFAULT NULL COMMENT '数据集名字',
  `db_type` varchar(32) CHARACTER SET utf8 COLLATE utf8_general_ci NULL DEFAULT NULL COMMENT '数据源类型',
  `db_table_name` varchar(32) CHARACTER SET utf8 COLLATE utf8_general_ci NULL DEFAULT NULL COMMENT '数据库表名',
  `db_dyn_sql` longtext CHARACTER SET utf8 COLLATE utf8_general_ci NULL COMMENT '动态查询SQL',
  `db_key` varchar(32) CHARACTER SET utf8 COLLATE utf8_general_ci NULL DEFAULT NULL COMMENT '数据源KEY',
  `tb_db_key` varchar(32) CHARACTER SET utf8 COLLATE utf8_general_ci NULL DEFAULT NULL COMMENT '填报数据源',
  `tb_db_table_name` varchar(32) CHARACTER SET utf8 COLLATE utf8_general_ci NULL DEFAULT NULL COMMENT '填报数据表',
  `java_type` varchar(32) CHARACTER SET utf8 COLLATE utf8_general_ci NULL DEFAULT NULL COMMENT 'java类数据集  类型（spring:springkey,class:java类名）',
  `java_value` varchar(255) CHARACTER SET utf8 COLLATE utf8_general_ci NULL DEFAULT NULL COMMENT 'java类数据源  数值（bean key/java类名）',
  `api_url` varchar(255) CHARACTER SET utf8 COLLATE utf8_general_ci NULL DEFAULT NULL COMMENT '请求地址',
  `api_method` varchar(255) CHARACTER SET utf8 COLLATE utf8_general_ci NULL DEFAULT NULL COMMENT '请求方法0-get,1-post',
  `is_list` int(11) NULL DEFAULT 0 COMMENT '是否是列表0否1是 默认0',
  `is_page` varchar(10) CHARACTER SET utf8 COLLATE utf8_general_ci NULL DEFAULT NULL COMMENT '是否作为分页,0:不分页，1:分页',
  `db_source` varchar(255) CHARACTER SET utf8 COLLATE utf8_general_ci NULL DEFAULT NULL COMMENT '数据源',
  `db_source_type` varchar(50) CHARACTER SET utf8 COLLATE utf8_general_ci NULL DEFAULT NULL COMMENT '数据库类型 MYSQL ORACLE SQLSERVER',
  PRIMARY KEY (`id`) USING BTREE,
  INDEX `idx_jmreportdb_db_key`(`db_key`) USING BTREE
) ENGINE = InnoDB CHARACTER SET = utf8 COLLATE = utf8_general_ci ROW_FORMAT = Compact;

-- ----------------------------
-- Records of jimu_report_db
-- ----------------------------
INSERT INTO `jimu_report_db` VALUES ('698071316680126464', '698070126881910784', 'admin', 'admin', '2022-06-22 21:03:17', '2022-06-22 21:03:17', 'sys_log_info', '系统日志', '0', NULL, 'select s.oper_id,s.title  as title,d.dict_label as dict_label,s.method as method,s.request_method ,s.oper_name ,s.dept_name,s.oper_url,s.oper_location,s.json_result ,s.error_msg ,DATE_FORMAT(s.oper_time,\'%Y-%m-%d\') as oper_time,(case s.`status` when 0 then \'正常\' ELSE \'异常\' end) as status\nfrom sys_oper_log s\nleft join sys_dict_data  d on s.operator_type=d.dict_value and d.dict_type=\'sys_oper_type\'', NULL, NULL, NULL, NULL, NULL, NULL, NULL, 1, '1', '698070692328615936', 'MYSQL5.7');
INSERT INTO `jimu_report_db` VALUES ('701379498455109632', '701376236058349568', 'admin', NULL, '2022-06-27 20:38:34', '2022-06-27 20:38:33', 'leave', '请假表单', '0', NULL, 'select a.id,a.username,a.duration,a.principal,a.contact_phone,a.leave_type,a.title,a.leave_reason,a.start_date,a.end_date from bs_leave a where a.id=\'${id}\'', NULL, NULL, NULL, NULL, NULL, NULL, NULL, 1, '0', '', 'MYSQL');

-- ----------------------------
-- Table structure for jimu_report_db_field
-- ----------------------------
DROP TABLE IF EXISTS `jimu_report_db_field`;
CREATE TABLE `jimu_report_db_field`  (
  `id` varchar(36) CHARACTER SET utf8 COLLATE utf8_general_ci NOT NULL COMMENT 'id',
  `create_by` varchar(50) CHARACTER SET utf8 COLLATE utf8_general_ci NULL DEFAULT NULL COMMENT '创建人登录名称',
  `create_time` datetime(0) NULL DEFAULT NULL COMMENT '创建日期',
  `update_by` varchar(50) CHARACTER SET utf8 COLLATE utf8_general_ci NULL DEFAULT NULL COMMENT '更新人登录名称',
  `update_time` datetime(0) NULL DEFAULT NULL COMMENT '更新日期',
  `jimu_report_db_id` varchar(32) CHARACTER SET utf8 COLLATE utf8_general_ci NULL DEFAULT NULL COMMENT '数据源ID',
  `field_name` varchar(80) CHARACTER SET utf8 COLLATE utf8_general_ci NULL DEFAULT NULL COMMENT '字段名',
  `field_text` varchar(50) CHARACTER SET utf8 COLLATE utf8_general_ci NULL DEFAULT NULL COMMENT '字段文本',
  `widget_type` varchar(50) CHARACTER SET utf8 COLLATE utf8_general_ci NULL DEFAULT NULL COMMENT '控件类型',
  `widget_width` int(11) NULL DEFAULT NULL COMMENT '控件宽度',
  `order_num` int(11) NULL DEFAULT NULL COMMENT '排序',
  `search_flag` int(11) NULL DEFAULT 0 COMMENT '查询标识0否1是 默认0',
  `search_mode` int(11) NULL DEFAULT NULL COMMENT '查询模式1简单2范围',
  `dict_code` varchar(255) CHARACTER SET utf8 COLLATE utf8_general_ci NULL DEFAULT NULL COMMENT '字典编码支持从表中取数据',
  PRIMARY KEY (`id`) USING BTREE,
  INDEX `idx_jrdf_jimu_report_db_id`(`jimu_report_db_id`) USING BTREE
) ENGINE = InnoDB CHARACTER SET = utf8 COLLATE = utf8_general_ci ROW_FORMAT = Compact;

-- ----------------------------
-- Records of jimu_report_db_field
-- ----------------------------
INSERT INTO `jimu_report_db_field` VALUES ('698071316780789760', 'admin', '2022-06-22 21:03:18', NULL, NULL, '698071316680126464', 'oper_id', 'oper_id', 'String', NULL, 1, 0, NULL, NULL);
INSERT INTO `jimu_report_db_field` VALUES ('698071316843704320', 'admin', '2022-06-22 21:03:18', NULL, NULL, '698071316680126464', 'title', '标题', 'String', NULL, 2, 1, NULL, NULL);
INSERT INTO `jimu_report_db_field` VALUES ('698071316873064448', 'admin', '2022-06-22 21:03:18', NULL, NULL, '698071316680126464', 'dict_label', 'dict_label', 'String', NULL, 3, 0, NULL, NULL);
INSERT INTO `jimu_report_db_field` VALUES ('698071316894035968', 'admin', '2022-06-22 21:03:18', NULL, NULL, '698071316680126464', 'method', 'method', 'String', NULL, 4, 0, NULL, NULL);
INSERT INTO `jimu_report_db_field` VALUES ('698071316919201792', 'admin', '2022-06-22 21:03:18', NULL, NULL, '698071316680126464', 'request_method', 'request_method', 'String', NULL, 5, 0, NULL, NULL);
INSERT INTO `jimu_report_db_field` VALUES ('698071316940173312', 'admin', '2022-06-22 21:03:18', NULL, NULL, '698071316680126464', 'oper_name', 'oper_name', 'String', NULL, 6, 0, NULL, NULL);
INSERT INTO `jimu_report_db_field` VALUES ('698071316961144832', 'admin', '2022-06-22 21:03:18', NULL, NULL, '698071316680126464', 'dept_name', 'dept_name', 'String', NULL, 7, 0, NULL, NULL);
INSERT INTO `jimu_report_db_field` VALUES ('698071316982116352', 'admin', '2022-06-22 21:03:18', NULL, NULL, '698071316680126464', 'oper_url', 'oper_url', 'String', NULL, 8, 0, NULL, NULL);
INSERT INTO `jimu_report_db_field` VALUES ('698071317007282176', 'admin', '2022-06-22 21:03:18', NULL, NULL, '698071316680126464', 'oper_location', 'oper_location', 'String', NULL, 9, 0, NULL, NULL);
INSERT INTO `jimu_report_db_field` VALUES ('698071317028253696', 'admin', '2022-06-22 21:03:18', NULL, NULL, '698071316680126464', 'json_result', 'json_result', 'String', NULL, 10, 0, NULL, NULL);
INSERT INTO `jimu_report_db_field` VALUES ('698071317049225216', 'admin', '2022-06-22 21:03:18', NULL, NULL, '698071316680126464', 'error_msg', 'error_msg', 'String', NULL, 11, 0, NULL, NULL);
INSERT INTO `jimu_report_db_field` VALUES ('698071317070196736', 'admin', '2022-06-22 21:03:18', NULL, NULL, '698071316680126464', 'oper_time', '操作时间', 'date', NULL, 12, 1, 2, NULL);
INSERT INTO `jimu_report_db_field` VALUES ('698071317091168256', 'admin', '2022-06-22 21:03:18', NULL, NULL, '698071316680126464', 'status', 'status', 'String', NULL, 13, 0, NULL, NULL);
INSERT INTO `jimu_report_db_field` VALUES ('701379498740322304', 'admin', '2022-06-27 20:38:34', NULL, NULL, '701379498455109632', 'id', 'id', 'string', NULL, 1, 0, NULL, NULL);
INSERT INTO `jimu_report_db_field` VALUES ('701379498874540032', 'admin', '2022-06-27 20:38:34', NULL, NULL, '701379498455109632', 'username', 'username', 'string', NULL, 2, 0, NULL, NULL);
INSERT INTO `jimu_report_db_field` VALUES ('701379498958426112', 'admin', '2022-06-27 20:38:34', NULL, NULL, '701379498455109632', 'duration', 'duration', 'number', NULL, 3, 0, NULL, NULL);
INSERT INTO `jimu_report_db_field` VALUES ('701379499038117888', 'admin', '2022-06-27 20:38:34', NULL, NULL, '701379498455109632', 'principal', 'principal', 'string', NULL, 4, 0, NULL, NULL);
INSERT INTO `jimu_report_db_field` VALUES ('701379499109421056', 'admin', '2022-06-27 20:38:34', NULL, NULL, '701379498455109632', 'contact_phone', 'contact_phone', 'string', NULL, 5, 0, NULL, NULL);
INSERT INTO `jimu_report_db_field` VALUES ('701379499184918528', 'admin', '2022-06-27 20:38:34', NULL, NULL, '701379498455109632', 'leave_type', 'leave_type', 'string', NULL, 6, 0, NULL, NULL);
INSERT INTO `jimu_report_db_field` VALUES ('701379499260416000', 'admin', '2022-06-27 20:38:34', NULL, NULL, '701379498455109632', 'title', 'title', 'string', NULL, 7, 0, NULL, NULL);
INSERT INTO `jimu_report_db_field` VALUES ('701379499340107776', 'admin', '2022-06-27 20:38:34', NULL, NULL, '701379498455109632', 'leave_reason', 'leave_reason', 'string', NULL, 8, 0, NULL, NULL);
INSERT INTO `jimu_report_db_field` VALUES ('701379499419799552', 'admin', '2022-06-27 20:38:34', NULL, NULL, '701379498455109632', 'start_date', 'start_date', 'datetime', NULL, 9, 0, NULL, NULL);
INSERT INTO `jimu_report_db_field` VALUES ('701379499499491328', 'admin', '2022-06-27 20:38:34', NULL, NULL, '701379498455109632', 'end_date', 'end_date', 'datetime', NULL, 10, 0, NULL, NULL);

-- ----------------------------
-- Table structure for jimu_report_db_param
-- ----------------------------
DROP TABLE IF EXISTS `jimu_report_db_param`;
CREATE TABLE `jimu_report_db_param`  (
  `id` varchar(36) CHARACTER SET utf8 COLLATE utf8_general_ci NOT NULL,
  `jimu_report_head_id` varchar(36) CHARACTER SET utf8 COLLATE utf8_general_ci NOT NULL COMMENT '动态报表ID',
  `param_name` varchar(32) CHARACTER SET utf8 COLLATE utf8_general_ci NOT NULL COMMENT '参数字段',
  `param_txt` varchar(32) CHARACTER SET utf8 COLLATE utf8_general_ci NULL DEFAULT NULL COMMENT '参数文本',
  `param_value` varchar(32) CHARACTER SET utf8 COLLATE utf8_general_ci NULL DEFAULT NULL COMMENT '参数默认值',
  `order_num` int(11) NULL DEFAULT NULL COMMENT '排序',
  `create_by` varchar(50) CHARACTER SET utf8 COLLATE utf8_general_ci NULL DEFAULT NULL COMMENT '创建人登录名称',
  `create_time` datetime(0) NULL DEFAULT NULL COMMENT '创建日期',
  `update_by` varchar(50) CHARACTER SET utf8 COLLATE utf8_general_ci NULL DEFAULT NULL COMMENT '更新人登录名称',
  `update_time` datetime(0) NULL DEFAULT NULL COMMENT '更新日期',
  PRIMARY KEY (`id`) USING BTREE,
  INDEX `idx_jmrheadid`(`jimu_report_head_id`) USING BTREE,
  INDEX `idx_jrdp_jimu_report_head_id`(`jimu_report_head_id`) USING BTREE
) ENGINE = InnoDB CHARACTER SET = utf8 COLLATE = utf8_general_ci ROW_FORMAT = Compact;

-- ----------------------------
-- Records of jimu_report_db_param
-- ----------------------------
INSERT INTO `jimu_report_db_param` VALUES ('698073174396088320', '698071316680126464', 'title', '', '', 1, 'admin', '2022-06-22 21:03:18', NULL, NULL);
INSERT INTO `jimu_report_db_param` VALUES ('698073174450614272', '698071316680126464', 'oper_time', '', '', 2, 'admin', '2022-06-22 21:03:18', NULL, NULL);
INSERT INTO `jimu_report_db_param` VALUES ('701379499654680576', '701379498455109632', 'id', '', '', 1, 'admin', '2022-06-27 20:38:34', NULL, NULL);

-- ----------------------------
-- Table structure for jimu_report_link
-- ----------------------------
DROP TABLE IF EXISTS `jimu_report_link`;
CREATE TABLE `jimu_report_link`  (
  `id` varchar(32) CHARACTER SET utf8mb4 COLLATE utf8mb4_general_ci NOT NULL COMMENT '主键id',
  `report_id` varchar(32) CHARACTER SET utf8mb4 COLLATE utf8mb4_general_ci NULL DEFAULT NULL COMMENT '积木设计器id',
  `parameter` text CHARACTER SET utf8mb4 COLLATE utf8mb4_general_ci NULL COMMENT '参数',
  `eject_type` varchar(1) CHARACTER SET utf8mb4 COLLATE utf8mb4_general_ci NULL DEFAULT NULL COMMENT '弹出方式（0 当前页面 1 新窗口）',
  `link_name` varchar(255) CHARACTER SET utf8mb4 COLLATE utf8mb4_general_ci NULL DEFAULT NULL COMMENT '链接名称',
  `api_method` varchar(1) CHARACTER SET utf8mb4 COLLATE utf8mb4_general_ci NULL DEFAULT NULL COMMENT '请求方法0-get,1-post',
  `link_type` varchar(1) CHARACTER SET utf8mb4 COLLATE utf8mb4_general_ci NULL DEFAULT NULL COMMENT '链接方式(0 网络报表 1 网络连接 2 图表联动)',
  `api_url` varchar(1000) CHARACTER SET utf8mb4 COLLATE utf8mb4_general_ci NULL DEFAULT NULL COMMENT '外网api',
  PRIMARY KEY (`id`) USING BTREE
) ENGINE = InnoDB CHARACTER SET = utf8mb4 COLLATE = utf8mb4_general_ci COMMENT = '超链接配置表' ROW_FORMAT = Compact;

-- ----------------------------
-- Table structure for jimu_report_map
-- ----------------------------
DROP TABLE IF EXISTS `jimu_report_map`;
CREATE TABLE `jimu_report_map`  (
  `id` varchar(64) CHARACTER SET utf8 COLLATE utf8_general_ci NOT NULL COMMENT '主键',
  `label` varchar(125) CHARACTER SET utf8 COLLATE utf8_general_ci NULL DEFAULT NULL COMMENT '地图名称',
  `name` varchar(125) CHARACTER SET utf8 COLLATE utf8_general_ci NULL DEFAULT NULL COMMENT '地图编码',
  `data` longtext CHARACTER SET utf8 COLLATE utf8_general_ci NULL COMMENT '地图数据',
  `create_by` varchar(32) CHARACTER SET utf8 COLLATE utf8_general_ci NULL DEFAULT NULL COMMENT '创建人',
  `create_time` datetime(0) NULL DEFAULT NULL COMMENT '创建时间',
  `update_by` varchar(32) CHARACTER SET utf8 COLLATE utf8_general_ci NULL DEFAULT NULL COMMENT '修改人',
  `update_time` datetime(0) NULL DEFAULT NULL COMMENT '修改时间',
  `del_flag` varchar(1) CHARACTER SET utf8 COLLATE utf8_general_ci NULL DEFAULT NULL COMMENT '0表示未删除,1表示删除',
  `sys_org_code` varchar(64) CHARACTER SET utf8 COLLATE utf8_general_ci NULL DEFAULT NULL COMMENT '所属部门',
  PRIMARY KEY (`id`) USING BTREE,
  UNIQUE INDEX `uniq_jmreport_map_name`(`name`) USING BTREE
) ENGINE = InnoDB CHARACTER SET = utf8 COLLATE = utf8_general_ci COMMENT = '地图配置表' ROW_FORMAT = Compact;

-- ----------------------------
-- Table structure for jimu_report_share
-- ----------------------------
DROP TABLE IF EXISTS `jimu_report_share`;
CREATE TABLE `jimu_report_share`  (
  `id` varchar(32) CHARACTER SET utf8mb4 COLLATE utf8mb4_general_ci NOT NULL COMMENT '主键',
  `report_id` varchar(32) CHARACTER SET utf8mb4 COLLATE utf8mb4_general_ci NULL DEFAULT NULL COMMENT '在线excel设计器id',
  `preview_url` varchar(1000) CHARACTER SET utf8mb4 COLLATE utf8mb4_general_ci NULL DEFAULT NULL COMMENT '预览地址',
  `preview_lock` varchar(4) CHARACTER SET utf8mb4 COLLATE utf8mb4_general_ci NULL DEFAULT NULL COMMENT '密码锁',
  `last_update_time` datetime(0) NULL DEFAULT NULL COMMENT '最后更新时间',
  `term_of_validity` varchar(1) CHARACTER SET utf8mb4 COLLATE utf8mb4_general_ci NULL DEFAULT NULL COMMENT '有效期(0:永久有效，1:1天，2:7天)',
  `status` varchar(1) CHARACTER SET utf8mb4 COLLATE utf8mb4_general_ci NULL DEFAULT NULL COMMENT '是否过期(0未过期，1已过期)',
  PRIMARY KEY (`id`) USING BTREE
) ENGINE = InnoDB CHARACTER SET = utf8mb4 COLLATE = utf8mb4_general_ci COMMENT = '积木报表预览权限表' ROW_FORMAT = Compact;

-- ----------------------------
-- Table structure for sys_config
-- ----------------------------
DROP TABLE IF EXISTS `sys_config`;
CREATE TABLE `sys_config`  (
  `config_id` bigint(20) NOT NULL COMMENT '参数主键',
  `config_name` varchar(100) CHARACTER SET utf8mb4 COLLATE utf8mb4_general_ci NULL DEFAULT '' COMMENT '参数名称',
  `config_key` varchar(100) CHARACTER SET utf8mb4 COLLATE utf8mb4_general_ci NULL DEFAULT '' COMMENT '参数键名',
  `config_value` varchar(500) CHARACTER SET utf8mb4 COLLATE utf8mb4_general_ci NULL DEFAULT '' COMMENT '参数键值',
  `config_type` char(1) CHARACTER SET utf8mb4 COLLATE utf8mb4_general_ci NULL DEFAULT 'N' COMMENT '系统内置（Y是 N否）',
  `create_by` varchar(64) CHARACTER SET utf8mb4 COLLATE utf8mb4_general_ci NULL DEFAULT '' COMMENT '创建者',
  `create_time` datetime(0) NULL DEFAULT NULL COMMENT '创建时间',
  `update_by` varchar(64) CHARACTER SET utf8mb4 COLLATE utf8mb4_general_ci NULL DEFAULT '' COMMENT '更新者',
  `update_time` datetime(0) NULL DEFAULT NULL COMMENT '更新时间',
  `remark` varchar(500) CHARACTER SET utf8mb4 COLLATE utf8mb4_general_ci NULL DEFAULT NULL COMMENT '备注',
  PRIMARY KEY (`config_id`) USING BTREE
) ENGINE = InnoDB CHARACTER SET = utf8mb4 COLLATE = utf8mb4_general_ci COMMENT = '参数配置表' ROW_FORMAT = Dynamic;

-- ----------------------------
-- Records of sys_config
-- ----------------------------
INSERT INTO `sys_config` VALUES (1, '主框架页-默认皮肤样式名称', 'sys.index.skinName', 'skin-blue', 'Y', 'admin', '2022-04-26 08:12:55', '', NULL, '蓝色 skin-blue、绿色 skin-green、紫色 skin-purple、红色 skin-red、黄色 skin-yellow');
INSERT INTO `sys_config` VALUES (2, '用户管理-账号初始密码', 'sys.user.initPassword', '123456', 'Y', 'admin', '2022-04-26 08:12:55', '', NULL, '初始化密码 123456');
INSERT INTO `sys_config` VALUES (3, '主框架页-侧边栏主题', 'sys.index.sideTheme', 'theme-dark', 'Y', 'admin', '2022-04-26 08:12:55', '', NULL, '深色主题theme-dark，浅色主题theme-light');
INSERT INTO `sys_config` VALUES (4, '账号自助-验证码开关', 'sys.account.captchaOnOff', 'true', 'Y', 'admin', '2022-04-26 08:12:55', '', NULL, '是否开启验证码功能（true开启，false关闭）');
INSERT INTO `sys_config` VALUES (5, '账号自助-是否开启用户注册功能', 'sys.account.registerUser', 'false', 'Y', 'admin', '2022-04-26 08:12:55', '', NULL, '是否开启注册用户功能（true开启，false关闭）');
INSERT INTO `sys_config` VALUES (11, 'OSS预览列表资源开关', 'sys.oss.previewListResource', 'true', 'Y', 'admin', '2022-04-26 08:12:55', '', NULL, 'true:开启, false:关闭');

-- ----------------------------
-- Table structure for sys_dept
-- ----------------------------
DROP TABLE IF EXISTS `sys_dept`;
CREATE TABLE `sys_dept`  (
  `dept_id` bigint(20) NOT NULL COMMENT '部门id',
  `parent_id` bigint(20) NULL DEFAULT 0 COMMENT '父部门id',
  `ancestors` varchar(500) CHARACTER SET utf8mb4 COLLATE utf8mb4_general_ci NULL DEFAULT '' COMMENT '祖级列表',
  `dept_name` varchar(30) CHARACTER SET utf8mb4 COLLATE utf8mb4_general_ci NULL DEFAULT '' COMMENT '部门名称',
  `order_num` int(4) NULL DEFAULT 0 COMMENT '显示顺序',
  `leader` varchar(20) CHARACTER SET utf8mb4 COLLATE utf8mb4_general_ci NULL DEFAULT NULL COMMENT '负责人',
  `phone` varchar(11) CHARACTER SET utf8mb4 COLLATE utf8mb4_general_ci NULL DEFAULT NULL COMMENT '联系电话',
  `email` varchar(50) CHARACTER SET utf8mb4 COLLATE utf8mb4_general_ci NULL DEFAULT NULL COMMENT '邮箱',
  `status` char(1) CHARACTER SET utf8mb4 COLLATE utf8mb4_general_ci NULL DEFAULT '0' COMMENT '部门状态（0正常 1停用）',
  `del_flag` char(1) CHARACTER SET utf8mb4 COLLATE utf8mb4_general_ci NULL DEFAULT '0' COMMENT '删除标志（0代表存在 2代表删除）',
  `create_by` varchar(64) CHARACTER SET utf8mb4 COLLATE utf8mb4_general_ci NULL DEFAULT '' COMMENT '创建者',
  `create_time` datetime(0) NULL DEFAULT NULL COMMENT '创建时间',
  `update_by` varchar(64) CHARACTER SET utf8mb4 COLLATE utf8mb4_general_ci NULL DEFAULT '' COMMENT '更新者',
  `update_time` datetime(0) NULL DEFAULT NULL COMMENT '更新时间',
  PRIMARY KEY (`dept_id`) USING BTREE
) ENGINE = InnoDB CHARACTER SET = utf8mb4 COLLATE = utf8mb4_general_ci COMMENT = '部门表' ROW_FORMAT = Dynamic;

-- ----------------------------
-- Records of sys_dept
-- ----------------------------
INSERT INTO `sys_dept` VALUES (100, 0, '0', '若依科技', 0, '若依', '15888888888', 'ry@qq.com', '0', '0', 'admin', '2022-04-26 08:12:54', '', NULL);
INSERT INTO `sys_dept` VALUES (101, 100, '0,100', '深圳总公司', 1, '若依', '15888888888', 'ry@qq.com', '0', '0', 'admin', '2022-04-26 08:12:54', '', NULL);
INSERT INTO `sys_dept` VALUES (102, 100, '0,100', '长沙分公司', 2, '若依', '15888888888', 'ry@qq.com', '0', '0', 'admin', '2022-04-26 08:12:54', '', NULL);
INSERT INTO `sys_dept` VALUES (103, 101, '0,100,101', '研发部门', 1, '若依', '15888888888', 'ry@qq.com', '0', '0', 'admin', '2022-04-26 08:12:54', '', NULL);
INSERT INTO `sys_dept` VALUES (104, 101, '0,100,101', '市场部门', 2, '若依', '15888888888', 'ry@qq.com', '0', '0', 'admin', '2022-04-26 08:12:54', '', NULL);
INSERT INTO `sys_dept` VALUES (105, 101, '0,100,101', '测试部门', 3, '若依', '15888888888', 'ry@qq.com', '0', '0', 'admin', '2022-04-26 08:12:54', '', NULL);
INSERT INTO `sys_dept` VALUES (106, 101, '0,100,101', '财务部门', 4, '若依', '15888888888', 'ry@qq.com', '0', '0', 'admin', '2022-04-26 08:12:54', '', NULL);
INSERT INTO `sys_dept` VALUES (107, 101, '0,100,101', '运维部门', 5, '若依', '15888888888', 'ry@qq.com', '0', '0', 'admin', '2022-04-26 08:12:54', '', NULL);
INSERT INTO `sys_dept` VALUES (108, 102, '0,100,102', '市场部门', 1, '若依', '15888888888', 'ry@qq.com', '0', '0', 'admin', '2022-04-26 08:12:54', '', NULL);
INSERT INTO `sys_dept` VALUES (109, 102, '0,100,102', '财务部门', 2, '若依', '15888888888', 'ry@qq.com', '0', '0', 'admin', '2022-04-26 08:12:54', '', NULL);

-- ----------------------------
-- Table structure for sys_dict
-- ----------------------------
DROP TABLE IF EXISTS `sys_dict`;
CREATE TABLE `sys_dict`  (
  `id` varchar(32) CHARACTER SET utf8 COLLATE utf8_general_ci NOT NULL,
  `dict_name` varchar(100) CHARACTER SET utf8 COLLATE utf8_general_ci NULL DEFAULT NULL COMMENT '字典名称',
  `dict_code` varchar(100) CHARACTER SET utf8 COLLATE utf8_general_ci NULL DEFAULT NULL COMMENT '字典编码',
  `description` varchar(255) CHARACTER SET utf8 COLLATE utf8_general_ci NULL DEFAULT NULL COMMENT '描述',
  `del_flag` int(11) NULL DEFAULT NULL COMMENT '删除状态',
  `create_by` varchar(32) CHARACTER SET utf8 COLLATE utf8_general_ci NULL DEFAULT NULL COMMENT '创建人',
  `create_time` datetime(0) NULL DEFAULT NULL COMMENT '创建时间',
  `update_by` varchar(32) CHARACTER SET utf8 COLLATE utf8_general_ci NULL DEFAULT NULL COMMENT '更新人',
  `update_time` datetime(0) NULL DEFAULT NULL COMMENT '更新时间',
  `type` int(1) UNSIGNED ZEROFILL NULL DEFAULT 0 COMMENT '字典类型0为string,1为number',
  PRIMARY KEY (`id`) USING BTREE,
  UNIQUE INDEX `uk_sd_dict_code`(`dict_code`) USING BTREE
) ENGINE = InnoDB CHARACTER SET = utf8 COLLATE = utf8_general_ci ROW_FORMAT = Compact;

-- ----------------------------
-- Records of sys_dict
-- ----------------------------
INSERT INTO `sys_dict` VALUES ('701379699932696576', '请假类型', 'bs_leave_type', '请假类型', 1, 'admin', '2022-06-27 20:39:22', NULL, NULL, NULL);
INSERT INTO `sys_dict` VALUES ('701380100962684928', 'a', 'a', '', 1, 'admin', '2022-06-27 20:40:57', NULL, NULL, NULL);

-- ----------------------------
-- Table structure for sys_dict_data
-- ----------------------------
DROP TABLE IF EXISTS `sys_dict_data`;
CREATE TABLE `sys_dict_data`  (
  `dict_code` bigint(20) NOT NULL COMMENT '字典编码',
  `dict_sort` int(4) NULL DEFAULT 0 COMMENT '字典排序',
  `dict_label` varchar(100) CHARACTER SET utf8mb4 COLLATE utf8mb4_general_ci NULL DEFAULT '' COMMENT '字典标签',
  `dict_value` varchar(100) CHARACTER SET utf8mb4 COLLATE utf8mb4_general_ci NULL DEFAULT '' COMMENT '字典键值',
  `dict_type` varchar(100) CHARACTER SET utf8mb4 COLLATE utf8mb4_general_ci NULL DEFAULT '' COMMENT '字典类型',
  `css_class` varchar(100) CHARACTER SET utf8mb4 COLLATE utf8mb4_general_ci NULL DEFAULT NULL COMMENT '样式属性（其他样式扩展）',
  `list_class` varchar(100) CHARACTER SET utf8mb4 COLLATE utf8mb4_general_ci NULL DEFAULT NULL COMMENT '表格回显样式',
  `is_default` char(1) CHARACTER SET utf8mb4 COLLATE utf8mb4_general_ci NULL DEFAULT 'N' COMMENT '是否默认（Y是 N否）',
  `status` char(1) CHARACTER SET utf8mb4 COLLATE utf8mb4_general_ci NULL DEFAULT '0' COMMENT '状态（0正常 1停用）',
  `create_by` varchar(64) CHARACTER SET utf8mb4 COLLATE utf8mb4_general_ci NULL DEFAULT '' COMMENT '创建者',
  `create_time` datetime(0) NULL DEFAULT NULL COMMENT '创建时间',
  `update_by` varchar(64) CHARACTER SET utf8mb4 COLLATE utf8mb4_general_ci NULL DEFAULT '' COMMENT '更新者',
  `update_time` datetime(0) NULL DEFAULT NULL COMMENT '更新时间',
  `remark` varchar(500) CHARACTER SET utf8mb4 COLLATE utf8mb4_general_ci NULL DEFAULT NULL COMMENT '备注',
  PRIMARY KEY (`dict_code`) USING BTREE
) ENGINE = InnoDB CHARACTER SET = utf8mb4 COLLATE = utf8mb4_general_ci COMMENT = '字典数据表' ROW_FORMAT = Dynamic;

-- ----------------------------
-- Records of sys_dict_data
-- ----------------------------
INSERT INTO `sys_dict_data` VALUES (1, 1, '男', '0', 'sys_user_sex', '', '', 'Y', '0', 'admin', '2021-10-02 17:33:23', '', NULL, '性别男');
INSERT INTO `sys_dict_data` VALUES (2, 2, '女', '1', 'sys_user_sex', '', '', 'N', '0', 'admin', '2021-10-02 17:33:23', '', NULL, '性别女');
INSERT INTO `sys_dict_data` VALUES (3, 3, '未知', '2', 'sys_user_sex', '', '', 'N', '0', 'admin', '2021-10-02 17:33:23', '', NULL, '性别未知');
INSERT INTO `sys_dict_data` VALUES (4, 1, '显示', '0', 'sys_show_hide', '', 'primary', 'Y', '0', 'admin', '2021-10-02 17:33:23', '', NULL, '显示菜单');
INSERT INTO `sys_dict_data` VALUES (5, 2, '隐藏', '1', 'sys_show_hide', '', 'danger', 'N', '0', 'admin', '2021-10-02 17:33:23', '', NULL, '隐藏菜单');
INSERT INTO `sys_dict_data` VALUES (6, 1, '正常', '0', 'sys_normal_disable', '', 'primary', 'Y', '0', 'admin', '2021-10-02 17:33:23', '', NULL, '正常状态');
INSERT INTO `sys_dict_data` VALUES (7, 2, '停用', '1', 'sys_normal_disable', '', 'danger', 'N', '0', 'admin', '2021-10-02 17:33:23', '', NULL, '停用状态');
INSERT INTO `sys_dict_data` VALUES (8, 1, '正常', '0', 'sys_job_status', '', 'primary', 'Y', '0', 'admin', '2021-10-02 17:33:23', '', NULL, '正常状态');
INSERT INTO `sys_dict_data` VALUES (9, 2, '暂停', '1', 'sys_job_status', '', 'danger', 'N', '0', 'admin', '2021-10-02 17:33:23', '', NULL, '停用状态');
INSERT INTO `sys_dict_data` VALUES (10, 1, '默认', 'DEFAULT', 'sys_job_group', '', '', 'Y', '0', 'admin', '2021-10-02 17:33:23', '', NULL, '默认分组');
INSERT INTO `sys_dict_data` VALUES (11, 2, '系统', 'SYSTEM', 'sys_job_group', '', '', 'N', '0', 'admin', '2021-10-02 17:33:23', '', NULL, '系统分组');
INSERT INTO `sys_dict_data` VALUES (12, 1, '是', 'Y', 'sys_yes_no', '', 'primary', 'Y', '0', 'admin', '2021-10-02 17:33:23', '', NULL, '系统默认是');
INSERT INTO `sys_dict_data` VALUES (13, 2, '否', 'N', 'sys_yes_no', '', 'danger', 'N', '0', 'admin', '2021-10-02 17:33:23', '', NULL, '系统默认否');
INSERT INTO `sys_dict_data` VALUES (14, 1, '通知', '1', 'sys_notice_type', '', 'warning', 'Y', '0', 'admin', '2021-10-02 17:33:23', '', NULL, '通知');
INSERT INTO `sys_dict_data` VALUES (15, 2, '公告', '2', 'sys_notice_type', '', 'success', 'N', '0', 'admin', '2021-10-02 17:33:23', '', NULL, '公告');
INSERT INTO `sys_dict_data` VALUES (16, 1, '正常', '0', 'sys_notice_status', '', 'primary', 'Y', '0', 'admin', '2021-10-02 17:33:23', '', NULL, '正常状态');
INSERT INTO `sys_dict_data` VALUES (17, 2, '关闭', '1', 'sys_notice_status', '', 'danger', 'N', '0', 'admin', '2021-10-02 17:33:23', '', NULL, '关闭状态');
INSERT INTO `sys_dict_data` VALUES (18, 1, '新增', '1', 'sys_oper_type', '', 'info', 'N', '0', 'admin', '2021-10-02 17:33:23', '', NULL, '新增操作');
INSERT INTO `sys_dict_data` VALUES (19, 2, '修改', '2', 'sys_oper_type', '', 'info', 'N', '0', 'admin', '2021-10-02 17:33:23', '', NULL, '修改操作');
INSERT INTO `sys_dict_data` VALUES (20, 3, '删除', '3', 'sys_oper_type', '', 'danger', 'N', '0', 'admin', '2021-10-02 17:33:23', '', NULL, '删除操作');
INSERT INTO `sys_dict_data` VALUES (21, 4, '授权', '4', 'sys_oper_type', '', 'primary', 'N', '0', 'admin', '2021-10-02 17:33:23', '', NULL, '授权操作');
INSERT INTO `sys_dict_data` VALUES (22, 5, '导出', '5', 'sys_oper_type', '', 'warning', 'N', '0', 'admin', '2021-10-02 17:33:23', '', NULL, '导出操作');
INSERT INTO `sys_dict_data` VALUES (23, 6, '导入', '6', 'sys_oper_type', '', 'warning', 'N', '0', 'admin', '2021-10-02 17:33:23', '', NULL, '导入操作');
INSERT INTO `sys_dict_data` VALUES (24, 7, '强退', '7', 'sys_oper_type', '', 'danger', 'N', '0', 'admin', '2021-10-02 17:33:23', '', NULL, '强退操作');
INSERT INTO `sys_dict_data` VALUES (25, 8, '生成代码', '8', 'sys_oper_type', '', 'warning', 'N', '0', 'admin', '2021-10-02 17:33:23', '', NULL, '生成操作');
INSERT INTO `sys_dict_data` VALUES (26, 9, '清空数据', '9', 'sys_oper_type', '', 'danger', 'N', '0', 'admin', '2021-10-02 17:33:23', '', NULL, '清空操作');
INSERT INTO `sys_dict_data` VALUES (27, 1, '成功', '0', 'sys_common_status', '', 'primary', 'N', '0', 'admin', '2021-10-02 17:33:23', '', NULL, '正常状态');
INSERT INTO `sys_dict_data` VALUES (28, 2, '失败', '1', 'sys_common_status', '', 'danger', 'N', '0', 'admin', '2021-10-02 17:33:23', '', NULL, '停用状态');
INSERT INTO `sys_dict_data` VALUES (100, 0, '调休', '1', 'bs_leave_type', NULL, 'default', 'N', '0', 'admin', '2021-10-10 15:22:11', 'admin', '2021-10-10 15:22:11', NULL);
INSERT INTO `sys_dict_data` VALUES (101, 1, '病假', '2', 'bs_leave_type', NULL, 'default', 'N', '0', 'admin', '2021-10-10 15:22:23', 'admin', '2021-10-10 15:22:23', NULL);
INSERT INTO `sys_dict_data` VALUES (102, 2, '年假', '3', 'bs_leave_type', NULL, 'default', 'N', '0', 'admin', '2021-10-10 15:22:36', 'admin', '2021-10-10 15:22:36', NULL);
INSERT INTO `sys_dict_data` VALUES (1481213873019183106, 0, '草稿', 'draft', 'act_status', NULL, 'primary', 'N', '0', 'admin', '2022-01-12 18:38:02', 'admin', '2022-01-12 18:38:56', NULL);
INSERT INTO `sys_dict_data` VALUES (1481214073183952897, 1, '处理中', 'waiting', 'act_status', NULL, 'primary', 'N', '0', 'admin', '2022-01-12 18:38:49', 'admin', '2022-01-12 18:38:49', NULL);
INSERT INTO `sys_dict_data` VALUES (1481214164749803521, 2, '已完成', 'finish', 'act_status', NULL, 'primary', 'N', '0', 'admin', '2022-01-12 18:39:11', 'admin', '2022-01-12 18:39:11', NULL);
INSERT INTO `sys_dict_data` VALUES (1481214235428020225, 3, '已撤回', 'cancel', 'act_status', NULL, 'primary', 'N', '0', 'admin', '2022-01-12 18:39:28', 'admin', '2022-01-12 18:39:28', NULL);
INSERT INTO `sys_dict_data` VALUES (1481214304336240641, 4, '已作废', 'invalid', 'act_status', NULL, 'primary', 'N', '0', 'admin', '2022-01-12 18:39:44', 'admin', '2022-01-12 18:39:44', NULL);
INSERT INTO `sys_dict_data` VALUES (1481214397676281857, 5, '已删除', 'delete', 'act_status', NULL, 'primary', 'N', '0', 'admin', '2022-01-12 18:40:07', 'admin', '2022-01-12 18:40:07', NULL);
INSERT INTO `sys_dict_data` VALUES (1481437244029968385, 6, '已退回', 'back', 'act_status', NULL, 'primary', 'N', '0', 'admin', '2022-01-13 09:25:37', 'admin', '2022-01-13 09:25:37', NULL);
INSERT INTO `sys_dict_data` VALUES (1537766488677691394, 0, '站内信', '1', 'sys_message', NULL, 'primary', 'N', '0', 'admin', '2022-06-17 19:57:56', 'admin', '2022-06-17 19:57:56', NULL);
INSERT INTO `sys_dict_data` VALUES (1537766555945938946, 1, '邮件', '2', 'sys_message', NULL, 'success', 'N', '0', 'admin', '2022-06-17 19:58:12', 'admin', '2022-06-17 19:58:12', NULL);
INSERT INTO `sys_dict_data` VALUES (1537766634446532610, 2, '短信', '3', 'sys_message', NULL, 'info', 'N', '0', 'admin', '2022-06-17 19:58:31', 'admin', '2022-06-17 22:26:50', NULL);
INSERT INTO `sys_dict_data` VALUES (1537800002466955266, 0, '已读', '1', 'read_status', NULL, 'primary', 'N', '0', 'admin', '2022-06-17 22:11:06', 'admin', '2022-06-18 17:54:47', NULL);
INSERT INTO `sys_dict_data` VALUES (1537800099497984001, 1, '未读', '0', 'read_status', NULL, 'danger', 'N', '0', 'admin', '2022-06-17 22:11:29', 'admin', '2022-06-18 17:54:53', NULL);

-- ----------------------------
-- Table structure for sys_dict_item
-- ----------------------------
DROP TABLE IF EXISTS `sys_dict_item`;
CREATE TABLE `sys_dict_item`  (
  `id` varchar(32) CHARACTER SET utf8 COLLATE utf8_general_ci NOT NULL,
  `dict_id` varchar(32) CHARACTER SET utf8 COLLATE utf8_general_ci NULL DEFAULT NULL COMMENT '字典id',
  `item_text` varchar(100) CHARACTER SET utf8 COLLATE utf8_general_ci NULL DEFAULT NULL COMMENT '字典项文本',
  `item_value` varchar(100) CHARACTER SET utf8 COLLATE utf8_general_ci NULL DEFAULT NULL COMMENT '字典项值',
  `description` varchar(255) CHARACTER SET utf8 COLLATE utf8_general_ci NULL DEFAULT NULL COMMENT '描述',
  `sort_order` int(11) NULL DEFAULT NULL COMMENT '排序',
  `status` int(11) NULL DEFAULT NULL COMMENT '状态（1启用 0不启用）',
  `create_by` varchar(32) CHARACTER SET utf8 COLLATE utf8_general_ci NULL DEFAULT NULL,
  `create_time` datetime(0) NULL DEFAULT NULL,
  `update_by` varchar(32) CHARACTER SET utf8 COLLATE utf8_general_ci NULL DEFAULT NULL,
  `update_time` datetime(0) NULL DEFAULT NULL,
  PRIMARY KEY (`id`) USING BTREE,
  INDEX `idx_sdi_role_dict_id`(`dict_id`) USING BTREE,
  INDEX `idx_sdi_role_sort_order`(`sort_order`) USING BTREE,
  INDEX `idx_sdi_status`(`status`) USING BTREE,
  INDEX `idx_sdi_dict_val`(`dict_id`, `item_value`) USING BTREE
) ENGINE = InnoDB CHARACTER SET = utf8 COLLATE = utf8_general_ci ROW_FORMAT = Compact;

-- ----------------------------
-- Table structure for sys_dict_type
-- ----------------------------
DROP TABLE IF EXISTS `sys_dict_type`;
CREATE TABLE `sys_dict_type`  (
  `dict_id` bigint(20) NOT NULL COMMENT '字典主键',
  `dict_name` varchar(100) CHARACTER SET utf8mb4 COLLATE utf8mb4_general_ci NULL DEFAULT '' COMMENT '字典名称',
  `dict_type` varchar(100) CHARACTER SET utf8mb4 COLLATE utf8mb4_general_ci NULL DEFAULT '' COMMENT '字典类型',
  `status` char(1) CHARACTER SET utf8mb4 COLLATE utf8mb4_general_ci NULL DEFAULT '0' COMMENT '状态（0正常 1停用）',
  `create_by` varchar(64) CHARACTER SET utf8mb4 COLLATE utf8mb4_general_ci NULL DEFAULT '' COMMENT '创建者',
  `create_time` datetime(0) NULL DEFAULT NULL COMMENT '创建时间',
  `update_by` varchar(64) CHARACTER SET utf8mb4 COLLATE utf8mb4_general_ci NULL DEFAULT '' COMMENT '更新者',
  `update_time` datetime(0) NULL DEFAULT NULL COMMENT '更新时间',
  `remark` varchar(500) CHARACTER SET utf8mb4 COLLATE utf8mb4_general_ci NULL DEFAULT NULL COMMENT '备注',
  PRIMARY KEY (`dict_id`) USING BTREE,
  UNIQUE INDEX `dict_type`(`dict_type`) USING BTREE
) ENGINE = InnoDB CHARACTER SET = utf8mb4 COLLATE = utf8mb4_general_ci COMMENT = '字典类型表' ROW_FORMAT = Dynamic;

-- ----------------------------
-- Records of sys_dict_type
-- ----------------------------
INSERT INTO `sys_dict_type` VALUES (1, '用户性别', 'sys_user_sex', '0', 'admin', '2021-10-02 17:33:22', '', NULL, '用户性别列表');
INSERT INTO `sys_dict_type` VALUES (2, '菜单状态', 'sys_show_hide', '0', 'admin', '2021-10-02 17:33:22', '', NULL, '菜单状态列表');
INSERT INTO `sys_dict_type` VALUES (3, '系统开关', 'sys_normal_disable', '0', 'admin', '2021-10-02 17:33:22', '', NULL, '系统开关列表');
INSERT INTO `sys_dict_type` VALUES (4, '任务状态', 'sys_job_status', '0', 'admin', '2021-10-02 17:33:22', '', NULL, '任务状态列表');
INSERT INTO `sys_dict_type` VALUES (5, '任务分组', 'sys_job_group', '0', 'admin', '2021-10-02 17:33:22', '', NULL, '任务分组列表');
INSERT INTO `sys_dict_type` VALUES (6, '系统是否', 'sys_yes_no', '0', 'admin', '2021-10-02 17:33:22', '', NULL, '系统是否列表');
INSERT INTO `sys_dict_type` VALUES (7, '通知类型', 'sys_notice_type', '0', 'admin', '2021-10-02 17:33:22', '', NULL, '通知类型列表');
INSERT INTO `sys_dict_type` VALUES (8, '通知状态', 'sys_notice_status', '0', 'admin', '2021-10-02 17:33:22', '', NULL, '通知状态列表');
INSERT INTO `sys_dict_type` VALUES (9, '操作类型', 'sys_oper_type', '0', 'admin', '2021-10-02 17:33:22', '', NULL, '操作类型列表');
INSERT INTO `sys_dict_type` VALUES (10, '系统状态', 'sys_common_status', '0', 'admin', '2021-10-02 17:33:23', '', NULL, '登录状态列表');
INSERT INTO `sys_dict_type` VALUES (100, '请假类型', 'bs_leave_type', '0', 'admin', '2021-10-10 15:21:36', 'admin', '2021-10-10 15:21:36', '请假类型列表');
INSERT INTO `sys_dict_type` VALUES (1481213675350024193, '流程状态', 'act_status', '0', 'admin', '2022-01-12 18:37:14', 'admin', '2022-01-12 18:37:14', '流程状态列表');
INSERT INTO `sys_dict_type` VALUES (1537766261421912066, '消息类型', 'sys_message', '0', 'admin', '2022-06-17 19:57:02', 'admin', '2022-06-17 19:57:02', '消息类型列表');
INSERT INTO `sys_dict_type` VALUES (1537799829238005761, '站内信阅读状态', 'read_status', '0', 'admin', '2022-06-17 22:10:25', 'admin', '2022-06-17 22:10:36', '站内信阅读状态列表');

-- ----------------------------
-- Table structure for sys_logininfor
-- ----------------------------
DROP TABLE IF EXISTS `sys_logininfor`;
CREATE TABLE `sys_logininfor`  (
  `info_id` bigint(20) NOT NULL COMMENT '访问ID',
  `user_name` varchar(50) CHARACTER SET utf8mb4 COLLATE utf8mb4_general_ci NULL DEFAULT '' COMMENT '用户账号',
  `ipaddr` varchar(128) CHARACTER SET utf8mb4 COLLATE utf8mb4_general_ci NULL DEFAULT '' COMMENT '登录IP地址',
  `login_location` varchar(255) CHARACTER SET utf8mb4 COLLATE utf8mb4_general_ci NULL DEFAULT '' COMMENT '登录地点',
  `browser` varchar(50) CHARACTER SET utf8mb4 COLLATE utf8mb4_general_ci NULL DEFAULT '' COMMENT '浏览器类型',
  `os` varchar(50) CHARACTER SET utf8mb4 COLLATE utf8mb4_general_ci NULL DEFAULT '' COMMENT '操作系统',
  `status` char(1) CHARACTER SET utf8mb4 COLLATE utf8mb4_general_ci NULL DEFAULT '0' COMMENT '登录状态（0成功 1失败）',
  `msg` varchar(255) CHARACTER SET utf8mb4 COLLATE utf8mb4_general_ci NULL DEFAULT '' COMMENT '提示消息',
  `login_time` datetime(0) NULL DEFAULT NULL COMMENT '访问时间',
  PRIMARY KEY (`info_id`) USING BTREE
) ENGINE = InnoDB CHARACTER SET = utf8mb4 COLLATE = utf8mb4_general_ci COMMENT = '系统访问记录' ROW_FORMAT = Dynamic;

-- ----------------------------
-- Table structure for sys_menu
-- ----------------------------
DROP TABLE IF EXISTS `sys_menu`;
CREATE TABLE `sys_menu`  (
  `menu_id` bigint(20) NOT NULL COMMENT '菜单ID',
  `menu_name` varchar(50) CHARACTER SET utf8mb4 COLLATE utf8mb4_general_ci NOT NULL COMMENT '菜单名称',
  `parent_id` bigint(20) NULL DEFAULT 0 COMMENT '父菜单ID',
  `order_num` int(4) NULL DEFAULT 0 COMMENT '显示顺序',
  `path` varchar(200) CHARACTER SET utf8mb4 COLLATE utf8mb4_general_ci NULL DEFAULT '' COMMENT '路由地址',
  `component` varchar(255) CHARACTER SET utf8mb4 COLLATE utf8mb4_general_ci NULL DEFAULT NULL COMMENT '组件路径',
  `query_param` varchar(255) CHARACTER SET utf8mb4 COLLATE utf8mb4_general_ci NULL DEFAULT NULL COMMENT '路由参数',
  `is_frame` int(1) NULL DEFAULT 1 COMMENT '是否为外链（0是 1否）',
  `is_cache` int(1) NULL DEFAULT 0 COMMENT '是否缓存（0缓存 1不缓存）',
  `menu_type` char(1) CHARACTER SET utf8mb4 COLLATE utf8mb4_general_ci NULL DEFAULT '' COMMENT '菜单类型（M目录 C菜单 F按钮）',
  `visible` char(1) CHARACTER SET utf8mb4 COLLATE utf8mb4_general_ci NULL DEFAULT '0' COMMENT '菜单状态（0显示 1隐藏）',
  `status` char(1) CHARACTER SET utf8mb4 COLLATE utf8mb4_general_ci NULL DEFAULT '0' COMMENT '菜单状态（0正常 1停用）',
  `perms` varchar(100) CHARACTER SET utf8mb4 COLLATE utf8mb4_general_ci NULL DEFAULT NULL COMMENT '权限标识',
  `icon` varchar(100) CHARACTER SET utf8mb4 COLLATE utf8mb4_general_ci NULL DEFAULT '#' COMMENT '菜单图标',
  `create_by` varchar(64) CHARACTER SET utf8mb4 COLLATE utf8mb4_general_ci NULL DEFAULT '' COMMENT '创建者',
  `create_time` datetime(0) NULL DEFAULT NULL COMMENT '创建时间',
  `update_by` varchar(64) CHARACTER SET utf8mb4 COLLATE utf8mb4_general_ci NULL DEFAULT '' COMMENT '更新者',
  `update_time` datetime(0) NULL DEFAULT NULL COMMENT '更新时间',
  `remark` varchar(500) CHARACTER SET utf8mb4 COLLATE utf8mb4_general_ci NULL DEFAULT '' COMMENT '备注',
  PRIMARY KEY (`menu_id`) USING BTREE
) ENGINE = InnoDB CHARACTER SET = utf8mb4 COLLATE = utf8mb4_general_ci COMMENT = '菜单权限表' ROW_FORMAT = Dynamic;

-- ----------------------------
-- Records of sys_menu
-- ----------------------------
INSERT INTO `sys_menu` VALUES (1, '系统管理', 0, 1, 'system', NULL, '', 1, 0, 'M', '0', '0', '', 'system', 'admin', '2022-02-18 17:32:38', '', NULL, '系统管理目录');
INSERT INTO `sys_menu` VALUES (2, '系统监控', 0, 2, 'monitor', NULL, '', 1, 0, 'M', '0', '0', '', 'monitor', 'admin', '2022-02-18 17:32:38', '', NULL, '系统监控目录');
INSERT INTO `sys_menu` VALUES (3, '系统工具', 0, 3, 'tool', NULL, '', 1, 0, 'M', '0', '0', '', 'tool', 'admin', '2022-02-18 17:32:38', '', NULL, '系统工具目录');
INSERT INTO `sys_menu` VALUES (4, 'PLUS官网', 0, 4, 'https://gitee.com/sgs98/RuoYi-Vue-Plus-Activiti', NULL, '', 0, 0, 'M', '0', '0', '', 'guide', 'admin', '2022-02-18 17:32:38', 'admin', '2022-05-28 17:44:31', 'RuoYi-Vue-Plus官网地址');
INSERT INTO `sys_menu` VALUES (5, '测试菜单', 0, 5, 'demo', NULL, NULL, 1, 0, 'M', '0', '0', NULL, 'star', 'admin', '2021-05-30 00:34:26', NULL, NULL, '');
INSERT INTO `sys_menu` VALUES (100, '用户管理', 1, 1, 'user', 'system/user/index', '', 1, 0, 'C', '0', '0', 'system:user:list', 'user', 'admin', '2022-02-18 17:32:38', '', NULL, '用户管理菜单');
INSERT INTO `sys_menu` VALUES (101, '角色管理', 1, 2, 'role', 'system/role/index', '', 1, 0, 'C', '0', '0', 'system:role:list', 'peoples', 'admin', '2022-02-18 17:32:38', '', NULL, '角色管理菜单');
INSERT INTO `sys_menu` VALUES (102, '菜单管理', 1, 3, 'menu', 'system/menu/index', '', 1, 0, 'C', '0', '0', 'system:menu:list', 'tree-table', 'admin', '2022-02-18 17:32:38', '', NULL, '菜单管理菜单');
INSERT INTO `sys_menu` VALUES (103, '部门管理', 1, 4, 'dept', 'system/dept/index', '', 1, 0, 'C', '0', '0', 'system:dept:list', 'tree', 'admin', '2022-02-18 17:32:38', '', NULL, '部门管理菜单');
INSERT INTO `sys_menu` VALUES (104, '岗位管理', 1, 5, 'post', 'system/post/index', '', 1, 0, 'C', '0', '0', 'system:post:list', 'post', 'admin', '2022-02-18 17:32:38', '', NULL, '岗位管理菜单');
INSERT INTO `sys_menu` VALUES (105, '字典管理', 1, 6, 'dict', 'system/dict/index', '', 1, 0, 'C', '0', '0', 'system:dict:list', 'dict', 'admin', '2022-02-18 17:32:38', '', NULL, '字典管理菜单');
INSERT INTO `sys_menu` VALUES (106, '参数设置', 1, 7, 'config', 'system/config/index', '', 1, 0, 'C', '0', '0', 'system:config:list', 'edit', 'admin', '2022-02-18 17:32:38', '', NULL, '参数设置菜单');
INSERT INTO `sys_menu` VALUES (107, '通知公告', 1, 8, 'notice', 'system/notice/index', '', 1, 0, 'C', '0', '0', 'system:notice:list', 'message', 'admin', '2022-02-18 17:32:38', '', NULL, '通知公告菜单');
INSERT INTO `sys_menu` VALUES (108, '日志管理', 1, 9, 'log', '', '', 1, 0, 'M', '0', '0', '', 'log', 'admin', '2022-02-18 17:32:38', '', NULL, '日志管理菜单');
INSERT INTO `sys_menu` VALUES (109, '在线用户', 2, 1, 'online', 'monitor/online/index', '', 1, 0, 'C', '0', '0', 'monitor:online:list', 'online', 'admin', '2022-02-18 17:32:38', '', NULL, '在线用户菜单');
INSERT INTO `sys_menu` VALUES (111, '数据监控', 2, 3, 'druid', 'monitor/druid/index', '', 1, 0, 'C', '0', '0', 'monitor:druid:list', 'druid', 'admin', '2022-02-18 17:32:38', '', NULL, '数据监控菜单');
INSERT INTO `sys_menu` VALUES (113, '缓存监控', 2, 5, 'cache', 'monitor/cache/index', '', 1, 0, 'C', '0', '0', 'monitor:cache:list', 'redis', 'admin', '2022-02-18 17:32:38', '', NULL, '缓存监控菜单');
INSERT INTO `sys_menu` VALUES (114, '表单构建', 3, 1, 'build', 'tool/build/index', '', 1, 0, 'C', '0', '0', 'tool:build:list', 'build', 'admin', '2022-02-18 17:32:38', '', NULL, '表单构建菜单');
INSERT INTO `sys_menu` VALUES (115, '代码生成', 3, 2, 'gen', 'tool/gen/index', '', 1, 0, 'C', '0', '0', 'tool:gen:list', 'code', 'admin', '2022-02-18 17:32:38', '', NULL, '代码生成菜单');
INSERT INTO `sys_menu` VALUES (116, '系统接口', 3, 3, 'swagger', 'tool/swagger/index', '', 1, 0, 'C', '0', '0', 'tool:swagger:list', 'swagger', 'admin', '2022-02-18 17:32:38', '', NULL, '系统接口菜单');
INSERT INTO `sys_menu` VALUES (117, 'Admin监控', 2, 5, 'Admin', 'monitor/admin/index', '', 1, 0, 'C', '0', '0', 'monitor:admin:list', 'dashboard', 'admin', '2022-02-18 17:32:38', '', NULL, 'Admin监控菜单');
INSERT INTO `sys_menu` VALUES (118, '文件管理', 1, 10, 'oss', 'system/oss/index', '', 1, 0, 'C', '0', '0', 'system:oss:list', 'upload', 'admin', '2022-02-18 17:32:38', '', NULL, '文件管理菜单');
INSERT INTO `sys_menu` VALUES (120, '任务调度中心', 2, 5, 'XxlJob', 'monitor/xxljob/index', '', 1, 0, 'C', '0', '0', 'monitor:xxljob:list', 'job', 'admin', '2022-02-18 17:32:38', '', NULL, 'Xxl-Job控制台菜单');
INSERT INTO `sys_menu` VALUES (500, '操作日志', 108, 1, 'operlog', 'monitor/operlog/index', '', 1, 0, 'C', '0', '0', 'monitor:operlog:list', 'form', 'admin', '2022-02-18 17:32:38', '', NULL, '操作日志菜单');
INSERT INTO `sys_menu` VALUES (501, '登录日志', 108, 2, 'logininfor', 'monitor/logininfor/index', '', 1, 0, 'C', '0', '0', 'monitor:logininfor:list', 'logininfor', 'admin', '2022-02-18 17:32:38', '', NULL, '登录日志菜单');
INSERT INTO `sys_menu` VALUES (1001, '用户查询', 100, 1, '', '', '', 1, 0, 'F', '0', '0', 'system:user:query', '#', 'admin', '2022-02-18 17:32:38', '', NULL, '');
INSERT INTO `sys_menu` VALUES (1002, '用户新增', 100, 2, '', '', '', 1, 0, 'F', '0', '0', 'system:user:add', '#', 'admin', '2022-02-18 17:32:38', '', NULL, '');
INSERT INTO `sys_menu` VALUES (1003, '用户修改', 100, 3, '', '', '', 1, 0, 'F', '0', '0', 'system:user:edit', '#', 'admin', '2022-02-18 17:32:38', '', NULL, '');
INSERT INTO `sys_menu` VALUES (1004, '用户删除', 100, 4, '', '', '', 1, 0, 'F', '0', '0', 'system:user:remove', '#', 'admin', '2022-02-18 17:32:38', '', NULL, '');
INSERT INTO `sys_menu` VALUES (1005, '用户导出', 100, 5, '', '', '', 1, 0, 'F', '0', '0', 'system:user:export', '#', 'admin', '2022-02-18 17:32:38', '', NULL, '');
INSERT INTO `sys_menu` VALUES (1006, '用户导入', 100, 6, '', '', '', 1, 0, 'F', '0', '0', 'system:user:import', '#', 'admin', '2022-02-18 17:32:38', '', NULL, '');
INSERT INTO `sys_menu` VALUES (1007, '重置密码', 100, 7, '', '', '', 1, 0, 'F', '0', '0', 'system:user:resetPwd', '#', 'admin', '2022-02-18 17:32:38', '', NULL, '');
INSERT INTO `sys_menu` VALUES (1008, '角色查询', 101, 1, '', '', '', 1, 0, 'F', '0', '0', 'system:role:query', '#', 'admin', '2022-02-18 17:32:38', '', NULL, '');
INSERT INTO `sys_menu` VALUES (1009, '角色新增', 101, 2, '', '', '', 1, 0, 'F', '0', '0', 'system:role:add', '#', 'admin', '2022-02-18 17:32:38', '', NULL, '');
INSERT INTO `sys_menu` VALUES (1010, '角色修改', 101, 3, '', '', '', 1, 0, 'F', '0', '0', 'system:role:edit', '#', 'admin', '2022-02-18 17:32:38', '', NULL, '');
INSERT INTO `sys_menu` VALUES (1011, '角色删除', 101, 4, '', '', '', 1, 0, 'F', '0', '0', 'system:role:remove', '#', 'admin', '2022-02-18 17:32:38', '', NULL, '');
INSERT INTO `sys_menu` VALUES (1012, '角色导出', 101, 5, '', '', '', 1, 0, 'F', '0', '0', 'system:role:export', '#', 'admin', '2022-02-18 17:32:38', '', NULL, '');
INSERT INTO `sys_menu` VALUES (1013, '菜单查询', 102, 1, '', '', '', 1, 0, 'F', '0', '0', 'system:menu:query', '#', 'admin', '2022-02-18 17:32:38', '', NULL, '');
INSERT INTO `sys_menu` VALUES (1014, '菜单新增', 102, 2, '', '', '', 1, 0, 'F', '0', '0', 'system:menu:add', '#', 'admin', '2022-02-18 17:32:38', '', NULL, '');
INSERT INTO `sys_menu` VALUES (1015, '菜单修改', 102, 3, '', '', '', 1, 0, 'F', '0', '0', 'system:menu:edit', '#', 'admin', '2022-02-18 17:32:38', '', NULL, '');
INSERT INTO `sys_menu` VALUES (1016, '菜单删除', 102, 4, '', '', '', 1, 0, 'F', '0', '0', 'system:menu:remove', '#', 'admin', '2022-02-18 17:32:38', '', NULL, '');
INSERT INTO `sys_menu` VALUES (1017, '部门查询', 103, 1, '', '', '', 1, 0, 'F', '0', '0', 'system:dept:query', '#', 'admin', '2022-02-18 17:32:38', '', NULL, '');
INSERT INTO `sys_menu` VALUES (1018, '部门新增', 103, 2, '', '', '', 1, 0, 'F', '0', '0', 'system:dept:add', '#', 'admin', '2022-02-18 17:32:38', '', NULL, '');
INSERT INTO `sys_menu` VALUES (1019, '部门修改', 103, 3, '', '', '', 1, 0, 'F', '0', '0', 'system:dept:edit', '#', 'admin', '2022-02-18 17:32:38', '', NULL, '');
INSERT INTO `sys_menu` VALUES (1020, '部门删除', 103, 4, '', '', '', 1, 0, 'F', '0', '0', 'system:dept:remove', '#', 'admin', '2022-02-18 17:32:38', '', NULL, '');
INSERT INTO `sys_menu` VALUES (1021, '岗位查询', 104, 1, '', '', '', 1, 0, 'F', '0', '0', 'system:post:query', '#', 'admin', '2022-02-18 17:32:38', '', NULL, '');
INSERT INTO `sys_menu` VALUES (1022, '岗位新增', 104, 2, '', '', '', 1, 0, 'F', '0', '0', 'system:post:add', '#', 'admin', '2022-02-18 17:32:38', '', NULL, '');
INSERT INTO `sys_menu` VALUES (1023, '岗位修改', 104, 3, '', '', '', 1, 0, 'F', '0', '0', 'system:post:edit', '#', 'admin', '2022-02-18 17:32:38', '', NULL, '');
INSERT INTO `sys_menu` VALUES (1024, '岗位删除', 104, 4, '', '', '', 1, 0, 'F', '0', '0', 'system:post:remove', '#', 'admin', '2022-02-18 17:32:38', '', NULL, '');
INSERT INTO `sys_menu` VALUES (1025, '岗位导出', 104, 5, '', '', '', 1, 0, 'F', '0', '0', 'system:post:export', '#', 'admin', '2022-02-18 17:32:38', '', NULL, '');
INSERT INTO `sys_menu` VALUES (1026, '字典查询', 105, 1, '#', '', '', 1, 0, 'F', '0', '0', 'system:dict:query', '#', 'admin', '2022-02-18 17:32:38', '', NULL, '');
INSERT INTO `sys_menu` VALUES (1027, '字典新增', 105, 2, '#', '', '', 1, 0, 'F', '0', '0', 'system:dict:add', '#', 'admin', '2022-02-18 17:32:38', '', NULL, '');
INSERT INTO `sys_menu` VALUES (1028, '字典修改', 105, 3, '#', '', '', 1, 0, 'F', '0', '0', 'system:dict:edit', '#', 'admin', '2022-02-18 17:32:38', '', NULL, '');
INSERT INTO `sys_menu` VALUES (1029, '字典删除', 105, 4, '#', '', '', 1, 0, 'F', '0', '0', 'system:dict:remove', '#', 'admin', '2022-02-18 17:32:38', '', NULL, '');
INSERT INTO `sys_menu` VALUES (1030, '字典导出', 105, 5, '#', '', '', 1, 0, 'F', '0', '0', 'system:dict:export', '#', 'admin', '2022-02-18 17:32:38', '', NULL, '');
INSERT INTO `sys_menu` VALUES (1031, '参数查询', 106, 1, '#', '', '', 1, 0, 'F', '0', '0', 'system:config:query', '#', 'admin', '2022-02-18 17:32:38', '', NULL, '');
INSERT INTO `sys_menu` VALUES (1032, '参数新增', 106, 2, '#', '', '', 1, 0, 'F', '0', '0', 'system:config:add', '#', 'admin', '2022-02-18 17:32:38', '', NULL, '');
INSERT INTO `sys_menu` VALUES (1033, '参数修改', 106, 3, '#', '', '', 1, 0, 'F', '0', '0', 'system:config:edit', '#', 'admin', '2022-02-18 17:32:38', '', NULL, '');
INSERT INTO `sys_menu` VALUES (1034, '参数删除', 106, 4, '#', '', '', 1, 0, 'F', '0', '0', 'system:config:remove', '#', 'admin', '2022-02-18 17:32:38', '', NULL, '');
INSERT INTO `sys_menu` VALUES (1035, '参数导出', 106, 5, '#', '', '', 1, 0, 'F', '0', '0', 'system:config:export', '#', 'admin', '2022-02-18 17:32:38', '', NULL, '');
INSERT INTO `sys_menu` VALUES (1036, '公告查询', 107, 1, '#', '', '', 1, 0, 'F', '0', '0', 'system:notice:query', '#', 'admin', '2022-02-18 17:32:38', '', NULL, '');
INSERT INTO `sys_menu` VALUES (1037, '公告新增', 107, 2, '#', '', '', 1, 0, 'F', '0', '0', 'system:notice:add', '#', 'admin', '2022-02-18 17:32:38', '', NULL, '');
INSERT INTO `sys_menu` VALUES (1038, '公告修改', 107, 3, '#', '', '', 1, 0, 'F', '0', '0', 'system:notice:edit', '#', 'admin', '2022-02-18 17:32:38', '', NULL, '');
INSERT INTO `sys_menu` VALUES (1039, '公告删除', 107, 4, '#', '', '', 1, 0, 'F', '0', '0', 'system:notice:remove', '#', 'admin', '2022-02-18 17:32:38', '', NULL, '');
INSERT INTO `sys_menu` VALUES (1040, '操作查询', 500, 1, '#', '', '', 1, 0, 'F', '0', '0', 'monitor:operlog:query', '#', 'admin', '2022-02-18 17:32:38', '', NULL, '');
INSERT INTO `sys_menu` VALUES (1041, '操作删除', 500, 2, '#', '', '', 1, 0, 'F', '0', '0', 'monitor:operlog:remove', '#', 'admin', '2022-02-18 17:32:38', '', NULL, '');
INSERT INTO `sys_menu` VALUES (1042, '日志导出', 500, 4, '#', '', '', 1, 0, 'F', '0', '0', 'monitor:operlog:export', '#', 'admin', '2022-02-18 17:32:38', '', NULL, '');
INSERT INTO `sys_menu` VALUES (1043, '登录查询', 501, 1, '#', '', '', 1, 0, 'F', '0', '0', 'monitor:logininfor:query', '#', 'admin', '2022-02-18 17:32:38', '', NULL, '');
INSERT INTO `sys_menu` VALUES (1044, '登录删除', 501, 2, '#', '', '', 1, 0, 'F', '0', '0', 'monitor:logininfor:remove', '#', 'admin', '2022-02-18 17:32:38', '', NULL, '');
INSERT INTO `sys_menu` VALUES (1045, '日志导出', 501, 3, '#', '', '', 1, 0, 'F', '0', '0', 'monitor:logininfor:export', '#', 'admin', '2022-02-18 17:32:38', '', NULL, '');
INSERT INTO `sys_menu` VALUES (1046, '在线查询', 109, 1, '#', '', '', 1, 0, 'F', '0', '0', 'monitor:online:query', '#', 'admin', '2022-02-18 17:32:38', '', NULL, '');
INSERT INTO `sys_menu` VALUES (1047, '批量强退', 109, 2, '#', '', '', 1, 0, 'F', '0', '0', 'monitor:online:batchLogout', '#', 'admin', '2022-02-18 17:32:38', '', NULL, '');
INSERT INTO `sys_menu` VALUES (1048, '单条强退', 109, 3, '#', '', '', 1, 0, 'F', '0', '0', 'monitor:online:forceLogout', '#', 'admin', '2022-02-18 17:32:38', '', NULL, '');
INSERT INTO `sys_menu` VALUES (1055, '生成查询', 115, 1, '#', '', '', 1, 0, 'F', '0', '0', 'tool:gen:query', '#', 'admin', '2022-02-18 17:32:38', '', NULL, '');
INSERT INTO `sys_menu` VALUES (1056, '生成修改', 115, 2, '#', '', '', 1, 0, 'F', '0', '0', 'tool:gen:edit', '#', 'admin', '2022-02-18 17:32:38', '', NULL, '');
INSERT INTO `sys_menu` VALUES (1057, '生成删除', 115, 3, '#', '', '', 1, 0, 'F', '0', '0', 'tool:gen:remove', '#', 'admin', '2022-02-18 17:32:38', '', NULL, '');
INSERT INTO `sys_menu` VALUES (1058, '导入代码', 115, 2, '#', '', '', 1, 0, 'F', '0', '0', 'tool:gen:import', '#', 'admin', '2022-02-18 17:32:38', '', NULL, '');
INSERT INTO `sys_menu` VALUES (1059, '预览代码', 115, 4, '#', '', '', 1, 0, 'F', '0', '0', 'tool:gen:preview', '#', 'admin', '2022-02-18 17:32:38', '', NULL, '');
INSERT INTO `sys_menu` VALUES (1060, '生成代码', 115, 5, '#', '', '', 1, 0, 'F', '0', '0', 'tool:gen:code', '#', 'admin', '2022-02-18 17:32:38', '', NULL, '');
INSERT INTO `sys_menu` VALUES (1500, '测试单表', 5, 1, 'demo', 'demo/demo/index', NULL, 1, 0, 'C', '0', '0', 'demo:demo:list', '#', 'admin', '2021-05-30 00:39:23', '', NULL, '测试单表菜单');
INSERT INTO `sys_menu` VALUES (1501, '测试单表查询', 1500, 1, '#', '', NULL, 1, 0, 'F', '0', '0', 'demo:demo:query', '#', 'admin', '2021-05-30 00:39:23', '', NULL, '');
INSERT INTO `sys_menu` VALUES (1502, '测试单表新增', 1500, 2, '#', '', NULL, 1, 0, 'F', '0', '0', 'demo:demo:add', '#', 'admin', '2021-05-30 00:39:23', '', NULL, '');
INSERT INTO `sys_menu` VALUES (1503, '测试单表修改', 1500, 3, '#', '', NULL, 1, 0, 'F', '0', '0', 'demo:demo:edit', '#', 'admin', '2021-05-30 00:39:23', '', NULL, '');
INSERT INTO `sys_menu` VALUES (1504, '测试单表删除', 1500, 4, '#', '', NULL, 1, 0, 'F', '0', '0', 'demo:demo:remove', '#', 'admin', '2021-05-30 00:39:23', '', NULL, '');
INSERT INTO `sys_menu` VALUES (1505, '测试单表导出', 1500, 5, '#', '', NULL, 1, 0, 'F', '0', '0', 'demo:demo:export', '#', 'admin', '2021-05-30 00:39:23', '', NULL, '');
INSERT INTO `sys_menu` VALUES (1506, '测试树表', 5, 1, 'tree', 'demo/tree/index', NULL, 1, 0, 'C', '0', '0', 'demo:tree:list', '#', 'admin', '2021-05-30 00:39:30', '', NULL, '测试树表菜单');
INSERT INTO `sys_menu` VALUES (1507, '测试树表查询', 1506, 1, '#', '', NULL, 1, 0, 'F', '0', '0', 'demo:tree:query', '#', 'admin', '2021-05-30 00:39:30', '', NULL, '');
INSERT INTO `sys_menu` VALUES (1508, '测试树表新增', 1506, 2, '#', '', NULL, 1, 0, 'F', '0', '0', 'demo:tree:add', '#', 'admin', '2021-05-30 00:39:30', '', NULL, '');
INSERT INTO `sys_menu` VALUES (1509, '测试树表修改', 1506, 3, '#', '', NULL, 1, 0, 'F', '0', '0', 'demo:tree:edit', '#', 'admin', '2021-05-30 00:39:30', '', NULL, '');
INSERT INTO `sys_menu` VALUES (1510, '测试树表删除', 1506, 4, '#', '', NULL, 1, 0, 'F', '0', '0', 'demo:tree:remove', '#', 'admin', '2021-05-30 00:39:30', '', NULL, '');
INSERT INTO `sys_menu` VALUES (1511, '测试树表导出', 1506, 5, '#', '', NULL, 1, 0, 'F', '0', '0', 'demo:tree:export', '#', 'admin', '2021-05-30 00:39:30', '', NULL, '');
INSERT INTO `sys_menu` VALUES (1600, '文件查询', 118, 1, '#', '', '', 1, 0, 'F', '0', '0', 'system:oss:query', '#', 'admin', '2022-02-18 17:32:38', '', NULL, '');
INSERT INTO `sys_menu` VALUES (1601, '文件上传', 118, 2, '#', '', '', 1, 0, 'F', '0', '0', 'system:oss:upload', '#', 'admin', '2022-02-18 17:32:38', '', NULL, '');
INSERT INTO `sys_menu` VALUES (1602, '文件下载', 118, 3, '#', '', '', 1, 0, 'F', '0', '0', 'system:oss:download', '#', 'admin', '2022-02-18 17:32:38', '', NULL, '');
INSERT INTO `sys_menu` VALUES (1603, '文件删除', 118, 4, '#', '', '', 1, 0, 'F', '0', '0', 'system:oss:remove', '#', 'admin', '2022-02-18 17:32:38', '', NULL, '');
INSERT INTO `sys_menu` VALUES (1604, '配置添加', 118, 5, '#', '', '', 1, 0, 'F', '0', '0', 'system:oss:add', '#', 'admin', '2022-02-18 17:32:38', '', NULL, '');
INSERT INTO `sys_menu` VALUES (1605, '配置编辑', 118, 6, '#', '', '', 1, 0, 'F', '0', '0', 'system:oss:edit', '#', 'admin', '2022-02-18 17:32:38', '', NULL, '');
INSERT INTO `sys_menu` VALUES (2000, '工作流', 0, 6, 'workflow', '', NULL, 1, 0, 'M', '0', '0', NULL, 'tree-table', 'admin', '2021-10-05 18:22:30', 'admin', '2021-10-23 14:31:30', '');
INSERT INTO `sys_menu` VALUES (2001, '模型管理', 2000, 1, 'model', 'workflow/model/index', NULL, 1, 0, 'C', '0', '0', 'workflow:model:list', 'build', 'admin', '2021-10-05 18:23:36', 'admin', '2021-10-05 19:02:08', '');
INSERT INTO `sys_menu` VALUES (2002, '流程定义', 2000, 2, 'definition', 'workflow/definition/index', NULL, 1, 1, 'C', '0', '0', NULL, 'build', 'admin', '2021-10-07 12:15:19', 'admin', '2022-04-03 11:57:10', '');
INSERT INTO `sys_menu` VALUES (2003, '请假业务', 5, 1, 'leave', 'demo/leave/index', NULL, 1, 1, 'C', '0', '0', 'demo:leave:list', '#', 'admin', '2021-10-10 12:04:10', 'admin', '2022-03-26 15:25:54', '请假业务菜单');
INSERT INTO `sys_menu` VALUES (2004, '请假业务查询', 2003, 1, '#', '', NULL, 1, 0, 'F', '0', '0', 'demo:leave:query', '#', 'admin', '2021-10-10 12:04:10', '', NULL, '');
INSERT INTO `sys_menu` VALUES (2005, '请假业务新增', 2003, 2, '#', '', NULL, 1, 0, 'F', '0', '0', 'demo:leave:add', '#', 'admin', '2021-10-10 12:04:10', '', NULL, '');
INSERT INTO `sys_menu` VALUES (2006, '请假业务修改', 2003, 3, '#', '', NULL, 1, 0, 'F', '0', '0', 'demo:leave:edit', '#', 'admin', '2021-10-10 12:04:10', '', NULL, '');
INSERT INTO `sys_menu` VALUES (2007, '请假业务删除', 2003, 4, '#', '', NULL, 1, 0, 'F', '0', '0', 'demo:leave:remove', '#', 'admin', '2021-10-10 12:04:10', '', NULL, '');
INSERT INTO `sys_menu` VALUES (2008, '请假业务导出', 2003, 5, '#', '', NULL, 1, 0, 'F', '0', '0', 'demo:leave:export', '#', 'admin', '2021-10-10 12:04:10', '', NULL, '');
INSERT INTO `sys_menu` VALUES (2009, '运行中实例', 2000, 3, 'instacneRunning', 'workflow/instance/running', NULL, 1, 0, 'C', '0', '0', NULL, 'build', 'admin', '2021-10-16 20:33:59', 'admin', '2021-11-06 01:20:25', '');
INSERT INTO `sys_menu` VALUES (2010, '待办任务', 2000, 5, 'taskWaiting', 'workflow/task/waiting', NULL, 1, 0, 'C', '0', '0', NULL, 'build', 'admin', '2021-10-17 16:12:12', 'admin', '2021-11-06 01:18:29', '');
INSERT INTO `sys_menu` VALUES (2011, '已完成实例', 2000, 4, 'instanceFinish', 'workflow/instance/finish', NULL, 1, 0, 'C', '0', '0', NULL, 'build', 'admin', '2021-10-23 14:30:54', 'admin', '2021-11-06 01:19:49', '');
INSERT INTO `sys_menu` VALUES (2012, '已办任务', 2000, 6, 'taskFinish', 'workflow/task/finish', NULL, 1, 0, 'C', '0', '0', NULL, 'build', 'admin', '2021-10-23 15:16:59', 'admin', '2021-10-23 15:16:59', '');
INSERT INTO `sys_menu` VALUES (1494925781048545281, '个人待办', 0, 7, 'workflowPersonal', NULL, NULL, 1, 0, 'M', '0', '0', NULL, 'build', 'admin', '2022-02-19 14:44:15', 'admin', '2022-02-19 14:44:15', '');
INSERT INTO `sys_menu` VALUES (1494926258733633538, '待办任务', 1494925781048545281, 1, 'personalWaiting', 'workflow/task/personalWaiting', NULL, 1, 1, 'C', '0', '0', NULL, 'build', 'admin', '2022-02-19 14:46:09', 'admin', '2022-02-19 14:46:09', '');
INSERT INTO `sys_menu` VALUES (1494926586677874690, '已办任务', 1494925781048545281, 2, 'personalFinish', 'workflow/task/personalFinish', NULL, 1, 1, 'C', '0', '0', NULL, 'build', 'admin', '2022-02-19 14:47:27', 'admin', '2022-02-19 14:48:03', '');
INSERT INTO `sys_menu` VALUES (1494926586677874691, '业务规则', 2000, 1, 'fullClass', 'workflow/fullClass/index', NULL, 1, 0, 'C', '0', '0', 'workflow:fullClass:list', 'build', 'admin', '2022-02-19 14:51:05', 'admin', '2022-02-19 14:51:43', '业务规则菜单');
INSERT INTO `sys_menu` VALUES (1494926586677874692, '业务规则查询', 1494926586677874691, 1, '#', '', NULL, 1, 0, 'F', '0', '0', 'workflow:fullClass:query', '#', 'admin', '2022-02-19 14:51:06', '', NULL, '');
INSERT INTO `sys_menu` VALUES (1494926586677874693, '业务规则新增', 1494926586677874691, 2, '#', '', NULL, 1, 0, 'F', '0', '0', 'workflow:fullClass:add', '#', 'admin', '2022-02-19 14:51:06', '', NULL, '');
INSERT INTO `sys_menu` VALUES (1494926586677874694, '业务规则修改', 1494926586677874691, 3, '#', '', NULL, 1, 0, 'F', '0', '0', 'workflow:fullClass:edit', '#', 'admin', '2022-02-19 14:51:06', '', NULL, '');
INSERT INTO `sys_menu` VALUES (1494926586677874695, '业务规则删除', 1494926586677874691, 4, '#', '', NULL, 1, 0, 'F', '0', '0', 'workflow:fullClass:remove', '#', 'admin', '2022-02-19 14:51:06', '', NULL, '');
INSERT INTO `sys_menu` VALUES (1494926586677874696, '业务规则导出', 1494926586677874691, 5, '#', '', NULL, 1, 0, 'F', '0', '0', 'workflow:fullClass:export', '#', 'admin', '2022-02-19 14:51:06', '', NULL, '');
INSERT INTO `sys_menu` VALUES (1537763506351398912, '消息通知', 2000, 1, 'message', 'workflow/message/index', NULL, 1, 0, 'C', '0', '0', 'workflow:message:list', 'build', 'admin', '2022-06-17 19:49:35', 'admin', '2022-06-17 19:59:36', '消息通知菜单');
INSERT INTO `sys_menu` VALUES (1537763506351398913, '消息通知查询', 1537763506351398912, 1, '#', '', NULL, 1, 0, 'F', '0', '0', 'workflow:message:query', '#', 'admin', '2022-06-17 19:49:35', '', NULL, '');
INSERT INTO `sys_menu` VALUES (1537763506351398914, '消息通知新增', 1537763506351398912, 2, '#', '', NULL, 1, 0, 'F', '0', '0', 'workflow:message:add', '#', 'admin', '2022-06-17 19:49:35', '', NULL, '');
INSERT INTO `sys_menu` VALUES (1537763506351398915, '消息通知修改', 1537763506351398912, 3, '#', '', NULL, 1, 0, 'F', '0', '0', 'workflow:message:edit', '#', 'admin', '2022-06-17 19:49:35', '', NULL, '');
INSERT INTO `sys_menu` VALUES (1537763506351398916, '消息通知删除', 1537763506351398912, 4, '#', '', NULL, 1, 0, 'F', '0', '0', 'workflow:message:remove', '#', 'admin', '2022-06-17 19:49:35', '', NULL, '');
INSERT INTO `sys_menu` VALUES (1537763506351398917, '消息通知导出', 1537763506351398912, 5, '#', '', NULL, 1, 0, 'F', '0', '0', 'workflow:message:export', '#', 'admin', '2022-06-17 19:49:35', '', NULL, '');
INSERT INTO `sys_menu` VALUES (1538090311987884033, '报表管理', 0, 9, 'report', NULL, NULL, 1, 0, 'M', '0', '0', NULL, 'chart', 'admin', '2022-06-18 17:24:41', 'admin', '2022-06-18 17:24:41', '');
INSERT INTO `sys_menu` VALUES (1538090530318184449, '设计报表', 1538090311987884033, 3, 'http://localhost:8080/jmreport/list', NULL, NULL, 1, 0, 'M', '0', '0', NULL, '#', 'admin', '2022-06-18 17:25:33', 'admin', '2022-06-29 13:01:49', '');
INSERT INTO `sys_menu` VALUES (1538094466311778306, '系统日志', 1538090311987884033, 2, 'http://localhost:8081/jmreport/view/698070126881910784', NULL, NULL, 1, 0, 'M', '0', '0', NULL, '#', 'admin', '2022-06-18 17:41:12', 'admin', '2022-06-22 21:23:17', '');

-- ----------------------------
-- Table structure for sys_message
-- ----------------------------
DROP TABLE IF EXISTS `sys_message`;
CREATE TABLE `sys_message`  (
  `id` bigint(19) UNSIGNED NOT NULL COMMENT '主键',
  `send_id` bigint(19) NOT NULL COMMENT '消息发送者id',
  `record_id` bigint(20) NOT NULL COMMENT '消息接收者id',
  `type` bigint(10) NOT NULL COMMENT '消息类型1：站内信，2：邮件，3：短信',
  `status` tinyint(1) NOT NULL COMMENT '阅读状态0：未读，1：已读',
  `message_content` longtext CHARACTER SET utf8mb4 COLLATE utf8mb4_general_ci NULL COMMENT '消息内容',
  `create_time` datetime(0) NOT NULL COMMENT '创建时间',
  `update_time` datetime(0) NOT NULL COMMENT '修改时间',
  `create_by` varchar(255) CHARACTER SET utf8mb4 COLLATE utf8mb4_general_ci NOT NULL COMMENT '创建人',
  `update_by` varchar(255) CHARACTER SET utf8mb4 COLLATE utf8mb4_general_ci NOT NULL COMMENT '更新人',
  `read_time` datetime(0) NULL DEFAULT NULL COMMENT '阅读时间',
  `title` varchar(255) CHARACTER SET utf8mb4 COLLATE utf8mb4_general_ci NULL DEFAULT NULL COMMENT '标题',
  PRIMARY KEY (`id`) USING BTREE
) ENGINE = InnoDB CHARACTER SET = utf8mb4 COLLATE = utf8mb4_general_ci COMMENT = '消息通知' ROW_FORMAT = Dynamic;

-- ----------------------------
-- Records of sys_message
-- ----------------------------
INSERT INTO `sys_message` VALUES (1541034672823738369, 1, 1, 1, 0, 'admin提交了admin单据【1530198907129335810】申请,请您注意查收', '2022-06-26 20:24:32', '2022-06-26 20:24:32', 'admin', 'admin', NULL, '请假申请');
INSERT INTO `sys_message` VALUES (1541034918798696450, 1, 1, 1, 0, 'admin提交了单据【1530198907129335810】申请,请您注意查收', '2022-06-26 20:25:30', '2022-06-26 20:25:30', 'admin', 'admin', NULL, '请假申请');
INSERT INTO `sys_message` VALUES (1542445044838178818, 1, 1, 1, 0, 'admin提交了admin单据【1530198907129335810】申请,请您注意查收', '2022-06-30 17:48:51', '2022-06-30 17:48:51', 'admin', 'admin', NULL, '请假申请');
INSERT INTO `sys_message` VALUES (1542445478898311169, 1, 1, 1, 0, 'admin提交了admin单据【1537429733107101698】申请,请您注意查收', '2022-06-30 17:50:34', '2022-06-30 17:50:34', 'admin', 'admin', NULL, '请假申请');
INSERT INTO `sys_message` VALUES (1542457102069669889, 1, 1, 1, 0, 'admin提交了admin单据【1497437792777134082】申请,请您注意查收', '2022-06-30 18:36:45', '2022-06-30 18:36:45', 'admin', 'admin', NULL, '请假申请');

-- ----------------------------
-- Table structure for sys_notice
-- ----------------------------
DROP TABLE IF EXISTS `sys_notice`;
CREATE TABLE `sys_notice`  (
  `notice_id` bigint(20) NOT NULL COMMENT '公告ID',
  `notice_title` varchar(50) CHARACTER SET utf8mb4 COLLATE utf8mb4_general_ci NOT NULL COMMENT '公告标题',
  `notice_type` char(1) CHARACTER SET utf8mb4 COLLATE utf8mb4_general_ci NOT NULL COMMENT '公告类型（1通知 2公告）',
  `notice_content` longblob NULL COMMENT '公告内容',
  `status` char(1) CHARACTER SET utf8mb4 COLLATE utf8mb4_general_ci NULL DEFAULT '0' COMMENT '公告状态（0正常 1关闭）',
  `create_by` varchar(64) CHARACTER SET utf8mb4 COLLATE utf8mb4_general_ci NULL DEFAULT '' COMMENT '创建者',
  `create_time` datetime(0) NULL DEFAULT NULL COMMENT '创建时间',
  `update_by` varchar(64) CHARACTER SET utf8mb4 COLLATE utf8mb4_general_ci NULL DEFAULT '' COMMENT '更新者',
  `update_time` datetime(0) NULL DEFAULT NULL COMMENT '更新时间',
  `remark` varchar(255) CHARACTER SET utf8mb4 COLLATE utf8mb4_general_ci NULL DEFAULT NULL COMMENT '备注',
  PRIMARY KEY (`notice_id`) USING BTREE
) ENGINE = InnoDB CHARACTER SET = utf8mb4 COLLATE = utf8mb4_general_ci COMMENT = '通知公告表' ROW_FORMAT = Dynamic;

-- ----------------------------
-- Records of sys_notice
-- ----------------------------
INSERT INTO `sys_notice` VALUES (1, '温馨提醒：2018-07-01 新版本发布啦', '2', 0xE696B0E78988E69CACE58685E5AEB9, '0', 'admin', '2022-04-26 08:12:55', '', NULL, '管理员');
INSERT INTO `sys_notice` VALUES (2, '维护通知：2018-07-01 系统凌晨维护', '1', 0xE7BBB4E68AA4E58685E5AEB9, '0', 'admin', '2022-04-26 08:12:55', '', NULL, '管理员');

-- ----------------------------
-- Table structure for sys_oper_log
-- ----------------------------
DROP TABLE IF EXISTS `sys_oper_log`;
CREATE TABLE `sys_oper_log`  (
  `oper_id` bigint(20) NOT NULL COMMENT '日志主键',
  `title` varchar(50) CHARACTER SET utf8mb4 COLLATE utf8mb4_general_ci NULL DEFAULT '' COMMENT '模块标题',
  `business_type` int(2) NULL DEFAULT 0 COMMENT '业务类型（0其它 1新增 2修改 3删除）',
  `method` varchar(100) CHARACTER SET utf8mb4 COLLATE utf8mb4_general_ci NULL DEFAULT '' COMMENT '方法名称',
  `request_method` varchar(10) CHARACTER SET utf8mb4 COLLATE utf8mb4_general_ci NULL DEFAULT '' COMMENT '请求方式',
  `operator_type` int(1) NULL DEFAULT 0 COMMENT '操作类别（0其它 1后台用户 2手机端用户）',
  `oper_name` varchar(50) CHARACTER SET utf8mb4 COLLATE utf8mb4_general_ci NULL DEFAULT '' COMMENT '操作人员',
  `dept_name` varchar(50) CHARACTER SET utf8mb4 COLLATE utf8mb4_general_ci NULL DEFAULT '' COMMENT '部门名称',
  `oper_url` varchar(255) CHARACTER SET utf8mb4 COLLATE utf8mb4_general_ci NULL DEFAULT '' COMMENT '请求URL',
  `oper_ip` varchar(128) CHARACTER SET utf8mb4 COLLATE utf8mb4_general_ci NULL DEFAULT '' COMMENT '主机地址',
  `oper_location` varchar(255) CHARACTER SET utf8mb4 COLLATE utf8mb4_general_ci NULL DEFAULT '' COMMENT '操作地点',
  `oper_param` varchar(2000) CHARACTER SET utf8mb4 COLLATE utf8mb4_general_ci NULL DEFAULT '' COMMENT '请求参数',
  `json_result` varchar(2000) CHARACTER SET utf8mb4 COLLATE utf8mb4_general_ci NULL DEFAULT '' COMMENT '返回参数',
  `status` int(1) NULL DEFAULT 0 COMMENT '操作状态（0正常 1异常）',
  `error_msg` varchar(2000) CHARACTER SET utf8mb4 COLLATE utf8mb4_general_ci NULL DEFAULT '' COMMENT '错误消息',
  `oper_time` datetime(0) NULL DEFAULT NULL COMMENT '操作时间',
  PRIMARY KEY (`oper_id`) USING BTREE
) ENGINE = InnoDB CHARACTER SET = utf8mb4 COLLATE = utf8mb4_general_ci COMMENT = '操作日志记录' ROW_FORMAT = Dynamic;

-- ----------------------------
-- Records of sys_oper_log
-- ----------------------------
INSERT INTO `sys_oper_log` VALUES (1542872842116886530, '操作日志', 9, 'com.ruoyi.web.controller.monitor.SysOperlogController.clean()', 'DELETE', 1, 'admin', '', '/monitor/operlog/clean', '127.0.0.1', '内网IP', '{}', '{\"code\":200,\"msg\":\"操作成功\",\"data\":null}', 0, '', '2022-07-01 22:08:45');
INSERT INTO `sys_oper_log` VALUES (1542872862668976129, '登录日志', 9, 'com.ruoyi.web.controller.monitor.SysLogininforController.clean()', 'DELETE', 1, 'admin', '', '/monitor/logininfor/clean', '127.0.0.1', '内网IP', '{}', '{\"code\":200,\"msg\":\"操作成功\",\"data\":null}', 0, '', '2022-07-01 22:08:50');

-- ----------------------------
-- Table structure for sys_oss
-- ----------------------------
DROP TABLE IF EXISTS `sys_oss`;
CREATE TABLE `sys_oss`  (
  `oss_id` bigint(20) NOT NULL COMMENT '对象存储主键',
  `file_name` varchar(255) CHARACTER SET utf8mb4 COLLATE utf8mb4_general_ci NOT NULL DEFAULT '' COMMENT '文件名',
  `original_name` varchar(255) CHARACTER SET utf8mb4 COLLATE utf8mb4_general_ci NOT NULL DEFAULT '' COMMENT '原名',
  `file_suffix` varchar(10) CHARACTER SET utf8mb4 COLLATE utf8mb4_general_ci NOT NULL DEFAULT '' COMMENT '文件后缀名',
  `url` varchar(500) CHARACTER SET utf8mb4 COLLATE utf8mb4_general_ci NOT NULL COMMENT 'URL地址',
  `create_time` datetime(0) NULL DEFAULT NULL COMMENT '创建时间',
  `create_by` varchar(64) CHARACTER SET utf8mb4 COLLATE utf8mb4_general_ci NULL DEFAULT '' COMMENT '上传人',
  `update_time` datetime(0) NULL DEFAULT NULL COMMENT '更新时间',
  `update_by` varchar(64) CHARACTER SET utf8mb4 COLLATE utf8mb4_general_ci NULL DEFAULT '' COMMENT '更新人',
  `service` varchar(10) CHARACTER SET utf8mb4 COLLATE utf8mb4_general_ci NOT NULL DEFAULT 'minio' COMMENT '服务商',
  PRIMARY KEY (`oss_id`) USING BTREE
) ENGINE = InnoDB CHARACTER SET = utf8mb4 COLLATE = utf8mb4_general_ci COMMENT = 'OSS对象存储表' ROW_FORMAT = Dynamic;

-- ----------------------------
-- Table structure for sys_oss_config
-- ----------------------------
DROP TABLE IF EXISTS `sys_oss_config`;
CREATE TABLE `sys_oss_config`  (
  `oss_config_id` bigint(20) NOT NULL COMMENT '主建',
  `config_key` varchar(255) CHARACTER SET utf8mb4 COLLATE utf8mb4_general_ci NOT NULL DEFAULT '' COMMENT '配置key',
  `access_key` varchar(255) CHARACTER SET utf8mb4 COLLATE utf8mb4_general_ci NULL DEFAULT '' COMMENT 'accessKey',
  `secret_key` varchar(255) CHARACTER SET utf8mb4 COLLATE utf8mb4_general_ci NULL DEFAULT '' COMMENT '秘钥',
  `bucket_name` varchar(255) CHARACTER SET utf8mb4 COLLATE utf8mb4_general_ci NULL DEFAULT '' COMMENT '桶名称',
  `prefix` varchar(255) CHARACTER SET utf8mb4 COLLATE utf8mb4_general_ci NULL DEFAULT '' COMMENT '前缀',
  `endpoint` varchar(255) CHARACTER SET utf8mb4 COLLATE utf8mb4_general_ci NULL DEFAULT '' COMMENT '访问站点',
  `is_https` char(1) CHARACTER SET utf8mb4 COLLATE utf8mb4_general_ci NULL DEFAULT 'N' COMMENT '是否https（Y=是,N=否）',
  `region` varchar(255) CHARACTER SET utf8mb4 COLLATE utf8mb4_general_ci NULL DEFAULT '' COMMENT '域',
  `status` char(1) CHARACTER SET utf8mb4 COLLATE utf8mb4_general_ci NULL DEFAULT '1' COMMENT '状态（0=正常,1=停用）',
  `ext1` varchar(255) CHARACTER SET utf8mb4 COLLATE utf8mb4_general_ci NULL DEFAULT '' COMMENT '扩展字段',
  `create_by` varchar(64) CHARACTER SET utf8mb4 COLLATE utf8mb4_general_ci NULL DEFAULT '' COMMENT '创建者',
  `create_time` datetime(0) NULL DEFAULT NULL COMMENT '创建时间',
  `update_by` varchar(64) CHARACTER SET utf8mb4 COLLATE utf8mb4_general_ci NULL DEFAULT '' COMMENT '更新者',
  `update_time` datetime(0) NULL DEFAULT NULL COMMENT '更新时间',
  `remark` varchar(500) CHARACTER SET utf8mb4 COLLATE utf8mb4_general_ci NULL DEFAULT NULL COMMENT '备注',
  `domain` varchar(255) CHARACTER SET utf8mb4 COLLATE utf8mb4_general_ci NULL DEFAULT '' COMMENT '自定义域名',
  PRIMARY KEY (`oss_config_id`) USING BTREE
) ENGINE = InnoDB CHARACTER SET = utf8mb4 COLLATE = utf8mb4_general_ci COMMENT = '对象存储配置表' ROW_FORMAT = Dynamic;

-- ----------------------------
-- Records of sys_oss_config
-- ----------------------------
INSERT INTO `sys_oss_config` VALUES (1, 'minio', 'ruoyi', 'ruoyi123', 'ruoyi', '', '127.0.0.1:9000', 'N', '', '0', '', 'admin', '2022-04-26 08:12:55', 'admin', '2022-04-26 08:12:55', NULL, '');
INSERT INTO `sys_oss_config` VALUES (2, 'qiniu', 'XXXXXXXXXXXXXXX', 'XXXXXXXXXXXXXXX', 'ruoyi', '', 's3-cn-north-1.qiniucs.com', 'N', '', '1', '', 'admin', '2022-04-26 08:12:55', 'admin', '2022-04-26 08:12:55', NULL, '');
INSERT INTO `sys_oss_config` VALUES (3, 'aliyun', 'XXXXXXXXXXXXXXX', 'XXXXXXXXXXXXXXX', 'ruoyi', '', 'oss-cn-beijing.aliyuncs.com', 'N', '', '1', '', 'admin', '2022-04-26 08:12:55', 'admin', '2022-04-26 08:12:55', NULL, '');
INSERT INTO `sys_oss_config` VALUES (4, 'qcloud', 'XXXXXXXXXXXXXXX', 'XXXXXXXXXXXXXXX', 'ruoyi-1250000000', '', 'cos.ap-beijing.myqcloud.com', 'N', 'ap-beijing', '1', '', 'admin', '2022-04-26 08:12:55', 'admin', '2022-04-26 08:12:55', NULL, '');
INSERT INTO `sys_oss_config` VALUES (5, 'image', 'ruoyi', 'ruoyi123', 'ruoyi', 'image', '127.0.0.1:9000', 'N', '', '1', '', 'admin', '2022-06-28 21:11:38', 'admin', '2022-06-28 21:11:38', NULL, '');

-- ----------------------------
-- Table structure for sys_post
-- ----------------------------
DROP TABLE IF EXISTS `sys_post`;
CREATE TABLE `sys_post`  (
  `post_id` bigint(20) NOT NULL COMMENT '岗位ID',
  `post_code` varchar(64) CHARACTER SET utf8mb4 COLLATE utf8mb4_general_ci NOT NULL COMMENT '岗位编码',
  `post_name` varchar(50) CHARACTER SET utf8mb4 COLLATE utf8mb4_general_ci NOT NULL COMMENT '岗位名称',
  `post_sort` int(4) NOT NULL COMMENT '显示顺序',
  `status` char(1) CHARACTER SET utf8mb4 COLLATE utf8mb4_general_ci NOT NULL COMMENT '状态（0正常 1停用）',
  `create_by` varchar(64) CHARACTER SET utf8mb4 COLLATE utf8mb4_general_ci NULL DEFAULT '' COMMENT '创建者',
  `create_time` datetime(0) NULL DEFAULT NULL COMMENT '创建时间',
  `update_by` varchar(64) CHARACTER SET utf8mb4 COLLATE utf8mb4_general_ci NULL DEFAULT '' COMMENT '更新者',
  `update_time` datetime(0) NULL DEFAULT NULL COMMENT '更新时间',
  `remark` varchar(500) CHARACTER SET utf8mb4 COLLATE utf8mb4_general_ci NULL DEFAULT NULL COMMENT '备注',
  PRIMARY KEY (`post_id`) USING BTREE
) ENGINE = InnoDB CHARACTER SET = utf8mb4 COLLATE = utf8mb4_general_ci COMMENT = '岗位信息表' ROW_FORMAT = Dynamic;

-- ----------------------------
-- Records of sys_post
-- ----------------------------
INSERT INTO `sys_post` VALUES (1, 'ceo', '董事长', 1, '0', 'admin', '2022-04-26 08:12:54', '', NULL, '');
INSERT INTO `sys_post` VALUES (2, 'se', '项目经理', 2, '0', 'admin', '2022-04-26 08:12:54', '', NULL, '');
INSERT INTO `sys_post` VALUES (3, 'hr', '人力资源', 3, '0', 'admin', '2022-04-26 08:12:54', '', NULL, '');
INSERT INTO `sys_post` VALUES (4, 'user', '普通员工', 4, '0', 'admin', '2022-04-26 08:12:54', '', NULL, '');

-- ----------------------------
-- Table structure for sys_role
-- ----------------------------
DROP TABLE IF EXISTS `sys_role`;
CREATE TABLE `sys_role`  (
  `role_id` bigint(20) NOT NULL COMMENT '角色ID',
  `role_name` varchar(30) CHARACTER SET utf8mb4 COLLATE utf8mb4_general_ci NOT NULL COMMENT '角色名称',
  `role_key` varchar(100) CHARACTER SET utf8mb4 COLLATE utf8mb4_general_ci NOT NULL COMMENT '角色权限字符串',
  `role_sort` int(4) NOT NULL COMMENT '显示顺序',
  `data_scope` char(1) CHARACTER SET utf8mb4 COLLATE utf8mb4_general_ci NULL DEFAULT '1' COMMENT '数据范围（1：全部数据权限 2：自定数据权限 3：本部门数据权限 4：本部门及以下数据权限）',
  `menu_check_strictly` tinyint(1) NULL DEFAULT 1 COMMENT '菜单树选择项是否关联显示',
  `dept_check_strictly` tinyint(1) NULL DEFAULT 1 COMMENT '部门树选择项是否关联显示',
  `status` char(1) CHARACTER SET utf8mb4 COLLATE utf8mb4_general_ci NOT NULL COMMENT '角色状态（0正常 1停用）',
  `del_flag` char(1) CHARACTER SET utf8mb4 COLLATE utf8mb4_general_ci NULL DEFAULT '0' COMMENT '删除标志（0代表存在 2代表删除）',
  `create_by` varchar(64) CHARACTER SET utf8mb4 COLLATE utf8mb4_general_ci NULL DEFAULT '' COMMENT '创建者',
  `create_time` datetime(0) NULL DEFAULT NULL COMMENT '创建时间',
  `update_by` varchar(64) CHARACTER SET utf8mb4 COLLATE utf8mb4_general_ci NULL DEFAULT '' COMMENT '更新者',
  `update_time` datetime(0) NULL DEFAULT NULL COMMENT '更新时间',
  `remark` varchar(500) CHARACTER SET utf8mb4 COLLATE utf8mb4_general_ci NULL DEFAULT NULL COMMENT '备注',
  PRIMARY KEY (`role_id`) USING BTREE
) ENGINE = InnoDB CHARACTER SET = utf8mb4 COLLATE = utf8mb4_general_ci COMMENT = '角色信息表' ROW_FORMAT = Dynamic;

-- ----------------------------
-- Records of sys_role
-- ----------------------------
INSERT INTO `sys_role` VALUES (1, '超级管理员', 'admin', 1, '1', 1, 1, '0', '0', 'admin', '2022-04-26 08:12:54', '', NULL, '超级管理员');
INSERT INTO `sys_role` VALUES (2, '普通角色', 'common', 2, '2', 1, 1, '0', '0', 'admin', '2022-04-26 08:12:54', 'admin', '2022-06-22 21:58:24', '普通角色');

-- ----------------------------
-- Table structure for sys_role_dept
-- ----------------------------
DROP TABLE IF EXISTS `sys_role_dept`;
CREATE TABLE `sys_role_dept`  (
  `role_id` bigint(20) NOT NULL COMMENT '角色ID',
  `dept_id` bigint(20) NOT NULL COMMENT '部门ID',
  PRIMARY KEY (`role_id`, `dept_id`) USING BTREE
) ENGINE = InnoDB CHARACTER SET = utf8mb4 COLLATE = utf8mb4_general_ci COMMENT = '角色和部门关联表' ROW_FORMAT = Dynamic;

-- ----------------------------
-- Records of sys_role_dept
-- ----------------------------
INSERT INTO `sys_role_dept` VALUES (2, 100);
INSERT INTO `sys_role_dept` VALUES (2, 101);
INSERT INTO `sys_role_dept` VALUES (2, 105);

-- ----------------------------
-- Table structure for sys_role_menu
-- ----------------------------
DROP TABLE IF EXISTS `sys_role_menu`;
CREATE TABLE `sys_role_menu`  (
  `role_id` bigint(20) NOT NULL COMMENT '角色ID',
  `menu_id` bigint(20) NOT NULL COMMENT '菜单ID',
  PRIMARY KEY (`role_id`, `menu_id`) USING BTREE
) ENGINE = InnoDB CHARACTER SET = utf8mb4 COLLATE = utf8mb4_general_ci COMMENT = '角色和菜单关联表' ROW_FORMAT = Dynamic;

-- ----------------------------
-- Records of sys_role_menu
-- ----------------------------
INSERT INTO `sys_role_menu` VALUES (2, 1);
INSERT INTO `sys_role_menu` VALUES (2, 2);
INSERT INTO `sys_role_menu` VALUES (2, 3);
INSERT INTO `sys_role_menu` VALUES (2, 4);
INSERT INTO `sys_role_menu` VALUES (2, 5);
INSERT INTO `sys_role_menu` VALUES (2, 100);
INSERT INTO `sys_role_menu` VALUES (2, 101);
INSERT INTO `sys_role_menu` VALUES (2, 102);
INSERT INTO `sys_role_menu` VALUES (2, 103);
INSERT INTO `sys_role_menu` VALUES (2, 104);
INSERT INTO `sys_role_menu` VALUES (2, 105);
INSERT INTO `sys_role_menu` VALUES (2, 106);
INSERT INTO `sys_role_menu` VALUES (2, 107);
INSERT INTO `sys_role_menu` VALUES (2, 108);
INSERT INTO `sys_role_menu` VALUES (2, 109);
INSERT INTO `sys_role_menu` VALUES (2, 111);
INSERT INTO `sys_role_menu` VALUES (2, 113);
INSERT INTO `sys_role_menu` VALUES (2, 114);
INSERT INTO `sys_role_menu` VALUES (2, 115);
INSERT INTO `sys_role_menu` VALUES (2, 116);
INSERT INTO `sys_role_menu` VALUES (2, 500);
INSERT INTO `sys_role_menu` VALUES (2, 501);
INSERT INTO `sys_role_menu` VALUES (2, 1001);
INSERT INTO `sys_role_menu` VALUES (2, 1002);
INSERT INTO `sys_role_menu` VALUES (2, 1003);
INSERT INTO `sys_role_menu` VALUES (2, 1004);
INSERT INTO `sys_role_menu` VALUES (2, 1005);
INSERT INTO `sys_role_menu` VALUES (2, 1006);
INSERT INTO `sys_role_menu` VALUES (2, 1007);
INSERT INTO `sys_role_menu` VALUES (2, 1008);
INSERT INTO `sys_role_menu` VALUES (2, 1009);
INSERT INTO `sys_role_menu` VALUES (2, 1010);
INSERT INTO `sys_role_menu` VALUES (2, 1011);
INSERT INTO `sys_role_menu` VALUES (2, 1012);
INSERT INTO `sys_role_menu` VALUES (2, 1013);
INSERT INTO `sys_role_menu` VALUES (2, 1014);
INSERT INTO `sys_role_menu` VALUES (2, 1015);
INSERT INTO `sys_role_menu` VALUES (2, 1016);
INSERT INTO `sys_role_menu` VALUES (2, 1017);
INSERT INTO `sys_role_menu` VALUES (2, 1018);
INSERT INTO `sys_role_menu` VALUES (2, 1019);
INSERT INTO `sys_role_menu` VALUES (2, 1020);
INSERT INTO `sys_role_menu` VALUES (2, 1021);
INSERT INTO `sys_role_menu` VALUES (2, 1022);
INSERT INTO `sys_role_menu` VALUES (2, 1023);
INSERT INTO `sys_role_menu` VALUES (2, 1024);
INSERT INTO `sys_role_menu` VALUES (2, 1025);
INSERT INTO `sys_role_menu` VALUES (2, 1026);
INSERT INTO `sys_role_menu` VALUES (2, 1027);
INSERT INTO `sys_role_menu` VALUES (2, 1028);
INSERT INTO `sys_role_menu` VALUES (2, 1029);
INSERT INTO `sys_role_menu` VALUES (2, 1030);
INSERT INTO `sys_role_menu` VALUES (2, 1031);
INSERT INTO `sys_role_menu` VALUES (2, 1032);
INSERT INTO `sys_role_menu` VALUES (2, 1033);
INSERT INTO `sys_role_menu` VALUES (2, 1034);
INSERT INTO `sys_role_menu` VALUES (2, 1035);
INSERT INTO `sys_role_menu` VALUES (2, 1036);
INSERT INTO `sys_role_menu` VALUES (2, 1037);
INSERT INTO `sys_role_menu` VALUES (2, 1038);
INSERT INTO `sys_role_menu` VALUES (2, 1039);
INSERT INTO `sys_role_menu` VALUES (2, 1040);
INSERT INTO `sys_role_menu` VALUES (2, 1041);
INSERT INTO `sys_role_menu` VALUES (2, 1042);
INSERT INTO `sys_role_menu` VALUES (2, 1043);
INSERT INTO `sys_role_menu` VALUES (2, 1044);
INSERT INTO `sys_role_menu` VALUES (2, 1045);
INSERT INTO `sys_role_menu` VALUES (2, 1046);
INSERT INTO `sys_role_menu` VALUES (2, 1047);
INSERT INTO `sys_role_menu` VALUES (2, 1048);
INSERT INTO `sys_role_menu` VALUES (2, 1055);
INSERT INTO `sys_role_menu` VALUES (2, 1056);
INSERT INTO `sys_role_menu` VALUES (2, 1057);
INSERT INTO `sys_role_menu` VALUES (2, 1058);
INSERT INTO `sys_role_menu` VALUES (2, 1059);
INSERT INTO `sys_role_menu` VALUES (2, 1060);
INSERT INTO `sys_role_menu` VALUES (2, 1500);
INSERT INTO `sys_role_menu` VALUES (2, 1501);
INSERT INTO `sys_role_menu` VALUES (2, 1502);
INSERT INTO `sys_role_menu` VALUES (2, 1503);
INSERT INTO `sys_role_menu` VALUES (2, 1504);
INSERT INTO `sys_role_menu` VALUES (2, 1505);
INSERT INTO `sys_role_menu` VALUES (2, 1506);
INSERT INTO `sys_role_menu` VALUES (2, 1507);
INSERT INTO `sys_role_menu` VALUES (2, 1508);
INSERT INTO `sys_role_menu` VALUES (2, 1509);
INSERT INTO `sys_role_menu` VALUES (2, 1510);
INSERT INTO `sys_role_menu` VALUES (2, 1511);
INSERT INTO `sys_role_menu` VALUES (2, 2000);
INSERT INTO `sys_role_menu` VALUES (2, 2001);
INSERT INTO `sys_role_menu` VALUES (2, 2002);
INSERT INTO `sys_role_menu` VALUES (2, 2003);
INSERT INTO `sys_role_menu` VALUES (2, 2004);
INSERT INTO `sys_role_menu` VALUES (2, 2005);
INSERT INTO `sys_role_menu` VALUES (2, 2006);
INSERT INTO `sys_role_menu` VALUES (2, 2007);
INSERT INTO `sys_role_menu` VALUES (2, 2008);
INSERT INTO `sys_role_menu` VALUES (2, 2009);
INSERT INTO `sys_role_menu` VALUES (2, 2010);
INSERT INTO `sys_role_menu` VALUES (2, 2011);
INSERT INTO `sys_role_menu` VALUES (2, 2012);
INSERT INTO `sys_role_menu` VALUES (2, 1494925781048545281);
INSERT INTO `sys_role_menu` VALUES (2, 1494926258733633538);
INSERT INTO `sys_role_menu` VALUES (2, 1494926586677874690);
INSERT INTO `sys_role_menu` VALUES (2, 1494926586677874691);
INSERT INTO `sys_role_menu` VALUES (2, 1494926586677874692);
INSERT INTO `sys_role_menu` VALUES (2, 1494926586677874693);
INSERT INTO `sys_role_menu` VALUES (2, 1494926586677874694);
INSERT INTO `sys_role_menu` VALUES (2, 1494926586677874695);
INSERT INTO `sys_role_menu` VALUES (2, 1494926586677874696);
INSERT INTO `sys_role_menu` VALUES (2, 1537763506351398912);
INSERT INTO `sys_role_menu` VALUES (2, 1537763506351398913);
INSERT INTO `sys_role_menu` VALUES (2, 1537763506351398916);
INSERT INTO `sys_role_menu` VALUES (2, 1537763506351398917);
INSERT INTO `sys_role_menu` VALUES (3, 1);
INSERT INTO `sys_role_menu` VALUES (3, 5);
INSERT INTO `sys_role_menu` VALUES (3, 100);
INSERT INTO `sys_role_menu` VALUES (3, 101);
INSERT INTO `sys_role_menu` VALUES (3, 102);
INSERT INTO `sys_role_menu` VALUES (3, 103);
INSERT INTO `sys_role_menu` VALUES (3, 104);
INSERT INTO `sys_role_menu` VALUES (3, 105);
INSERT INTO `sys_role_menu` VALUES (3, 106);
INSERT INTO `sys_role_menu` VALUES (3, 107);
INSERT INTO `sys_role_menu` VALUES (3, 108);
INSERT INTO `sys_role_menu` VALUES (3, 500);
INSERT INTO `sys_role_menu` VALUES (3, 501);
INSERT INTO `sys_role_menu` VALUES (3, 1001);
INSERT INTO `sys_role_menu` VALUES (3, 1002);
INSERT INTO `sys_role_menu` VALUES (3, 1003);
INSERT INTO `sys_role_menu` VALUES (3, 1004);
INSERT INTO `sys_role_menu` VALUES (3, 1005);
INSERT INTO `sys_role_menu` VALUES (3, 1006);
INSERT INTO `sys_role_menu` VALUES (3, 1007);
INSERT INTO `sys_role_menu` VALUES (3, 1008);
INSERT INTO `sys_role_menu` VALUES (3, 1009);
INSERT INTO `sys_role_menu` VALUES (3, 1010);
INSERT INTO `sys_role_menu` VALUES (3, 1011);
INSERT INTO `sys_role_menu` VALUES (3, 1012);
INSERT INTO `sys_role_menu` VALUES (3, 1013);
INSERT INTO `sys_role_menu` VALUES (3, 1014);
INSERT INTO `sys_role_menu` VALUES (3, 1015);
INSERT INTO `sys_role_menu` VALUES (3, 1016);
INSERT INTO `sys_role_menu` VALUES (3, 1017);
INSERT INTO `sys_role_menu` VALUES (3, 1018);
INSERT INTO `sys_role_menu` VALUES (3, 1019);
INSERT INTO `sys_role_menu` VALUES (3, 1020);
INSERT INTO `sys_role_menu` VALUES (3, 1021);
INSERT INTO `sys_role_menu` VALUES (3, 1022);
INSERT INTO `sys_role_menu` VALUES (3, 1023);
INSERT INTO `sys_role_menu` VALUES (3, 1024);
INSERT INTO `sys_role_menu` VALUES (3, 1025);
INSERT INTO `sys_role_menu` VALUES (3, 1026);
INSERT INTO `sys_role_menu` VALUES (3, 1027);
INSERT INTO `sys_role_menu` VALUES (3, 1028);
INSERT INTO `sys_role_menu` VALUES (3, 1029);
INSERT INTO `sys_role_menu` VALUES (3, 1030);
INSERT INTO `sys_role_menu` VALUES (3, 1031);
INSERT INTO `sys_role_menu` VALUES (3, 1032);
INSERT INTO `sys_role_menu` VALUES (3, 1033);
INSERT INTO `sys_role_menu` VALUES (3, 1034);
INSERT INTO `sys_role_menu` VALUES (3, 1035);
INSERT INTO `sys_role_menu` VALUES (3, 1036);
INSERT INTO `sys_role_menu` VALUES (3, 1037);
INSERT INTO `sys_role_menu` VALUES (3, 1038);
INSERT INTO `sys_role_menu` VALUES (3, 1039);
INSERT INTO `sys_role_menu` VALUES (3, 1040);
INSERT INTO `sys_role_menu` VALUES (3, 1041);
INSERT INTO `sys_role_menu` VALUES (3, 1042);
INSERT INTO `sys_role_menu` VALUES (3, 1043);
INSERT INTO `sys_role_menu` VALUES (3, 1044);
INSERT INTO `sys_role_menu` VALUES (3, 1045);
INSERT INTO `sys_role_menu` VALUES (3, 1500);
INSERT INTO `sys_role_menu` VALUES (3, 1501);
INSERT INTO `sys_role_menu` VALUES (3, 1502);
INSERT INTO `sys_role_menu` VALUES (3, 1503);
INSERT INTO `sys_role_menu` VALUES (3, 1504);
INSERT INTO `sys_role_menu` VALUES (3, 1505);
INSERT INTO `sys_role_menu` VALUES (3, 1506);
INSERT INTO `sys_role_menu` VALUES (3, 1507);
INSERT INTO `sys_role_menu` VALUES (3, 1508);
INSERT INTO `sys_role_menu` VALUES (3, 1509);
INSERT INTO `sys_role_menu` VALUES (3, 1510);
INSERT INTO `sys_role_menu` VALUES (3, 1511);
INSERT INTO `sys_role_menu` VALUES (4, 5);
INSERT INTO `sys_role_menu` VALUES (4, 1500);
INSERT INTO `sys_role_menu` VALUES (4, 1501);
INSERT INTO `sys_role_menu` VALUES (4, 1502);
INSERT INTO `sys_role_menu` VALUES (4, 1503);
INSERT INTO `sys_role_menu` VALUES (4, 1504);
INSERT INTO `sys_role_menu` VALUES (4, 1505);
INSERT INTO `sys_role_menu` VALUES (4, 1506);
INSERT INTO `sys_role_menu` VALUES (4, 1507);
INSERT INTO `sys_role_menu` VALUES (4, 1508);
INSERT INTO `sys_role_menu` VALUES (4, 1509);
INSERT INTO `sys_role_menu` VALUES (4, 1510);
INSERT INTO `sys_role_menu` VALUES (4, 1511);

-- ----------------------------
-- Table structure for sys_user
-- ----------------------------
DROP TABLE IF EXISTS `sys_user`;
CREATE TABLE `sys_user`  (
  `user_id` bigint(20) NOT NULL COMMENT '用户ID',
  `dept_id` bigint(20) NULL DEFAULT NULL COMMENT '部门ID',
  `user_name` varchar(30) CHARACTER SET utf8mb4 COLLATE utf8mb4_general_ci NOT NULL COMMENT '用户账号',
  `nick_name` varchar(30) CHARACTER SET utf8mb4 COLLATE utf8mb4_general_ci NOT NULL COMMENT '用户昵称',
  `user_type` varchar(10) CHARACTER SET utf8mb4 COLLATE utf8mb4_general_ci NULL DEFAULT 'sys_user' COMMENT '用户类型（sys_user系统用户）',
  `email` varchar(50) CHARACTER SET utf8mb4 COLLATE utf8mb4_general_ci NULL DEFAULT '' COMMENT '用户邮箱',
  `phonenumber` varchar(11) CHARACTER SET utf8mb4 COLLATE utf8mb4_general_ci NULL DEFAULT '' COMMENT '手机号码',
  `sex` char(1) CHARACTER SET utf8mb4 COLLATE utf8mb4_general_ci NULL DEFAULT '0' COMMENT '用户性别（0男 1女 2未知）',
  `avatar` varchar(100) CHARACTER SET utf8mb4 COLLATE utf8mb4_general_ci NULL DEFAULT '' COMMENT '头像地址',
  `password` varchar(100) CHARACTER SET utf8mb4 COLLATE utf8mb4_general_ci NULL DEFAULT '' COMMENT '密码',
  `status` char(1) CHARACTER SET utf8mb4 COLLATE utf8mb4_general_ci NULL DEFAULT '0' COMMENT '帐号状态（0正常 1停用）',
  `del_flag` char(1) CHARACTER SET utf8mb4 COLLATE utf8mb4_general_ci NULL DEFAULT '0' COMMENT '删除标志（0代表存在 2代表删除）',
  `login_ip` varchar(128) CHARACTER SET utf8mb4 COLLATE utf8mb4_general_ci NULL DEFAULT '' COMMENT '最后登录IP',
  `login_date` datetime(0) NULL DEFAULT NULL COMMENT '最后登录时间',
  `create_by` varchar(64) CHARACTER SET utf8mb4 COLLATE utf8mb4_general_ci NULL DEFAULT '' COMMENT '创建者',
  `create_time` datetime(0) NULL DEFAULT NULL COMMENT '创建时间',
  `update_by` varchar(64) CHARACTER SET utf8mb4 COLLATE utf8mb4_general_ci NULL DEFAULT '' COMMENT '更新者',
  `update_time` datetime(0) NULL DEFAULT NULL COMMENT '更新时间',
  `remark` varchar(500) CHARACTER SET utf8mb4 COLLATE utf8mb4_general_ci NULL DEFAULT NULL COMMENT '备注',
  PRIMARY KEY (`user_id`) USING BTREE
) ENGINE = InnoDB CHARACTER SET = utf8mb4 COLLATE = utf8mb4_general_ci COMMENT = '用户信息表' ROW_FORMAT = Dynamic;

-- ----------------------------
-- Records of sys_user
-- ----------------------------
INSERT INTO `sys_user` VALUES (1, 103, 'admin', '疯狂的狮子Li', 'sys_user', 'crazyLionLi@163.com', '15888888888', '1', '', '$2a$10$7JB720yubVSZvUI0rEqK/.VqGOZTH.ulu33dHOiBE8ByOhJIrdAu2', '0', '0', '127.0.0.1', '2022-07-01 11:38:15', 'admin', '2022-04-06 18:50:58', 'admin', '2022-07-01 11:38:15', '管理员');
INSERT INTO `sys_user` VALUES (2, 105, 'lionli', '疯狂的狮子Li', 'sys_user', 'crazyLionLi@163.com', '15666666666', '1', '', '$2a$10$7JB720yubVSZvUI0rEqK/.VqGOZTH.ulu33dHOiBE8ByOhJIrdAu2', '0', '0', '127.0.0.1', '2022-04-06 18:50:58', 'admin', '2022-04-06 18:50:58', '', NULL, '测试员');
INSERT INTO `sys_user` VALUES (3, 108, 'test', '本部门及以下 密码666666', 'sys_user', '', '', '0', '', '$2a$10$UiDeDQrIvKxmFBTIhqL1r.rpwEzCgnrIOtFvkxiRq/W5dyD1hXbW.', '0', '0', '127.0.0.1', '2022-06-22 21:58:38', 'admin', '2022-04-06 18:59:48', 'test', '2022-06-22 21:58:38', NULL);
INSERT INTO `sys_user` VALUES (4, 102, 'test1', '仅本人 密码666666', 'sys_user', '', '', '0', '', '$2a$10$b8yUzN0C71sbz.PhNOCgJe.Tu1yWC3RNrTyjSQ8p1W0.aaUXUJ.Ne', '0', '0', '127.0.0.1', '2022-04-06 18:59:48', 'admin', '2022-04-06 18:59:48', 'test1', '2022-04-06 18:59:48', NULL);

-- ----------------------------
-- Table structure for sys_user_post
-- ----------------------------
DROP TABLE IF EXISTS `sys_user_post`;
CREATE TABLE `sys_user_post`  (
  `user_id` bigint(20) NOT NULL COMMENT '用户ID',
  `post_id` bigint(20) NOT NULL COMMENT '岗位ID',
  PRIMARY KEY (`user_id`, `post_id`) USING BTREE
) ENGINE = InnoDB CHARACTER SET = utf8mb4 COLLATE = utf8mb4_general_ci COMMENT = '用户与岗位关联表' ROW_FORMAT = Dynamic;

-- ----------------------------
-- Records of sys_user_post
-- ----------------------------
INSERT INTO `sys_user_post` VALUES (1, 1);
INSERT INTO `sys_user_post` VALUES (2, 2);

-- ----------------------------
-- Table structure for sys_user_role
-- ----------------------------
DROP TABLE IF EXISTS `sys_user_role`;
CREATE TABLE `sys_user_role`  (
  `user_id` bigint(20) NOT NULL COMMENT '用户ID',
  `role_id` bigint(20) NOT NULL COMMENT '角色ID',
  PRIMARY KEY (`user_id`, `role_id`) USING BTREE
) ENGINE = InnoDB CHARACTER SET = utf8mb4 COLLATE = utf8mb4_general_ci COMMENT = '用户和角色关联表' ROW_FORMAT = Dynamic;

-- ----------------------------
-- Records of sys_user_role
-- ----------------------------
INSERT INTO `sys_user_role` VALUES (1, 1);
INSERT INTO `sys_user_role` VALUES (1, 2);
INSERT INTO `sys_user_role` VALUES (2, 2);
INSERT INTO `sys_user_role` VALUES (3, 2);
INSERT INTO `sys_user_role` VALUES (3, 3);
INSERT INTO `sys_user_role` VALUES (4, 2);
INSERT INTO `sys_user_role` VALUES (4, 4);

-- ----------------------------
-- Table structure for test_demo
-- ----------------------------
DROP TABLE IF EXISTS `test_demo`;
CREATE TABLE `test_demo`  (
  `id` bigint(20) NOT NULL COMMENT '主键',
  `dept_id` bigint(20) NULL DEFAULT NULL COMMENT '部门id',
  `user_id` bigint(20) NULL DEFAULT NULL COMMENT '用户id',
  `order_num` int(11) NULL DEFAULT 0 COMMENT '排序号',
  `test_key` varchar(255) CHARACTER SET utf8mb4 COLLATE utf8mb4_general_ci NULL DEFAULT NULL COMMENT 'key键',
  `value` varchar(255) CHARACTER SET utf8mb4 COLLATE utf8mb4_general_ci NULL DEFAULT NULL COMMENT '值',
  `version` int(11) NULL DEFAULT 0 COMMENT '版本',
  `create_time` datetime(0) NULL DEFAULT NULL COMMENT '创建时间',
  `create_by` varchar(64) CHARACTER SET utf8mb4 COLLATE utf8mb4_general_ci NULL DEFAULT NULL COMMENT '创建人',
  `update_time` datetime(0) NULL DEFAULT NULL COMMENT '更新时间',
  `update_by` varchar(64) CHARACTER SET utf8mb4 COLLATE utf8mb4_general_ci NULL DEFAULT NULL COMMENT '更新人',
  `del_flag` int(11) NULL DEFAULT 0 COMMENT '删除标志',
  PRIMARY KEY (`id`) USING BTREE
) ENGINE = InnoDB CHARACTER SET = utf8mb4 COLLATE = utf8mb4_general_ci COMMENT = '测试单表' ROW_FORMAT = Dynamic;

-- ----------------------------
-- Records of test_demo
-- ----------------------------
INSERT INTO `test_demo` VALUES (1, 102, 4, 1, '测试数据权限', '测试', 0, '2022-06-28 21:20:44', 'admin', NULL, NULL, 0);
INSERT INTO `test_demo` VALUES (2, 102, 3, 2, '子节点1', '111', 0, '2022-06-28 21:20:44', 'admin', NULL, NULL, 0);
INSERT INTO `test_demo` VALUES (3, 102, 3, 3, '子节点2', '222', 0, '2022-06-28 21:20:44', 'admin', NULL, NULL, 0);
INSERT INTO `test_demo` VALUES (4, 108, 4, 4, '测试数据', 'demo', 0, '2022-06-28 21:20:44', 'admin', NULL, NULL, 0);
INSERT INTO `test_demo` VALUES (5, 108, 3, 13, '子节点11', '1111', 0, '2022-06-28 21:20:44', 'admin', NULL, NULL, 0);
INSERT INTO `test_demo` VALUES (6, 108, 3, 12, '子节点22', '2222', 0, '2022-06-28 21:20:44', 'admin', NULL, NULL, 0);
INSERT INTO `test_demo` VALUES (7, 108, 3, 11, '子节点33', '3333', 0, '2022-06-28 21:20:44', 'admin', NULL, NULL, 0);
INSERT INTO `test_demo` VALUES (8, 108, 3, 10, '子节点44', '4444', 0, '2022-06-28 21:20:44', 'admin', NULL, NULL, 0);
INSERT INTO `test_demo` VALUES (9, 108, 3, 9, '子节点55', '5555', 0, '2022-06-28 21:20:44', 'admin', NULL, NULL, 0);
INSERT INTO `test_demo` VALUES (10, 108, 3, 8, '子节点66', '6666', 0, '2022-06-28 21:20:44', 'admin', NULL, NULL, 0);
INSERT INTO `test_demo` VALUES (11, 108, 3, 7, '子节点77', '7777', 0, '2022-06-28 21:20:44', 'admin', NULL, NULL, 0);
INSERT INTO `test_demo` VALUES (12, 108, 3, 6, '子节点88', '8888', 0, '2022-06-28 21:20:44', 'admin', NULL, NULL, 0);
INSERT INTO `test_demo` VALUES (13, 108, 3, 5, '子节点99', '9999', 0, '2022-06-28 21:20:44', 'admin', NULL, NULL, 0);

-- ----------------------------
-- Table structure for test_num
-- ----------------------------
DROP TABLE IF EXISTS `test_num`;
CREATE TABLE `test_num`  (
  `id` bigint(20) NOT NULL,
  `num` int(11) NULL DEFAULT NULL,
  PRIMARY KEY (`id`) USING BTREE
) ENGINE = InnoDB CHARACTER SET = utf8mb4 COLLATE = utf8mb4_general_ci ROW_FORMAT = Dynamic;

-- ----------------------------
-- Records of test_num
-- ----------------------------
INSERT INTO `test_num` VALUES (1, 0);

-- ----------------------------
-- Table structure for test_tree
-- ----------------------------
DROP TABLE IF EXISTS `test_tree`;
CREATE TABLE `test_tree`  (
  `id` bigint(20) NOT NULL COMMENT '主键',
  `parent_id` bigint(20) NULL DEFAULT 0 COMMENT '父id',
  `dept_id` bigint(20) NULL DEFAULT NULL COMMENT '部门id',
  `user_id` bigint(20) NULL DEFAULT NULL COMMENT '用户id',
  `tree_name` varchar(255) CHARACTER SET utf8mb4 COLLATE utf8mb4_general_ci NULL DEFAULT NULL COMMENT '值',
  `version` int(11) NULL DEFAULT 0 COMMENT '版本',
  `create_time` datetime(0) NULL DEFAULT NULL COMMENT '创建时间',
  `create_by` varchar(64) CHARACTER SET utf8mb4 COLLATE utf8mb4_general_ci NULL DEFAULT NULL COMMENT '创建人',
  `update_time` datetime(0) NULL DEFAULT NULL COMMENT '更新时间',
  `update_by` varchar(64) CHARACTER SET utf8mb4 COLLATE utf8mb4_general_ci NULL DEFAULT NULL COMMENT '更新人',
  `del_flag` int(11) NULL DEFAULT 0 COMMENT '删除标志',
  PRIMARY KEY (`id`) USING BTREE
) ENGINE = InnoDB CHARACTER SET = utf8mb4 COLLATE = utf8mb4_general_ci COMMENT = '测试树表' ROW_FORMAT = Dynamic;

-- ----------------------------
-- Records of test_tree
-- ----------------------------
INSERT INTO `test_tree` VALUES (1, 0, 102, 4, '测试数据权限', 0, '2022-06-28 21:20:44', 'admin', NULL, NULL, 0);
INSERT INTO `test_tree` VALUES (2, 1, 102, 3, '子节点1', 0, '2022-06-28 21:20:44', 'admin', NULL, NULL, 0);
INSERT INTO `test_tree` VALUES (3, 2, 102, 3, '子节点2', 0, '2022-06-28 21:20:44', 'admin', NULL, NULL, 0);
INSERT INTO `test_tree` VALUES (4, 0, 108, 4, '测试树1', 0, '2022-06-28 21:20:44', 'admin', NULL, NULL, 0);
INSERT INTO `test_tree` VALUES (5, 4, 108, 3, '子节点11', 0, '2022-06-28 21:20:44', 'admin', NULL, NULL, 0);
INSERT INTO `test_tree` VALUES (6, 4, 108, 3, '子节点22', 0, '2022-06-28 21:20:44', 'admin', NULL, NULL, 0);
INSERT INTO `test_tree` VALUES (7, 4, 108, 3, '子节点33', 0, '2022-06-28 21:20:44', 'admin', NULL, NULL, 0);
INSERT INTO `test_tree` VALUES (8, 5, 108, 3, '子节点44', 0, '2022-06-28 21:20:44', 'admin', NULL, NULL, 0);
INSERT INTO `test_tree` VALUES (9, 6, 108, 3, '子节点55', 0, '2022-06-28 21:20:45', 'admin', NULL, NULL, 0);
INSERT INTO `test_tree` VALUES (10, 7, 108, 3, '子节点66', 0, '2022-06-28 21:20:45', 'admin', NULL, NULL, 0);
INSERT INTO `test_tree` VALUES (11, 7, 108, 3, '子节点77', 0, '2022-06-28 21:20:45', 'admin', NULL, NULL, 0);
INSERT INTO `test_tree` VALUES (12, 10, 108, 3, '子节点88', 0, '2022-06-28 21:20:45', 'admin', NULL, NULL, 0);
INSERT INTO `test_tree` VALUES (13, 10, 108, 3, '子节点99', 0, '2022-06-28 21:20:45', 'admin', NULL, NULL, 0);

-- ----------------------------
-- Table structure for xxl_job_group
-- ----------------------------
DROP TABLE IF EXISTS `xxl_job_group`;
CREATE TABLE `xxl_job_group`  (
  `id` int(11) NOT NULL AUTO_INCREMENT,
  `app_name` varchar(64) CHARACTER SET utf8mb4 COLLATE utf8mb4_0900_ai_ci NOT NULL COMMENT '执行器AppName',
  `title` varchar(12) CHARACTER SET utf8mb4 COLLATE utf8mb4_0900_ai_ci NOT NULL COMMENT '执行器名称',
  `address_type` tinyint(4) NOT NULL DEFAULT 0 COMMENT '执行器地址类型：0=自动注册、1=手动录入',
  `address_list` text CHARACTER SET utf8mb4 COLLATE utf8mb4_0900_ai_ci NULL COMMENT '执行器地址列表，多地址逗号分隔',
  `update_time` datetime(0) NULL DEFAULT NULL,
  PRIMARY KEY (`id`) USING BTREE
) ENGINE = InnoDB AUTO_INCREMENT = 2 CHARACTER SET = utf8mb4 COLLATE = utf8mb4_0900_ai_ci ROW_FORMAT = Dynamic;

-- ----------------------------
-- Records of xxl_job_group
-- ----------------------------
INSERT INTO `xxl_job_group` VALUES (1, 'xxl-job-executor', '示例执行器', 0, NULL, '2018-11-03 22:21:31');

-- ----------------------------
-- Table structure for xxl_job_info
-- ----------------------------
DROP TABLE IF EXISTS `xxl_job_info`;
CREATE TABLE `xxl_job_info`  (
  `id` int(11) NOT NULL AUTO_INCREMENT,
  `job_group` int(11) NOT NULL COMMENT '执行器主键ID',
  `job_desc` varchar(255) CHARACTER SET utf8mb4 COLLATE utf8mb4_0900_ai_ci NOT NULL,
  `add_time` datetime(0) NULL DEFAULT NULL,
  `update_time` datetime(0) NULL DEFAULT NULL,
  `author` varchar(64) CHARACTER SET utf8mb4 COLLATE utf8mb4_0900_ai_ci NULL DEFAULT NULL COMMENT '作者',
  `alarm_email` varchar(255) CHARACTER SET utf8mb4 COLLATE utf8mb4_0900_ai_ci NULL DEFAULT NULL COMMENT '报警邮件',
  `schedule_type` varchar(50) CHARACTER SET utf8mb4 COLLATE utf8mb4_0900_ai_ci NOT NULL DEFAULT 'NONE' COMMENT '调度类型',
  `schedule_conf` varchar(128) CHARACTER SET utf8mb4 COLLATE utf8mb4_0900_ai_ci NULL DEFAULT NULL COMMENT '调度配置，值含义取决于调度类型',
  `misfire_strategy` varchar(50) CHARACTER SET utf8mb4 COLLATE utf8mb4_0900_ai_ci NOT NULL DEFAULT 'DO_NOTHING' COMMENT '调度过期策略',
  `executor_route_strategy` varchar(50) CHARACTER SET utf8mb4 COLLATE utf8mb4_0900_ai_ci NULL DEFAULT NULL COMMENT '执行器路由策略',
  `executor_handler` varchar(255) CHARACTER SET utf8mb4 COLLATE utf8mb4_0900_ai_ci NULL DEFAULT NULL COMMENT '执行器任务handler',
  `executor_param` varchar(512) CHARACTER SET utf8mb4 COLLATE utf8mb4_0900_ai_ci NULL DEFAULT NULL COMMENT '执行器任务参数',
  `executor_block_strategy` varchar(50) CHARACTER SET utf8mb4 COLLATE utf8mb4_0900_ai_ci NULL DEFAULT NULL COMMENT '阻塞处理策略',
  `executor_timeout` int(11) NOT NULL DEFAULT 0 COMMENT '任务执行超时时间，单位秒',
  `executor_fail_retry_count` int(11) NOT NULL DEFAULT 0 COMMENT '失败重试次数',
  `glue_type` varchar(50) CHARACTER SET utf8mb4 COLLATE utf8mb4_0900_ai_ci NOT NULL COMMENT 'GLUE类型',
  `glue_source` mediumtext CHARACTER SET utf8mb4 COLLATE utf8mb4_0900_ai_ci NULL COMMENT 'GLUE源代码',
  `glue_remark` varchar(128) CHARACTER SET utf8mb4 COLLATE utf8mb4_0900_ai_ci NULL DEFAULT NULL COMMENT 'GLUE备注',
  `glue_updatetime` datetime(0) NULL DEFAULT NULL COMMENT 'GLUE更新时间',
  `child_jobid` varchar(255) CHARACTER SET utf8mb4 COLLATE utf8mb4_0900_ai_ci NULL DEFAULT NULL COMMENT '子任务ID，多个逗号分隔',
  `trigger_status` tinyint(4) NOT NULL DEFAULT 0 COMMENT '调度状态：0-停止，1-运行',
  `trigger_last_time` bigint(13) NOT NULL DEFAULT 0 COMMENT '上次调度时间',
  `trigger_next_time` bigint(13) NOT NULL DEFAULT 0 COMMENT '下次调度时间',
  PRIMARY KEY (`id`) USING BTREE
) ENGINE = InnoDB AUTO_INCREMENT = 2 CHARACTER SET = utf8mb4 COLLATE = utf8mb4_0900_ai_ci ROW_FORMAT = Dynamic;

-- ----------------------------
-- Records of xxl_job_info
-- ----------------------------
INSERT INTO `xxl_job_info` VALUES (1, 1, '测试任务1', '2018-11-03 22:21:31', '2018-11-03 22:21:31', 'XXL', '', 'CRON', '0 0 0 * * ? *', 'DO_NOTHING', 'FIRST', 'demoJobHandler', '', 'SERIAL_EXECUTION', 0, 0, 'BEAN', '', 'GLUE代码初始化', '2018-11-03 22:21:31', '', 0, 0, 0);

-- ----------------------------
-- Table structure for xxl_job_lock
-- ----------------------------
DROP TABLE IF EXISTS `xxl_job_lock`;
CREATE TABLE `xxl_job_lock`  (
  `lock_name` varchar(50) CHARACTER SET utf8mb4 COLLATE utf8mb4_0900_ai_ci NOT NULL COMMENT '锁名称',
  PRIMARY KEY (`lock_name`) USING BTREE
) ENGINE = InnoDB CHARACTER SET = utf8mb4 COLLATE = utf8mb4_0900_ai_ci ROW_FORMAT = Dynamic;

-- ----------------------------
-- Records of xxl_job_lock
-- ----------------------------
INSERT INTO `xxl_job_lock` VALUES ('schedule_lock');

-- ----------------------------
-- Table structure for xxl_job_log
-- ----------------------------
DROP TABLE IF EXISTS `xxl_job_log`;
CREATE TABLE `xxl_job_log`  (
  `id` bigint(20) NOT NULL AUTO_INCREMENT,
  `job_group` int(11) NOT NULL COMMENT '执行器主键ID',
  `job_id` int(11) NOT NULL COMMENT '任务，主键ID',
  `executor_address` varchar(255) CHARACTER SET utf8mb4 COLLATE utf8mb4_0900_ai_ci NULL DEFAULT NULL COMMENT '执行器地址，本次执行的地址',
  `executor_handler` varchar(255) CHARACTER SET utf8mb4 COLLATE utf8mb4_0900_ai_ci NULL DEFAULT NULL COMMENT '执行器任务handler',
  `executor_param` varchar(512) CHARACTER SET utf8mb4 COLLATE utf8mb4_0900_ai_ci NULL DEFAULT NULL COMMENT '执行器任务参数',
  `executor_sharding_param` varchar(20) CHARACTER SET utf8mb4 COLLATE utf8mb4_0900_ai_ci NULL DEFAULT NULL COMMENT '执行器任务分片参数，格式如 1/2',
  `executor_fail_retry_count` int(11) NOT NULL DEFAULT 0 COMMENT '失败重试次数',
  `trigger_time` datetime(0) NULL DEFAULT NULL COMMENT '调度-时间',
  `trigger_code` int(11) NOT NULL COMMENT '调度-结果',
  `trigger_msg` text CHARACTER SET utf8mb4 COLLATE utf8mb4_0900_ai_ci NULL COMMENT '调度-日志',
  `handle_time` datetime(0) NULL DEFAULT NULL COMMENT '执行-时间',
  `handle_code` int(11) NOT NULL COMMENT '执行-状态',
  `handle_msg` text CHARACTER SET utf8mb4 COLLATE utf8mb4_0900_ai_ci NULL COMMENT '执行-日志',
  `alarm_status` tinyint(4) NOT NULL DEFAULT 0 COMMENT '告警状态：0-默认、1-无需告警、2-告警成功、3-告警失败',
  PRIMARY KEY (`id`) USING BTREE,
  INDEX `I_trigger_time`(`trigger_time`) USING BTREE,
  INDEX `I_handle_code`(`handle_code`) USING BTREE
) ENGINE = InnoDB AUTO_INCREMENT = 1 CHARACTER SET = utf8mb4 COLLATE = utf8mb4_0900_ai_ci ROW_FORMAT = Dynamic;

-- ----------------------------
-- Table structure for xxl_job_log_report
-- ----------------------------
DROP TABLE IF EXISTS `xxl_job_log_report`;
CREATE TABLE `xxl_job_log_report`  (
  `id` int(11) NOT NULL AUTO_INCREMENT,
  `trigger_day` datetime(0) NULL DEFAULT NULL COMMENT '调度-时间',
  `running_count` int(11) NOT NULL DEFAULT 0 COMMENT '运行中-日志数量',
  `suc_count` int(11) NOT NULL DEFAULT 0 COMMENT '执行成功-日志数量',
  `fail_count` int(11) NOT NULL DEFAULT 0 COMMENT '执行失败-日志数量',
  `update_time` datetime(0) NULL DEFAULT NULL,
  PRIMARY KEY (`id`) USING BTREE,
  UNIQUE INDEX `i_trigger_day`(`trigger_day`) USING BTREE
) ENGINE = InnoDB AUTO_INCREMENT = 1 CHARACTER SET = utf8mb4 COLLATE = utf8mb4_0900_ai_ci ROW_FORMAT = Dynamic;

-- ----------------------------
-- Table structure for xxl_job_logglue
-- ----------------------------
DROP TABLE IF EXISTS `xxl_job_logglue`;
CREATE TABLE `xxl_job_logglue`  (
  `id` int(11) NOT NULL AUTO_INCREMENT,
  `job_id` int(11) NOT NULL COMMENT '任务，主键ID',
  `glue_type` varchar(50) CHARACTER SET utf8mb4 COLLATE utf8mb4_0900_ai_ci NULL DEFAULT NULL COMMENT 'GLUE类型',
  `glue_source` mediumtext CHARACTER SET utf8mb4 COLLATE utf8mb4_0900_ai_ci NULL COMMENT 'GLUE源代码',
  `glue_remark` varchar(128) CHARACTER SET utf8mb4 COLLATE utf8mb4_0900_ai_ci NOT NULL COMMENT 'GLUE备注',
  `add_time` datetime(0) NULL DEFAULT NULL,
  `update_time` datetime(0) NULL DEFAULT NULL,
  PRIMARY KEY (`id`) USING BTREE
) ENGINE = InnoDB AUTO_INCREMENT = 1 CHARACTER SET = utf8mb4 COLLATE = utf8mb4_0900_ai_ci ROW_FORMAT = Dynamic;

-- ----------------------------
-- Table structure for xxl_job_registry
-- ----------------------------
DROP TABLE IF EXISTS `xxl_job_registry`;
CREATE TABLE `xxl_job_registry`  (
  `id` int(11) NOT NULL AUTO_INCREMENT,
  `registry_group` varchar(50) CHARACTER SET utf8mb4 COLLATE utf8mb4_0900_ai_ci NOT NULL,
  `registry_key` varchar(255) CHARACTER SET utf8mb4 COLLATE utf8mb4_0900_ai_ci NOT NULL,
  `registry_value` varchar(255) CHARACTER SET utf8mb4 COLLATE utf8mb4_0900_ai_ci NOT NULL,
  `update_time` datetime(0) NULL DEFAULT NULL,
  PRIMARY KEY (`id`) USING BTREE,
  INDEX `i_g_k_v`(`registry_group`, `registry_key`, `registry_value`) USING BTREE
) ENGINE = InnoDB AUTO_INCREMENT = 1 CHARACTER SET = utf8mb4 COLLATE = utf8mb4_0900_ai_ci ROW_FORMAT = Dynamic;

-- ----------------------------
-- Table structure for xxl_job_user
-- ----------------------------
DROP TABLE IF EXISTS `xxl_job_user`;
CREATE TABLE `xxl_job_user`  (
  `id` int(11) NOT NULL AUTO_INCREMENT,
  `username` varchar(50) CHARACTER SET utf8mb4 COLLATE utf8mb4_0900_ai_ci NOT NULL COMMENT '账号',
  `password` varchar(50) CHARACTER SET utf8mb4 COLLATE utf8mb4_0900_ai_ci NOT NULL COMMENT '密码',
  `role` tinyint(4) NOT NULL COMMENT '角色：0-普通用户、1-管理员',
  `permission` varchar(255) CHARACTER SET utf8mb4 COLLATE utf8mb4_0900_ai_ci NULL DEFAULT NULL COMMENT '权限：执行器ID列表，多个逗号分割',
  PRIMARY KEY (`id`) USING BTREE,
  UNIQUE INDEX `i_username`(`username`) USING BTREE
) ENGINE = InnoDB AUTO_INCREMENT = 2 CHARACTER SET = utf8mb4 COLLATE = utf8mb4_0900_ai_ci ROW_FORMAT = Dynamic;

-- ----------------------------
-- Records of xxl_job_user
-- ----------------------------
INSERT INTO `xxl_job_user` VALUES (1, 'admin', 'e10adc3949ba59abbe56e057f20f883e', 1, NULL);

SET FOREIGN_KEY_CHECKS = 1;
